{
"type": "FeatureCollection",
"name": "askewetal-geology",
"crs": { "type": "name", "properties": { "name": "urn:ogc:def:crs:OGC:1.3:CRS84" } },
"features": [
{ "type": "Feature", "properties": { "fid": 1, "rock_type_unit": "Granite", "name_unit": "Slaufrudalur Pluton", "volcanic_system": "Slaufrudalur", "formation_geology_type": "Intrusion", "feature_type": "Pluton", "geological_age": "Neogene", "geological_group": "Hornafjörður Intrusive Suite", "geological_formation": "Slaufrudalur Pluton", "notes": "Layered granitic intrusion - granite to granophyre layers.", "citation": "Burchardt 2010; Gupta 2023", "date_reference": null, "date_input": "2026-07-22", "username": "Robert Alexander Askew - NATT", "unit_code": "SG", "scale_precision": "10", "rock_type": "Granite" }, "geometry": { "type": "MultiPolygon", "coordinates": [ [ [ [ -15.016588477040591, 64.326976779618676 ], [ -15.017650852825245, 64.325492489619123 ], [ -15.01915582628803, 64.323452233855562 ], [ -15.02015572629386, 64.323064750248577 ], [ -15.021997477252487, 64.322090001651418 ], [ -15.022685744254614, 64.32154762531168 ], [ -15.024005126003329, 64.320700317132903 ], [ -15.024548960275453, 64.320198667982467 ], [ -15.026507157255633, 64.319157732327085 ], [ -15.028045246730606, 64.318462453905497 ], [ -15.029006260918166, 64.317952326475591 ], [ -15.030249864907457, 64.317433128773843 ], [ -15.031774277325763, 64.317318781371213 ], [ -15.033454636423699, 64.316748977093539 ], [ -15.034456348900187, 64.316200884631499 ], [ -15.035861880531053, 64.314394154643935 ], [ -15.037959501298658, 64.314213711033801 ], [ -15.038953025457415, 64.313357675314833 ], [ -15.040668820572833, 64.313394740126881 ], [ -15.045240027729593, 64.313344660419546 ], [ -15.049383387751829, 64.31341189523998 ], [ -15.051860987673507, 64.313577029444502 ], [ -15.053133310317397, 64.313583451379927 ], [ -15.054769142835191, 64.313532388518396 ], [ -15.059251469837365, 64.313465403763402 ], [ -15.059650119323745, 64.313448996637078 ], [ -15.060804411298072, 64.313408060085848 ], [ -15.059938845020461, 64.313167319639987 ], [ -15.05965860735413, 64.313041832556905 ], [ -15.059610494143541, 64.312894892225032 ], [ -15.059512304411948, 64.312725790102959 ], [ -15.059344115220421, 64.312359538685683 ], [ -15.059548228622058, 64.311549777805041 ], [ -15.059743857554954, 64.311624153847205 ], [ -15.05994730802375, 64.311701502850909 ], [ -15.060061780358176, 64.311745023305463 ], [ -15.060274882617632, 64.311836967758879 ], [ -15.060402313727939, 64.311928831432738 ], [ -15.060542509098031, 64.312015360749754 ], [ -15.060857445095124, 64.312209738425139 ], [ -15.060923483757948, 64.31225049688156 ], [ -15.060974773732884, 64.312285716789887 ], [ -15.061312645901726, 64.312517724863923 ], [ -15.061368514147643, 64.312556087690737 ], [ -15.061413559960535, 64.312583290762873 ], [ -15.06152801150162, 64.312751918497668 ], [ -15.06159630441104, 64.312849699023474 ], [ -15.061690501517115, 64.312948180803929 ], [ -15.061783361255547, 64.313086127532088 ], [ -15.061820643760415, 64.313248903779794 ], [ -15.061763066810878, 64.313363027254809 ], [ -15.06131515145978, 64.313645312509834 ], [ -15.061030181341939, 64.314009351684703 ], [ -15.060900846107124, 64.314179494551482 ], [ -15.060118975403528, 64.315208012578609 ], [ -15.059852339450883, 64.315421232416298 ], [ -15.059760921318015, 64.315687095334923 ], [ -15.059617078318917, 64.316105410152701 ], [ -15.059564735573241, 64.316381130977973 ], [ -15.05949103479257, 64.316769348081394 ], [ -15.05995882768068, 64.317003118031067 ], [ -15.06041390329257, 64.317222388589215 ], [ -15.06086887514447, 64.31739135118184 ], [ -15.06145572734823, 64.317609284943259 ], [ -15.061778921197064, 64.317767510750954 ], [ -15.062329427948463, 64.318023111516766 ], [ -15.063285418896257, 64.318334476306717 ], [ -15.064229059320878, 64.318683835712022 ], [ -15.064858794907902, 64.319043733589183 ], [ -15.065877395661266, 64.31976913050994 ], [ -15.066030438781823, 64.32030784029088 ], [ -15.065561008492555, 64.321222481909501 ], [ -15.065136526410544, 64.32195021081418 ], [ -15.064727847181651, 64.322650809805239 ], [ -15.064531595234042, 64.322878000923055 ], [ -15.064485816388819, 64.322960254461364 ], [ -15.064396571386332, 64.323029872868503 ], [ -15.064221829176468, 64.323143017478856 ], [ -15.063983897289445, 64.323275735030379 ], [ -15.063157941526779, 64.323796429948999 ], [ -15.062545658949569, 64.324146211738977 ], [ -15.060302164280019, 64.32563192404055 ], [ -15.060036101803336, 64.325781228524804 ], [ -15.0577607850701, 64.326648788083631 ], [ -15.057360713160458, 64.326815890620878 ], [ -15.055365621797803, 64.328088967251347 ], [ -15.053905271912834, 64.329524803104718 ], [ -15.052401836186844, 64.331100329713166 ], [ -15.051843149129414, 64.332762020576368 ], [ -15.051769030981392, 64.33290916784506 ], [ -15.050868608750749, 64.334291929079399 ], [ -15.050842717849209, 64.335565533289895 ], [ -15.050768641511889, 64.335747127013192 ], [ -15.050595510079416, 64.336171538905731 ], [ -15.05020105975836, 64.336491110088801 ], [ -15.049878835678106, 64.336752159558657 ], [ -15.049561207999052, 64.336904148209015 ], [ -15.049236890962151, 64.33696756786857 ], [ -15.048879396951373, 64.337007218695689 ], [ -15.048727794720374, 64.337057842098147 ], [ -15.048579538690406, 64.337086718137215 ], [ -15.04836651675015, 64.337023393615894 ], [ -15.048240897253523, 64.336909132995984 ], [ -15.048033186263096, 64.336825483888404 ], [ -15.04784478120559, 64.336730245793163 ], [ -15.047718679739218, 64.336617127092154 ], [ -15.047533691558101, 64.336378996118327 ], [ -15.047430450996472, 64.336189212357084 ], [ -15.047296320820042, 64.336097837647813 ], [ -15.047107400444258, 64.336027905520496 ], [ -15.046935467685342, 64.336011669718545 ], [ -15.046843349484408, 64.335827448695568 ], [ -15.046833693748916, 64.335605440590555 ], [ -15.046551513651311, 64.335374326699451 ], [ -15.046330222621794, 64.335196723040312 ], [ -15.046163823084568, 64.334915416984899 ], [ -15.045796250254838, 64.334597994477591 ], [ -15.04496233492614, 64.334358234890118 ], [ -15.044675539634937, 64.334214214653571 ], [ -15.044466757392273, 64.334220521982701 ], [ -15.043953650892755, 64.334523803327926 ], [ -15.0436256905327, 64.335167670078718 ], [ -15.043697265611353, 64.335733011482603 ], [ -15.043658862950146, 64.336405890947191 ], [ -15.044027069707038, 64.33720275359606 ], [ -15.044273534556144, 64.337462063173405 ], [ -15.044746494927949, 64.337959657411631 ], [ -15.044957528635777, 64.338262848408831 ], [ -15.044709537417136, 64.338499561565371 ], [ -15.044024049579155, 64.338728210336384 ], [ -15.043490619101258, 64.3387855236993 ], [ -15.042804272681442, 64.338648107080715 ], [ -15.041649325064345, 64.338318506454996 ], [ -15.040624009474932, 64.338056924972108 ], [ -15.040133156933148, 64.337931692932003 ], [ -15.039470217099943, 64.337861863035116 ], [ -15.039302491467071, 64.337937942745612 ], [ -15.039340074790932, 64.33799392919687 ], [ -15.03946924139723, 64.338051995921845 ], [ -15.039532294270645, 64.338118585549722 ], [ -15.039556018929446, 64.338143640878826 ], [ -15.039557936916809, 64.338216187218194 ], [ -15.039547521659703, 64.338264407685486 ], [ -15.039545813468644, 64.338272316237493 ], [ -15.03953912984538, 64.33830325991147 ], [ -15.039561295958071, 64.338426754907161 ], [ -15.039759012631224, 64.338481401842216 ], [ -15.039802938043996, 64.338528961414525 ], [ -15.039805740262715, 64.338534872094172 ], [ -15.039829393397889, 64.338584763208559 ], [ -15.039893591224605, 64.338674841082906 ], [ -15.039982402087658, 64.338720368441827 ], [ -15.039980040698893, 64.338753963137378 ], [ -15.039988166208278, 64.338758459978422 ], [ -15.040072864115002, 64.338805333605023 ], [ -15.040104345500799, 64.338822756021656 ], [ -15.040256342225693, 64.338862153524047 ], [ -15.040307805827348, 64.338995134115962 ], [ -15.040318928981677, 64.339023875882461 ], [ -15.040379205654229, 64.339075783823503 ], [ -15.040443667459703, 64.33913129559501 ], [ -15.040463902966358, 64.33914872150261 ], [ -15.040443747907187, 64.339186118130584 ], [ -15.040402189899764, 64.339263226447898 ], [ -15.040365342051436, 64.33929960048772 ], [ -15.040317998683465, 64.339346334935584 ], [ -15.040239997568966, 64.339423332437207 ], [ -15.040444257226557, 64.339533198278232 ], [ -15.040468635055564, 64.339546310386893 ], [ -15.040661235428477, 64.339616774395054 ], [ -15.040709921102691, 64.339634586245381 ], [ -15.040593597855807, 64.339705443802131 ], [ -15.040522649039829, 64.339748661591983 ], [ -15.040444651462824, 64.33980184732664 ], [ -15.04037767176821, 64.339847519884913 ], [ -15.040360866716009, 64.339858978996745 ], [ -15.040387619528548, 64.339887384274917 ], [ -15.040444866186771, 64.339948166726671 ], [ -15.040607489058486, 64.340120832280945 ], [ -15.040729704514836, 64.340157823872772 ], [ -15.04090022771698, 64.340209436686337 ], [ -15.041077516516062, 64.340263096849455 ], [ -15.041171756110499, 64.340291620261297 ], [ -15.041355393885466, 64.340334760743474 ], [ -15.041434632709999, 64.340353375543046 ], [ -15.041450078415387, 64.340428156198271 ], [ -15.041463301158547, 64.340492174018053 ], [ -15.041463376154319, 64.340492537108702 ], [ -15.041463733938846, 64.34049243099831 ], [ -15.041634090646513, 64.340441907060494 ], [ -15.041679353108218, 64.340428091196202 ], [ -15.041766024405469, 64.340401635666524 ], [ -15.041810454947743, 64.340388073656968 ], [ -15.041854081241798, 64.340374757110624 ], [ -15.042149130413163, 64.340358827540442 ], [ -15.042265381534149, 64.340352551027294 ], [ -15.042381071944277, 64.340346304693142 ], [ -15.042509412115058, 64.340328724666406 ], [ -15.042545344908859, 64.340323802570794 ], [ -15.042720280305288, 64.340299839664951 ], [ -15.042911873319518, 64.340273594686906 ], [ -15.042916954060171, 64.340274167336133 ], [ -15.043175265307418, 64.340303281279759 ], [ -15.043185351764706, 64.340304418101496 ], [ -15.043207050715051, 64.340389218378192 ], [ -15.043211542285635, 64.340427647597934 ], [ -15.043214234374851, 64.340450680667189 ], [ -15.043215358082993, 64.340460294916397 ], [ -15.043175521352971, 64.340466719896355 ], [ -15.042977806418904, 64.340498607712888 ], [ -15.042907922997744, 64.340539089014996 ], [ -15.042832714148926, 64.340582655002137 ], [ -15.042946813670609, 64.340698259607905 ], [ -15.042979098538733, 64.340730970152435 ], [ -15.043176222062897, 64.34091398494202 ], [ -15.0432131318326, 64.340948252666252 ], [ -15.043209915643843, 64.340968716511711 ], [ -15.043207045756271, 64.340986976899245 ], [ -15.043193229191456, 64.341074887957319 ], [ -15.043176477630087, 64.341077110134023 ], [ -15.043049028599345, 64.341094016798138 ], [ -15.042999558838902, 64.341134065483459 ], [ -15.042869505549675, 64.341239350646603 ], [ -15.04285904392229, 64.34124781985912 ], [ -15.042824102739644, 64.341239363915619 ], [ -15.042721698295756, 64.341214581442657 ], [ -15.0427135603846, 64.341212612015681 ], [ -15.042676553980643, 64.341212566546645 ], [ -15.042568420626342, 64.341212433632151 ], [ -15.042396446210546, 64.341212222080799 ], [ -15.042266683502209, 64.341201487059607 ], [ -15.042192316075472, 64.341195334728809 ], [ -15.042147376754913, 64.341191616931454 ], [ -15.042102500991009, 64.341239572916322 ], [ -15.042093346076816, 64.341249356191113 ], [ -15.042211397155642, 64.341420867869232 ], [ -15.042267098824169, 64.341472281544526 ], [ -15.042308015156825, 64.34151004794407 ], [ -15.042381729867309, 64.341578087456355 ], [ -15.042553387081785, 64.341736527560144 ], [ -15.042676229270805, 64.341780475405756 ], [ -15.042722601290201, 64.341797065329743 ], [ -15.042792896203862, 64.341822213775316 ], [ -15.04304585558156, 64.341912710917555 ], [ -15.043059436212021, 64.341917569408466 ], [ -15.043177746093708, 64.341886721929313 ], [ -15.043229509540447, 64.34187322535621 ], [ -15.043299849388292, 64.341949607264709 ], [ -15.043359581675212, 64.342050809073612 ], [ -15.043411860646037, 64.342139382422772 ], [ -15.043422524083239, 64.342196039038157 ], [ -15.043446103133657, 64.342321317622464 ], [ -15.043462229430217, 64.342406998089032 ], [ -15.043460013285362, 64.342418587931832 ], [ -15.043447994641346, 64.342481442043237 ], [ -15.043426881430936, 64.342591857469372 ], [ -15.043401581450134, 64.342724167212623 ], [ -15.043375147292751, 64.342862406925676 ], [ -15.043355167442046, 64.342966892359257 ], [ -15.043323412139673, 64.343132956353799 ], [ -15.043308752617072, 64.343209617483154 ], [ -15.043282277057116, 64.343348068815047 ], [ -15.043350053241635, 64.343490976923675 ], [ -15.043274393588598, 64.344902101139226 ], [ -15.0431877911976, 64.345678666410606 ], [ -15.043142708213495, 64.346523124218692 ], [ -15.042958550471344, 64.347441695631886 ], [ -15.042939029027401, 64.34828684817235 ], [ -15.042926546522523, 64.349408154918208 ], [ -15.042887480371549, 64.349798352169032 ], [ -15.042668770251547, 64.350058102999796 ], [ -15.042358958037291, 64.350390088479131 ], [ -15.042318090300048, 64.350672646913281 ], [ -15.042343975931091, 64.350780543793178 ], [ -15.042320411481416, 64.350913458255718 ], [ -15.042397370952115, 64.351026531167321 ], [ -15.042657280088777, 64.351090023679063 ], [ -15.042808441160792, 64.351264652396452 ], [ -15.042601234045748, 64.351438696807719 ], [ -15.042541692587628, 64.351519738297625 ], [ -15.042534580387791, 64.351529418632865 ], [ -15.042358428343155, 64.351564870149446 ], [ -15.042282607923219, 64.351580129310648 ], [ -15.042018352777312, 64.35163331127147 ], [ -15.041827581060163, 64.351671704098067 ], [ -15.041678275521331, 64.351701751604338 ], [ -15.041544265424319, 64.351728720741491 ], [ -15.041372490146525, 64.351722647471064 ], [ -15.041250849964614, 64.351718346648994 ], [ -15.041095019778098, 64.351712836824305 ], [ -15.040917293837952, 64.351703770860126 ], [ -15.040757147496038, 64.351695601457862 ], [ -15.040644303256222, 64.351689844927506 ], [ -15.040461969264463, 64.351597148197001 ], [ -15.040310945144345, 64.351520368438941 ], [ -15.040117941515359, 64.351422245699382 ], [ -15.040006507740927, 64.351393802184177 ], [ -15.03963249530595, 64.351298334312162 ], [ -15.039551178033477, 64.351277577603895 ], [ -15.039443415705081, 64.351250070523065 ], [ -15.039095852168037, 64.3511613516078 ], [ -15.038961770873259, 64.351127125702348 ], [ -15.038069674142509, 64.350979899752673 ], [ -15.037274746490443, 64.35081420726921 ], [ -15.036652112372419, 64.350643366456495 ], [ -15.035453341943928, 64.350199159332334 ], [ -15.033650063057854, 64.349914175978654 ], [ -15.032946484854724, 64.349807826691432 ], [ -15.032501314056026, 64.349628570362412 ], [ -15.032177955275388, 64.349441311411113 ], [ -15.031541094573303, 64.349063625708425 ], [ -15.030817436670885, 64.348940094756983 ], [ -15.030111786395752, 64.348906266150294 ], [ -15.029516585671633, 64.348789522044271 ], [ -15.028510056422412, 64.348383743990283 ], [ -15.025959121380113, 64.34774109497053 ], [ -15.024740686343408, 64.347557622337959 ], [ -15.023789399026393, 64.347523309628428 ], [ -15.023161215790546, 64.347606307500783 ], [ -15.022817826441322, 64.347761063646104 ], [ -15.022537605547683, 64.34787859740733 ], [ -15.022156052130795, 64.348032973621301 ], [ -15.022086362429182, 64.348007305542012 ], [ -15.022133666029168, 64.347736764494826 ], [ -15.02210377546584, 64.347463372763585 ], [ -15.021548185032101, 64.347311883975053 ], [ -15.021310613001623, 64.347321083003749 ], [ -15.021110201979717, 64.347328776151514 ], [ -15.020885921556951, 64.347365306352856 ], [ -15.020480784733399, 64.347344178557933 ], [ -15.020431491328722, 64.347327633406636 ], [ -15.020296574387661, 64.34722980840148 ], [ -15.019886090973541, 64.347132219870289 ], [ -15.019521088116161, 64.347028413804537 ], [ -15.018967128978929, 64.346814405668226 ], [ -15.01879107611437, 64.346700628460383 ], [ -15.018284579661914, 64.346453414806703 ], [ -15.018215708129594, 64.346354665658893 ], [ -15.018206683621449, 64.346265982442617 ], [ -15.017859870322342, 64.345987555529149 ], [ -15.017481118766215, 64.345826277033879 ], [ -15.017377800673749, 64.345843667580766 ], [ -15.017151010515651, 64.345843694283531 ], [ -15.016864180925273, 64.34592723402082 ], [ -15.016650999764105, 64.346031690172651 ], [ -15.016276149419246, 64.346079407234868 ], [ -15.016136250305168, 64.346208939379636 ], [ -15.015930553897608, 64.346186296549106 ], [ -15.015820236711155, 64.346195035754718 ], [ -15.015424823187166, 64.346226359245833 ], [ -15.014956037337504, 64.346144260094064 ], [ -15.014985196054294, 64.346082993064556 ], [ -15.014664755992367, 64.3459691941963 ], [ -15.014179574178469, 64.345823290285878 ], [ -15.01360435409892, 64.345903378485687 ], [ -15.012992906759589, 64.346021659602144 ], [ -15.012496251273337, 64.346159830468153 ], [ -15.012366516246873, 64.346253976560661 ], [ -15.012171609526316, 64.346431159984135 ], [ -15.012169022146546, 64.346461630423107 ], [ -15.012049887541503, 64.346473477354408 ], [ -15.012146323744076, 64.346625509590027 ], [ -15.011669492236763, 64.346658108257245 ], [ -15.011482231303418, 64.346741019228858 ], [ -15.0113291788622, 64.346782415693951 ], [ -15.011278158981233, 64.346848218667105 ], [ -15.011104061687533, 64.346743028854036 ], [ -15.011072322154323, 64.346655881197535 ], [ -15.010952516393811, 64.34658500775349 ], [ -15.01081955006738, 64.346628961061853 ], [ -15.010916992855359, 64.346755267667689 ], [ -15.01102053756364, 64.346946395682394 ], [ -15.011329436766932, 64.346980734611293 ], [ -15.011559377554892, 64.347005970743979 ], [ -15.011547228794409, 64.347130120994578 ], [ -15.011600394592513, 64.347345400835351 ], [ -15.011544995239015, 64.347231539777553 ], [ -15.011459670606749, 64.347156452736314 ], [ -15.011050973403467, 64.347172275525324 ], [ -15.010906637810418, 64.34722988294493 ], [ -15.01077565052111, 64.347198765482986 ], [ -15.010798779458764, 64.34712354422588 ], [ -15.010619420158561, 64.347029671996353 ], [ -15.010725729272442, 64.346872267104075 ], [ -15.0105166111285, 64.346720309559714 ], [ -15.010203740968102, 64.346655944212245 ], [ -15.009772826217654, 64.346637394723729 ], [ -15.009241894573279, 64.346497274207536 ], [ -15.008867848087521, 64.346358959781142 ], [ -15.008621549263127, 64.346345391394834 ], [ -15.008358933578748, 64.346385527028218 ], [ -15.008136698802096, 64.346433288450669 ], [ -15.007934914677744, 64.346239793270627 ], [ -15.007710808423862, 64.346023155175416 ], [ -15.00777046275604, 64.345893268051483 ], [ -15.007767251432909, 64.345800701905361 ], [ -15.007033068970481, 64.345780081450528 ], [ -15.006946132981465, 64.345602008499313 ], [ -15.006634666251443, 64.345503444842009 ], [ -15.006407245913945, 64.345483273133354 ], [ -15.00635523680333, 64.345376293332734 ], [ -15.006500962860134, 64.345215160981041 ], [ -15.006451810588814, 64.345032953425857 ], [ -15.006127042317132, 64.344732767514216 ], [ -15.005699549302262, 64.344609897333484 ], [ -15.005412775154001, 64.344468920825449 ], [ -15.005076506454381, 64.344295117050464 ], [ -15.004844444653754, 64.344175622074971 ], [ -15.003925125758334, 64.344083199401808 ], [ -15.003950726368295, 64.343440675228123 ], [ -15.003659167304018, 64.342868777325819 ], [ -15.003627684872608, 64.342367247714918 ], [ -15.003764720685959, 64.341994406168013 ], [ -15.004055779453935, 64.341577890068038 ], [ -15.004393674126481, 64.341280980325209 ], [ -15.005217756522736, 64.341036977704761 ], [ -15.006321991869466, 64.340633237827035 ], [ -15.006873493044024, 64.340355178750286 ], [ -15.006897806016116, 64.340105406558834 ], [ -15.006679100597397, 64.340042583956063 ], [ -15.006458363943239, 64.339846248134876 ], [ -15.006379520912674, 64.339723591928248 ], [ -15.006923266256297, 64.339256973556601 ], [ -15.007261913126959, 64.339085456840877 ], [ -15.007799635443039, 64.338877903023928 ], [ -15.008668992448813, 64.33854412129827 ], [ -15.009008856805641, 64.338325318195018 ], [ -15.008981972400361, 64.338157664612041 ], [ -15.009216499601948, 64.337869207098564 ], [ -15.009117117520759, 64.337582724741779 ], [ -15.009237457594246, 64.337298309891864 ], [ -15.009786888161239, 64.336813504877327 ], [ -15.010415204159028, 64.336259069689987 ], [ -15.011324716364323, 64.335496067299019 ], [ -15.012217345160609, 64.334752286664738 ], [ -15.012490920516957, 64.333011678328262 ], [ -15.013646032383235, 64.330893434940492 ], [ -15.01482794954242, 64.329485759890332 ], [ -15.016129254244278, 64.328193819660768 ], [ -15.016588477040591, 64.326976779618676 ] ] ] ] } },
{ "type": "Feature", "properties": { "fid": 4, "rock_type_unit": "Felsite intrusion", "name_unit": "Slaufling Sill", "volcanic_system": "Slaufrudalur", "formation_geology_type": "Intrusion", "feature_type": "Sills", "geological_age": null, "geological_group": "Hornafjörður Intrusive Suite", "geological_formation": "Hvammsheiði Intrusive Complex", "notes": "Slaufling sill", "citation": "Askew et al. 2026", "date_reference": null, "date_input": "2026-07-22", "username": "Robert Alexander Askew - NATT", "unit_code": null, "scale_precision": "2", "rock_type": "Felsite" }, "geometry": { "type": "MultiPolygon", "coordinates": [ [ [ [ -14.980616407095214, 64.386929076234821 ], [ -14.980256792491657, 64.386870117163681 ], [ -14.979914614646932, 64.38688521079915 ], [ -14.979702732707411, 64.386977468161732 ], [ -14.979370799313946, 64.387115464741896 ], [ -14.978993213833618, 64.387178629022955 ], [ -14.978885742689583, 64.387138879655225 ], [ -14.978540507575657, 64.38698221523309 ], [ -14.978308137538335, 64.386828661971578 ], [ -14.977955719449772, 64.386720846702005 ], [ -14.977620733013206, 64.386687084447573 ], [ -14.977120052827921, 64.386624227006919 ], [ -14.976765843983932, 64.386528621485766 ], [ -14.976445247060344, 64.386397155622461 ], [ -14.976147472871617, 64.386303105277406 ], [ -14.975542937689124, 64.386176065761603 ], [ -14.974682679758107, 64.386054228406365 ], [ -14.973949106359086, 64.386033980797606 ], [ -14.973469462800587, 64.386020739984318 ], [ -14.97301803399311, 64.386008276603448 ], [ -14.972390120101656, 64.386039987416183 ], [ -14.97186304977363, 64.385964120267658 ], [ -14.971681753068239, 64.385848752578951 ], [ -14.971280147653806, 64.385690512468841 ], [ -14.970724873318286, 64.385613861870723 ], [ -14.970299865368991, 64.385614382073001 ], [ -14.969752996545587, 64.385672845182512 ], [ -14.969318980972172, 64.385734425166035 ], [ -14.968854947942079, 64.385807436570062 ], [ -14.968535585978792, 64.385859920901297 ], [ -14.968032523087473, 64.386005424890655 ], [ -14.967794195718456, 64.386084672495187 ], [ -14.96729292703173, 64.386217961435236 ], [ -14.966857094799597, 64.386291746601401 ], [ -14.966423062893002, 64.386353317980763 ], [ -14.966022652114475, 64.386379030985879 ], [ -14.965684078583417, 64.38636966631762 ], [ -14.965469181634136, 64.386290147921599 ], [ -14.965448179695997, 64.386240517558178 ], [ -14.965445208842915, 64.386068762450023 ], [ -14.965624142811979, 64.385816202721841 ], [ -14.96964499752765, 64.383523958463996 ], [ -14.969851483774475, 64.383468353290283 ], [ -14.970531560438516, 64.383082489880636 ], [ -14.971231421098874, 64.382562285333123 ], [ -14.972358007337272, 64.382029339938271 ], [ -14.97292760946042, 64.382008283801298 ], [ -14.973541036542434, 64.382074271258389 ], [ -14.973926984927301, 64.38214623825921 ], [ -14.974260112321872, 64.382192221558839 ], [ -14.974732494388123, 64.382254310119293 ], [ -14.975250508867541, 64.382391229863629 ], [ -14.975994214805725, 64.382534375384296 ], [ -14.977095682778668, 64.382748697457544 ], [ -14.977474459979057, 64.382869505548413 ], [ -14.977708589140818, 64.383010847483135 ], [ -14.978111445164906, 64.383353037346126 ], [ -14.978556900005024, 64.383598302969091 ], [ -14.978603797676591, 64.383857102089976 ], [ -14.978750967050866, 64.384204501282653 ], [ -14.979515766537924, 64.384397257326114 ], [ -14.979914339107319, 64.384383719983006 ], [ -14.980510400964819, 64.384375624587676 ], [ -14.981149043076126, 64.384270602866039 ], [ -14.981725867909509, 64.384200661741161 ], [ -14.982604052124783, 64.384200330754254 ], [ -14.983051865242047, 64.384237189884146 ], [ -14.983379648505768, 64.384319790454256 ], [ -14.983573043305482, 64.384545834847074 ], [ -14.983614605338186, 64.384841270460342 ], [ -14.983580501889229, 64.385073311707174 ], [ -14.983413797172924, 64.385436584669634 ], [ -14.983268121911882, 64.385849485249125 ], [ -14.983552845087477, 64.386225190082243 ], [ -14.983838079576767, 64.386404714235297 ], [ -14.984228999636654, 64.38663619605137 ], [ -14.984136673376799, 64.386878896464424 ], [ -14.983767573020195, 64.387077189699596 ], [ -14.983063467372521, 64.387241732232212 ], [ -14.982574820617989, 64.387289584781314 ], [ -14.981751173073182, 64.387303682913966 ], [ -14.981171213199678, 64.387201869356872 ], [ -14.980988072826698, 64.387098725883575 ], [ -14.980616407095214, 64.386929076234821 ] ] ] ] } },
{ "type": "Feature", "properties": { "fid": 5, "rock_type_unit": "Felsite intrusion", "name_unit": "Slaufey Sill", "volcanic_system": "Slaufrudalur", "formation_geology_type": "Intrusion", "feature_type": "Sills", "geological_age": null, "geological_group": "Hornafjörður Intrusive Suite", "geological_formation": "Hvammsheiði Intrusive Complex", "notes": "Slaufey sill - vesicular, fine-grained, aphanitic. Felsite, likley rhyolite, my be crypto-intrusive.", "citation": "Askew et al. 2026", "date_reference": null, "date_input": "2026-07-22", "username": "Robert Alexander Askew - NATT", "unit_code": null, "scale_precision": "2", "rock_type": "Felsite" }, "geometry": { "type": "MultiPolygon", "coordinates": [ [ [ [ -14.977485565995044, 64.397805178044521 ], [ -14.977053174006173, 64.397854568417472 ], [ -14.976396209122038, 64.3980816984553 ], [ -14.976076158934237, 64.398330379517091 ], [ -14.975793326745784, 64.398518775309867 ], [ -14.975402979278961, 64.398667418605157 ], [ -14.975066050050247, 64.398645863076922 ], [ -14.974699663477974, 64.398439560481847 ], [ -14.974326654646974, 64.3980859271296 ], [ -14.974062961077736, 64.397759833259883 ], [ -14.97376564732048, 64.397469597812133 ], [ -14.973600468089174, 64.397244319192893 ], [ -14.973107386166683, 64.396936417450647 ], [ -14.972483993087266, 64.396551343161917 ], [ -14.972058190725647, 64.396171720688614 ], [ -14.971709869461426, 64.395843285003934 ], [ -14.971472651733761, 64.395530178305208 ], [ -14.971482249113782, 64.395272935367728 ], [ -14.973018074855602, 64.392544062334963 ], [ -14.973030037877557, 64.392078426615583 ], [ -14.973079220813727, 64.391552507045276 ], [ -14.973222700559539, 64.391348009231749 ], [ -14.973593991488661, 64.391318920989121 ], [ -14.97389817656002, 64.391378915416908 ], [ -14.97422904431509, 64.391633291531576 ], [ -14.974554519993276, 64.391924304669871 ], [ -14.974979058766403, 64.392119952236513 ], [ -14.975763279336679, 64.392374569606829 ], [ -14.976575735721962, 64.392629961090705 ], [ -14.977084964203993, 64.392827937472589 ], [ -14.977773771204355, 64.393153485099447 ], [ -14.978357440212642, 64.393230886900341 ], [ -14.979007082338901, 64.393052598676746 ], [ -14.97938528440646, 64.392793254166989 ], [ -14.980188064787908, 64.392729541114434 ], [ -14.980790969670439, 64.392868774108919 ], [ -14.98143954572282, 64.393082835431898 ], [ -14.981953689296159, 64.393440337005956 ], [ -14.981956247479328, 64.393808272024174 ], [ -14.981678372527776, 64.394156221317246 ], [ -14.981358416287597, 64.394404913904168 ], [ -14.980782646589375, 64.394658821138393 ], [ -14.979999048620185, 64.394784378414784 ], [ -14.979483835598876, 64.394819230322028 ], [ -14.97879694229823, 64.395057806015899 ], [ -14.978286740556516, 64.395828523909984 ], [ -14.978214275149746, 64.396513209625766 ], [ -14.978168778298096, 64.397014705768441 ], [ -14.977814041957039, 64.397691610946936 ], [ -14.977485565995044, 64.397805178044521 ] ] ] ] } },
{ "type": "Feature", "properties": { "fid": 6, "rock_type_unit": "Felsite sheet", "name_unit": "Birnugil Felsite Sheet", "volcanic_system": "Slaufrudalur", "formation_geology_type": "Intrusion", "feature_type": "Sheet", "geological_age": null, "geological_group": "Hornafjörður Intrusive Suite", "geological_formation": "Hvammsheiði Intrusive Complex", "notes": "Birnugil intrusion", "citation": "Askew et al. 2026", "date_reference": null, "date_input": "2026-07-22", "username": "Robert Alexander Askew - NATT", "unit_code": null, "scale_precision": "10", "rock_type": "Felsite" }, "geometry": { "type": "MultiPolygon", "coordinates": [ [ [ [ -14.964516740746554, 64.387943742332808 ], [ -14.964748520100326, 64.387717169867202 ], [ -14.96517239483833, 64.387532698222088 ], [ -14.965608251379619, 64.387458918078877 ], [ -14.966347265152564, 64.387442570124733 ], [ -14.966705054674431, 64.387513775935062 ], [ -14.966775831812702, 64.38799396418176 ], [ -14.966540461410395, 64.388244964845541 ], [ -14.96611478191223, 64.388441652951116 ], [ -14.965148095688868, 64.3890402959439 ], [ -14.964134465419999, 64.389956456529703 ], [ -14.963849186609414, 64.390353221676364 ], [ -14.963839519185299, 64.390610464051917 ], [ -14.964154692970885, 64.390778594993179 ], [ -14.964284320448048, 64.391051953384846 ], [ -14.964041684621339, 64.391351799909827 ], [ -14.96317525009165, 64.391462712224765 ], [ -14.962321442487459, 64.391488132329741 ], [ -14.961358365318008, 64.391485997601023 ], [ -14.96038084261564, 64.391581555842492 ], [ -14.959493390687195, 64.391642815212407 ], [ -14.958703239361594, 64.391620927775534 ], [ -14.957470610629102, 64.391525462702504 ], [ -14.957103756824436, 64.391515296129896 ], [ -14.95615152471151, 64.391439852826664 ], [ -14.955185542721452, 64.391265922063184 ], [ -14.954780336842514, 64.391132061246523 ], [ -14.954613543965342, 64.390918973583069 ], [ -14.954978193716883, 64.390561211001454 ], [ -14.9562686100347, 64.390265901484511 ], [ -14.957563727143974, 64.39013012349217 ], [ -14.958265566949366, 64.390174096328892 ], [ -14.959194961044517, 64.390212106974914 ], [ -14.960317141067417, 64.390096039213901 ], [ -14.961213567194466, 64.389973712723034 ], [ -14.961926899064347, 64.389748213348753 ], [ -14.962924853364768, 64.389322127797968 ], [ -14.963527738653539, 64.388885104234532 ], [ -14.96391504954881, 64.388564737573944 ], [ -14.964516740746554, 64.387943742332808 ] ] ] ] } },
{ "type": "Feature", "properties": { "fid": 7, "rock_type_unit": "Lon tuff formation", "name_unit": "Dalsfjall Tuff Sequence", "volcanic_system": "Lon", "formation_geology_type": "Pyroclastic", "feature_type": "Tuff", "geological_age": null, "geological_group": "Hornafjörður Group", "geological_formation": "Lon Volcano Formation", "notes": "Simplified for map scale. A complex formation consisting of distinct units of sediment, pyroclastic rocks and cross cut by intrusions. Overlain by the Dalsheiði palagonite breccia. Fossil bearing (trace fossils).", "citation": "Askew et al. 2026", "date_reference": null, "date_input": "2026-07-22", "username": "Robert Alexander Askew - NATT", "unit_code": null, "scale_precision": "25", "rock_type": "Tuff" }, "geometry": { "type": "MultiPolygon", "coordinates": [ [ [ [ -15.030117436689279, 64.429399529036132 ], [ -15.030681788435666, 64.429828701719131 ], [ -15.030307411780294, 64.430427576692779 ], [ -15.028436910748963, 64.430424300018785 ], [ -15.026871135170751, 64.430595751673081 ], [ -15.025206067799942, 64.430693143592933 ], [ -15.024267356744829, 64.430715162424377 ], [ -15.022554366857573, 64.430763658934424 ], [ -15.02076928488208, 64.430929076013868 ], [ -15.019532308904447, 64.431109406413853 ], [ -15.017795084296228, 64.431323653966317 ], [ -15.015454884731209, 64.431521437844196 ], [ -15.012778845826508, 64.431757582089858 ], [ -15.00811212943804, 64.432058206274533 ], [ -15.005378369940084, 64.431935923578592 ], [ -15.001080093919036, 64.431223804883189 ], [ -14.999707079570049, 64.430829496412926 ], [ -14.997738141512354, 64.430371286638021 ], [ -14.994358145363147, 64.429779239004475 ], [ -14.992166662549579, 64.429338628813213 ], [ -14.990047462871232, 64.428781060366802 ], [ -14.988596460281519, 64.428170464901143 ], [ -14.986553132086081, 64.427472235161432 ], [ -14.985095306744572, 64.426908976786279 ], [ -14.983525434793979, 64.42598589589295 ], [ -14.982475757449212, 64.425267358401356 ], [ -14.981294597926157, 64.425068392635254 ], [ -14.979802114602201, 64.424741939236995 ], [ -14.977433981148884, 64.424010846345467 ], [ -14.974617136069927, 64.423338690756339 ], [ -14.973237909969894, 64.422991505215109 ], [ -14.972601355897973, 64.42283126134906 ], [ -14.971331766700848, 64.422487079779074 ], [ -14.970301196018728, 64.422387301692268 ], [ -14.969247893732014, 64.422441471958265 ], [ -14.968349064683967, 64.422380988892954 ], [ -14.967214779226561, 64.422052395715156 ], [ -14.967234092853646, 64.421363248738757 ], [ -14.966879169450326, 64.420972933918279 ], [ -14.966057939299764, 64.420759994653253 ], [ -14.965028584100432, 64.420838576646929 ], [ -14.964142575422374, 64.421063806079147 ], [ -14.963790440691461, 64.421398915431425 ], [ -14.963617804530308, 64.421822223002209 ], [ -14.962831940562049, 64.422299926471993 ], [ -14.962245946295951, 64.422913954562233 ], [ -14.961952361532461, 64.424154403422861 ], [ -14.961815198149479, 64.42470949307048 ], [ -14.961838917734157, 64.425292813064331 ], [ -14.962084059027413, 64.426238987553489 ], [ -14.962211656826236, 64.426492228058066 ], [ -14.962842978589233, 64.426688045160432 ], [ -14.96319329500524, 64.426923657903743 ], [ -14.963365827452284, 64.427059227968186 ], [ -14.963759320941719, 64.427189012537681 ], [ -14.964327734326616, 64.427252282331111 ], [ -14.964998749392144, 64.427365948394652 ], [ -14.965508864665127, 64.427451385128705 ], [ -14.966132090200915, 64.427516161549306 ], [ -14.966899327816757, 64.427537347350381 ], [ -14.967330748518723, 64.427596822590957 ], [ -14.967821623991783, 64.427812521166359 ], [ -14.968012836516472, 64.428008055767563 ], [ -14.968255355973172, 64.428228788209239 ], [ -14.968871606907197, 64.428340923879702 ], [ -14.969518764137785, 64.428430127540111 ], [ -14.970325092972613, 64.428559392222226 ], [ -14.970782190923028, 64.428631455959945 ], [ -14.971352399239702, 64.428682855697261 ], [ -14.971812998897487, 64.428731230679261 ], [ -14.972561045479194, 64.428882657284746 ], [ -14.97369742648997, 64.429199366279846 ], [ -14.974171462486888, 64.429343231491472 ], [ -14.974698563286138, 64.429500448190723 ], [ -14.975293905203227, 64.429754670500742 ], [ -14.975879321944113, 64.429889707288709 ], [ -14.976382532106751, 64.430022477395298 ], [ -14.977137624365239, 64.430126509290716 ], [ -14.977700891821673, 64.430225255631484 ], [ -14.978209354405017, 64.430322490923572 ], [ -14.979005307464966, 64.430522764864421 ], [ -14.979678209087863, 64.430624520736174 ], [ -14.980753466334546, 64.430796797997957 ], [ -14.982215898560781, 64.430955933798458 ], [ -14.982750052270058, 64.431065749900569 ], [ -14.983534346616137, 64.431158659467769 ], [ -14.98447262092516, 64.431327142093181 ], [ -14.984816693565641, 64.431419834698772 ], [ -14.985164254250163, 64.431488840628688 ], [ -14.985893757060701, 64.431580231252909 ], [ -14.98624654968879, 64.431613705785338 ], [ -14.987012175883759, 64.431646629036138 ], [ -14.988181929306927, 64.431738209370906 ], [ -14.988891007630317, 64.431781460593399 ], [ -14.990464906271951, 64.431931680689999 ], [ -14.991144846454585, 64.431986011832919 ], [ -14.991975309301072, 64.43213959520908 ], [ -14.992836667492863, 64.432270239529942 ], [ -14.993206447898807, 64.432375507133116 ], [ -14.994433714666998, 64.432825334899917 ], [ -14.994966215341638, 64.432946949445864 ], [ -14.995498720757681, 64.433068562054089 ], [ -14.996276163382779, 64.433208775541999 ], [ -14.996837825645954, 64.433319291268646 ], [ -14.997423425247772, 64.433454241847159 ], [ -14.998019455117353, 64.433518131559822 ], [ -14.998535000061647, 64.433567923860707 ], [ -14.999129298076346, 64.433643652145449 ], [ -14.999553938315429, 64.433750404751152 ], [ -15.000254404578309, 64.433852816425016 ], [ -15.000470200849691, 64.433882505016754 ], [ -15.000763014936712, 64.433949973330485 ], [ -15.000997540559791, 64.434039626962942 ], [ -15.001129376435218, 64.434078907152625 ], [ -15.00131603052059, 64.434119687466904 ], [ -15.001500949222796, 64.434172310671812 ], [ -15.001708070106416, 64.434261213081513 ], [ -15.001970010670391, 64.434351615196547 ], [ -15.002208015007001, 64.434417580621016 ], [ -15.002637885721214, 64.434488794866567 ], [ -15.002903302263043, 64.434555509026609 ], [ -15.003143045887914, 64.434609629784902 ], [ -15.003338029184933, 64.43478143192695 ], [ -15.003290132635943, 64.43489531498372 ], [ -15.003685128142074, 64.435298499828903 ], [ -15.004041493427456, 64.435578007858567 ], [ -15.004507354878825, 64.435885032714651 ], [ -15.005044070442356, 64.436095897860199 ], [ -15.005701016625961, 64.436260999882379 ], [ -15.006531150768243, 64.436406308243178 ], [ -15.007311909618739, 64.436501215085755 ], [ -15.007923068678826, 64.436591484281095 ], [ -15.008368200437978, 64.436652691901159 ], [ -15.008866295519756, 64.436739868404374 ], [ -15.009537574161278, 64.436807248940951 ], [ -15.010325500441258, 64.436853287539833 ], [ -15.010943821766054, 64.436894691915953 ], [ -15.01132171359469, 64.437027625525928 ], [ -15.012035256672972, 64.437194242314916 ], [ -15.012936271704069, 64.437243352687204 ], [ -15.01366767946095, 64.437287830688774 ], [ -15.014497887190606, 64.437433093854096 ], [ -15.015490579888931, 64.437631829663545 ], [ -15.016610632316581, 64.437735936113285 ], [ -15.017451568867548, 64.437807903755441 ], [ -15.018387758097552, 64.438005079056254 ], [ -15.019165038826911, 64.438124348952471 ], [ -15.020677335978332, 64.43826363134751 ], [ -15.021578401819813, 64.438312688505064 ], [ -15.022189648553796, 64.438402898113424 ], [ -15.022793775689379, 64.438541957982025 ], [ -15.023139694190277, 64.438894698733094 ], [ -15.023595143317472, 64.439274942080573 ], [ -15.024124521191533, 64.439926951406932 ], [ -15.024608061486788, 64.440504141402272 ], [ -15.025292470734142, 64.441650827827402 ], [ -15.025482237240618, 64.442685966348421 ], [ -15.026151296555275, 64.445107438848723 ], [ -15.025076838374526, 64.445130465471621 ], [ -15.022938468260721, 64.444691807443618 ], [ -15.021060538365207, 64.444355329503495 ], [ -15.018716772408672, 64.443815891408349 ], [ -15.01534157944033, 64.443176955059855 ], [ -15.012253993001744, 64.442831156210246 ], [ -15.009615563133792, 64.442426210537619 ], [ -15.008080827203708, 64.442003802603324 ], [ -15.00703616886752, 64.441618548607252 ], [ -15.005721520905174, 64.440821627741698 ], [ -15.004061315270331, 64.439753651512476 ], [ -15.00183560837897, 64.43878908853867 ], [ -14.996847949197733, 64.437891539345898 ], [ -14.994268527801218, 64.437464132811726 ], [ -14.991685706379624, 64.437060366840967 ], [ -14.989449308209119, 64.436547153907085 ], [ -14.988144950250055, 64.436059497626559 ], [ -14.98669708842308, 64.435425197225939 ], [ -14.984649779515793, 64.434750626629793 ], [ -14.982684299676935, 64.43426852833214 ], [ -14.980834480777805, 64.434122528123893 ], [ -14.977655121681009, 64.434035034970762 ], [ -14.973787646528065, 64.433762038050418 ], [ -14.970856759157082, 64.43311047426765 ], [ -14.968735390364337, 64.432195802484586 ], [ -14.967682362594198, 64.431500844157597 ], [ -14.966790314690975, 64.430834103290351 ], [ -14.966114040122173, 64.430197096257757 ], [ -14.965420284203017, 64.429678513082379 ], [ -14.964479304485662, 64.429343353663356 ], [ -14.963172231821314, 64.428879160287607 ], [ -14.961676251236909, 64.42857620722917 ], [ -14.959484075152051, 64.428515587412619 ], [ -14.95761020550747, 64.428535090354615 ], [ -14.956116451877444, 64.428588875129577 ], [ -14.953844895770702, 64.42869244979974 ], [ -14.95125295745077, 64.428359025662928 ], [ -14.949285010648849, 64.427900163902891 ], [ -14.948098420139713, 64.427367820262006 ], [ -14.947769055056941, 64.426621424269015 ], [ -14.948024903872126, 64.426010175782622 ], [ -14.948784467548643, 64.42534155198922 ], [ -14.949086583792756, 64.42515967132465 ], [ -14.949491257679567, 64.425028199387853 ], [ -14.950830983507103, 64.424898869795371 ], [ -14.952119413786408, 64.424744324204951 ], [ -14.953312287104762, 64.424491990464318 ], [ -14.954621751772041, 64.424195312238467 ], [ -14.956609783270531, 64.423774716594124 ], [ -14.958080051901078, 64.423506243449438 ], [ -14.958663070368768, 64.423284554482365 ], [ -14.958812566630201, 64.422646569519173 ], [ -14.95849566561218, 64.422185936722968 ], [ -14.956734522507443, 64.421447501327464 ], [ -14.954445269916194, 64.420932236784651 ], [ -14.952214404138166, 64.420394769987936 ], [ -14.950740093992666, 64.419949594768852 ], [ -14.949187898806111, 64.419288200231321 ], [ -14.94799113519262, 64.418826910873619 ], [ -14.946030965395614, 64.41832063556204 ], [ -14.943992981059777, 64.417598126768112 ], [ -14.941110323908038, 64.41663806421596 ], [ -14.938234917970084, 64.415630575414724 ], [ -14.936207918316427, 64.414836904010158 ], [ -14.932574951856886, 64.414117382677901 ], [ -14.931686154051356, 64.4138072231178 ], [ -14.935746676119484, 64.41461001954427 ], [ -14.937483759621596, 64.415134020930623 ], [ -14.939415355958783, 64.41582988881116 ], [ -14.941347050646543, 64.416525731190589 ], [ -14.942612464514207, 64.416893857787016 ], [ -14.944233223655862, 64.417462104197213 ], [ -14.945707293633403, 64.417907344975106 ], [ -14.947626710703997, 64.418317364448555 ], [ -14.948885261072242, 64.418732806694763 ], [ -14.950096093773121, 64.419099348666265 ], [ -14.951241632561903, 64.419535416771083 ], [ -14.952924539200623, 64.420057715784921 ], [ -14.95454921122286, 64.420602162822703 ], [ -14.956944507889718, 64.421144144667949 ], [ -14.958255946495505, 64.42120422854228 ], [ -14.959395137546281, 64.420569849054417 ], [ -14.960069239597148, 64.419732338215354 ], [ -14.962109424610823, 64.418956389030171 ], [ -14.963397510950978, 64.41880174412168 ], [ -14.965585415506473, 64.418885990660897 ], [ -14.96736183821225, 64.419149097810717 ], [ -14.968378281286757, 64.419343638421267 ], [ -14.968703501258894, 64.419376398954213 ], [ -14.969891317943258, 64.419528095376009 ], [ -14.972239027499567, 64.420020943664326 ], [ -14.974775642140642, 64.420352485653964 ], [ -14.977874176839661, 64.420604332144919 ], [ -14.980564819679296, 64.421011357735637 ], [ -14.983122544318631, 64.421200640454359 ], [ -14.985489011763208, 64.421194366988175 ], [ -14.987188467883483, 64.420860568137215 ], [ -14.987569444762974, 64.420514312210102 ], [ -14.986872044798316, 64.42001951690051 ], [ -14.986351368119932, 64.418697218271021 ], [ -14.992196835539234, 64.41677094316718 ], [ -14.99495865190633, 64.417441257365155 ], [ -14.997386521888707, 64.417388921791868 ], [ -15.000639615103585, 64.417335369294818 ], [ -15.002855265313691, 64.417229568374097 ], [ -15.005838545628766, 64.416764235358286 ], [ -15.008250928745211, 64.415688710952907 ], [ -15.01010270610888, 64.413931964162245 ], [ -15.011371302089968, 64.412777575303181 ], [ -15.011845284269585, 64.411791721497451 ], [ -15.012198727298788, 64.411254413406795 ], [ -15.012744144341534, 64.410532100426039 ], [ -15.014284654910917, 64.410526605897687 ], [ -15.015331684252887, 64.410888121151629 ], [ -15.015912907207827, 64.411427164181134 ], [ -15.016870661435705, 64.412024039426171 ], [ -15.017643906598636, 64.412378065865411 ], [ -15.01895802284114, 64.412794398740715 ], [ -15.020210496154153, 64.413256600034444 ], [ -15.021729998510663, 64.413773627202133 ], [ -15.023691665588364, 64.413898407188881 ], [ -15.025479066252165, 64.413709267755578 ], [ -15.026252857678861, 64.413682768591727 ], [ -15.026721729860368, 64.413861993611079 ], [ -15.027282931242961, 64.414162632410282 ], [ -15.027597451432435, 64.414646802587924 ], [ -15.028157957344755, 64.415708398269558 ], [ -15.028554508324589, 64.416385041723117 ], [ -15.029070986669453, 64.416993603150217 ], [ -15.030977811603268, 64.417497275694743 ], [ -15.032357795491951, 64.417463436319849 ], [ -15.033457248125343, 64.417089037081766 ], [ -15.034121834273392, 64.41667903969406 ], [ -15.034912904898796, 64.416534059624908 ], [ -15.035179946065464, 64.416588871663222 ], [ -15.035326837151175, 64.417092249566707 ], [ -15.035288731026656, 64.417733287189748 ], [ -15.03518895364984, 64.418420211371185 ], [ -15.03491792056551, 64.41915004674533 ], [ -15.034913946330922, 64.419934694168973 ], [ -15.035174734269541, 64.420636146045936 ], [ -15.035133477305925, 64.420648123205112 ], [ -15.030495808437719, 64.42152092535629 ], [ -15.026769059461769, 64.422180565968574 ], [ -15.024638539087992, 64.422455519850331 ], [ -15.021165242996631, 64.422884115480414 ], [ -15.016664003734588, 64.42356997085318 ], [ -15.013053159993985, 64.424184877675444 ], [ -15.011230366090786, 64.424610730060607 ], [ -15.009920881978106, 64.42528839521448 ], [ -15.009207850219646, 64.425649412569967 ], [ -15.008179848194503, 64.425906695192253 ], [ -15.006268059036358, 64.426187371953873 ], [ -15.004377041063725, 64.426325905815531 ], [ -14.999533620759754, 64.426336023991709 ], [ -14.995471328187833, 64.426272273351898 ], [ -14.990387825050616, 64.426418195430443 ], [ -14.988147004092335, 64.426689608994209 ], [ -14.986974323789156, 64.427180591504211 ], [ -14.987597131200188, 64.427435516516724 ], [ -14.989733582999982, 64.427874690574001 ], [ -14.992040615426781, 64.428651452755233 ], [ -14.994622647133962, 64.429055212350988 ], [ -14.996266868973182, 64.429100285330279 ], [ -14.998540998162921, 64.429352845919652 ], [ -15.00252046648246, 64.429984981997961 ], [ -15.006527855526096, 64.430427518841839 ], [ -15.01097506938884, 64.430120958925684 ], [ -15.014559064718567, 64.429695595774589 ], [ -15.017238343898546, 64.429435732357391 ], [ -15.020150628202064, 64.429087045979131 ], [ -15.022546874950821, 64.428900153227801 ], [ -15.02440598412004, 64.428687406585993 ], [ -15.02633746065011, 64.428694811901195 ], [ -15.028158227729458, 64.428864717165808 ], [ -15.030117436689279, 64.429399529036132 ] ] ] ] } },
{ "type": "Feature", "properties": { "fid": 8, "rock_type_unit": "Felsite intrusion", "name_unit": "Dalsskógar Felsite Intrusion", "volcanic_system": "Lón", "formation_geology_type": "Intrusion", "feature_type": "Sheet", "geological_age": null, "geological_group": "Hornafjörður Intrusive Suite", "geological_formation": "Lon Sheet Swarm", "notes": "Large rhyolite body", "citation": "Askew et al. 2026", "date_reference": null, "date_input": "2026-07-22", "username": "Robert Alexander Askew - NATT", "unit_code": null, "scale_precision": "25", "rock_type": "Felsite" }, "geometry": { "type": "MultiPolygon", "coordinates": [ [ [ [ -15.030117436689279, 64.429399529036132 ], [ -15.028158227729458, 64.428864717165808 ], [ -15.02633746065011, 64.428694811901195 ], [ -15.02440598412004, 64.428687406585993 ], [ -15.022546874950821, 64.428900153227801 ], [ -15.020150628202064, 64.429087045979131 ], [ -15.017238343898546, 64.429435732357391 ], [ -15.014559064718567, 64.429695595774589 ], [ -15.01097506938884, 64.430120958925684 ], [ -15.006527855526096, 64.430427518841839 ], [ -15.00252046648246, 64.429984981997961 ], [ -14.998540998162921, 64.429352845919652 ], [ -14.996266868973182, 64.429100285330279 ], [ -14.994622647133962, 64.429055212350988 ], [ -14.992040615426781, 64.428651452755233 ], [ -14.989733582999982, 64.427874690574001 ], [ -14.987597131200188, 64.427435516516724 ], [ -14.986974323789156, 64.427180591504211 ], [ -14.988147004092335, 64.426689608994209 ], [ -14.990387825050616, 64.426418195430443 ], [ -14.995471328187833, 64.426272273351898 ], [ -14.999533620759754, 64.426336023991709 ], [ -15.004377041063725, 64.426325905815531 ], [ -15.006268059036358, 64.426187371953873 ], [ -15.008179848194503, 64.425906695192253 ], [ -15.009207850219646, 64.425649412569967 ], [ -15.009920881978106, 64.42528839521448 ], [ -15.011230366090786, 64.424610730060607 ], [ -15.013053159993985, 64.424184877675444 ], [ -15.016664003734588, 64.42356997085318 ], [ -15.021165242996631, 64.422884115480414 ], [ -15.024638539087992, 64.422455519850331 ], [ -15.026769059461769, 64.422180565968574 ], [ -15.030495808437719, 64.42152092535629 ], [ -15.035133477305925, 64.420648123205112 ], [ -15.035174734269541, 64.420636146045936 ], [ -15.038579197454627, 64.41964773244014 ], [ -15.041784899317197, 64.418783443616491 ], [ -15.044182176947084, 64.418182555401444 ], [ -15.046675200944337, 64.417679343639492 ], [ -15.048928415610398, 64.417312284179346 ], [ -15.050839145464636, 64.417031049970433 ], [ -15.052263590295953, 64.417069566615382 ], [ -15.053345620683885, 64.417193935221263 ], [ -15.0539482733924, 64.417590702268029 ], [ -15.054523552600966, 64.418176966786859 ], [ -15.055359095380032, 64.41848489905648 ], [ -15.056619289207619, 64.418899413429045 ], [ -15.057256332608047, 64.419820251848591 ], [ -15.057153677868973, 64.420530878591677 ], [ -15.056961960733723, 64.421096421224604 ], [ -15.056585347894988, 64.422180130682165 ], [ -15.055825136493038, 64.423633961326573 ], [ -15.054544229343904, 64.425644446727162 ], [ -15.052584881160181, 64.427779275095574 ], [ -15.049412632294558, 64.429167887814899 ], [ -15.044266791875247, 64.430503016081772 ], [ -15.040504773342754, 64.431399879586593 ], [ -15.037921392870617, 64.431757890681283 ], [ -15.035009581565312, 64.431345970147476 ], [ -15.032570808603451, 64.43070903071397 ], [ -15.031454512804446, 64.43006041726052 ], [ -15.030117436689279, 64.429399529036132 ] ] ] ] } },
{ "type": "Feature", "properties": { "fid": 9, "rock_type_unit": "Basaltic lava and interbeds", "name_unit": "Slaufrudalur Porphyrytic Basalt Lava", "volcanic_system": null, "formation_geology_type": "Lava", "feature_type": "Lava", "geological_age": "Neogene", "geological_group": "Hornafjörður Group", "geological_formation": "Slaufrudalur group", "notes": "Forms a 'cap' unit for the pluton", "citation": "Askew et al. 2026", "date_reference": null, "date_input": "2026-07-22", "username": "Robert Alexander Askew - NATT", "unit_code": null, "scale_precision": "10", "rock_type": "Porphyrytic Basalt" }, "geometry": { "type": "MultiPolygon", "coordinates": [ [ [ [ -15.032285230751118, 64.349809680604224 ], [ -15.034162361452321, 64.350405447653188 ], [ -15.035355121385088, 64.35084640182599 ], [ -15.036713981579823, 64.351586881549281 ], [ -15.038196765402155, 64.352376104072931 ], [ -15.038612295646955, 64.352580299552059 ], [ -15.039513434367413, 64.353047325537986 ], [ -15.04024185526, 64.353441570046471 ], [ -15.040691675356758, 64.353589956907072 ], [ -15.040991558128367, 64.353688880710934 ], [ -15.041475726863363, 64.353599916340173 ], [ -15.042015323456429, 64.353489762819478 ], [ -15.042295746978205, 64.353361220109221 ], [ -15.042546818069471, 64.35325457308312 ], [ -15.042843508889939, 64.353194551833013 ], [ -15.043151640115958, 64.353055413542961 ], [ -15.043283746427827, 64.352866106987875 ], [ -15.04332460747772, 64.352583548246955 ], [ -15.043168346329596, 64.352034660461584 ], [ -15.043013652702305, 64.351656016090857 ], [ -15.042808441160792, 64.351264652396452 ], [ -15.042657280088777, 64.351090023679063 ], [ -15.042397370952115, 64.351026531167321 ], [ -15.042320411481416, 64.350913458255718 ], [ -15.042343975931091, 64.350780543793178 ], [ -15.042318090300048, 64.350672646913281 ], [ -15.042358958037291, 64.350390088479131 ], [ -15.042668770251547, 64.350058102999796 ], [ -15.042887480371549, 64.349798352169032 ], [ -15.042926546522523, 64.349408154918208 ], [ -15.042939029027401, 64.34828684817235 ], [ -15.042958550471344, 64.347441695631886 ], [ -15.043142708213495, 64.346523124218692 ], [ -15.0431877911976, 64.345678666410606 ], [ -15.043274393588598, 64.344902101139226 ], [ -15.043350053241635, 64.343490976923675 ], [ -15.043282277057116, 64.343348068815047 ], [ -15.043308752617072, 64.343209617483154 ], [ -15.043323412139673, 64.343132956353799 ], [ -15.043355167442046, 64.342966892359257 ], [ -15.043375147292751, 64.342862406925676 ], [ -15.043401581450134, 64.342724167212623 ], [ -15.043426881430936, 64.342591857469372 ], [ -15.043447994641346, 64.342481442043237 ], [ -15.043460013285362, 64.342418587931832 ], [ -15.043936167489052, 64.342921395630256 ], [ -15.044298938296139, 64.344576524970819 ], [ -15.04387539969561, 64.348593109878891 ], [ -15.043819572752351, 64.349703573431313 ], [ -15.043617147974986, 64.350560427463762 ], [ -15.043802688228133, 64.351268964161022 ], [ -15.044059938956854, 64.352024834679099 ], [ -15.044286286714225, 64.352632357786618 ], [ -15.044284458251658, 64.353188297921918 ], [ -15.04389638860342, 64.353518162247411 ], [ -15.043461121533847, 64.353631155964592 ], [ -15.042395009139602, 64.353761052987906 ], [ -15.041480465815475, 64.353929101215442 ], [ -15.040882241790781, 64.353901498608622 ], [ -15.040127626667003, 64.353688094323346 ], [ -15.039469261197798, 64.353352487832552 ], [ -15.038563203970542, 64.352919368455318 ], [ -15.037321528143437, 64.352272871195751 ], [ -15.035928351997917, 64.351588198790338 ], [ -15.034390244747472, 64.350820137908599 ], [ -15.032907514591226, 64.35021242265212 ], [ -15.030588919321827, 64.349411711821773 ], [ -15.029516585671633, 64.348789522044271 ], [ -15.032285230751118, 64.349809680604224 ] ] ] ] } },
{ "type": "Feature", "properties": { "fid": 10, "rock_type_unit": "Kvosir volcanic breccias and ignimbrites", "name_unit": "Kvosir Ignimbrites", "volcanic_system": "Kvosir", "formation_geology_type": "Pyroclastic", "feature_type": "Pyroclastic", "geological_age": null, "geological_group": "Hornafjörður Group", "geological_formation": "Kvosir Caldera Formation", "notes": "Welded, fiamme bearing - black to white, some sections more welded than others. Outcrop not accessible on day of visit except one exposure of black, glassy (poorly) ignimbrite.", "citation": "Askew et al. 2026", "date_reference": null, "date_input": "2026-07-22", "username": "Robert Alexander Askew - NATT", "unit_code": "KVF-Ig", "scale_precision": "10", "rock_type": "Ignimbrite" }, "geometry": { "type": "MultiPolygon", "coordinates": [ [ [ [ -15.054455914548976, 64.374477698700531 ], [ -15.05404498677591, 64.374501459303659 ], [ -15.053870349736576, 64.374496732707726 ], [ -15.053671523121784, 64.374495454883686 ], [ -15.053424906506061, 64.374529816708375 ], [ -15.053065598766144, 64.374622683394307 ], [ -15.052842872110686, 64.374721298810229 ], [ -15.052565020656807, 64.374919965541196 ], [ -15.052997287730799, 64.37429094836348 ], [ -15.053071692823332, 64.374169747287766 ], [ -15.053578337220021, 64.373419527305103 ], [ -15.054226662252461, 64.37287028535971 ], [ -15.054747080973868, 64.3722223361587 ], [ -15.055381546445204, 64.371597758031427 ], [ -15.055869144963207, 64.37115256055236 ], [ -15.056189162367698, 64.370611150280126 ], [ -15.056571311976883, 64.370267873275097 ], [ -15.056878157840412, 64.37002733341582 ], [ -15.057444782987259, 64.369662850832228 ], [ -15.058015154433816, 64.369272274102741 ], [ -15.058316334862836, 64.3690708691624 ], [ -15.058724796384466, 64.36875449299859 ], [ -15.059114447368181, 64.368568575601486 ], [ -15.059643415723771, 64.368465004310437 ], [ -15.060432186435539, 64.36844703388428 ], [ -15.060784235407963, 64.36852203217191 ], [ -15.061059132290197, 64.36871281591641 ], [ -15.060966996410196, 64.369142520477084 ], [ -15.060936927772136, 64.369351256709109 ], [ -15.060818372987789, 64.369544505021054 ], [ -15.06056429296112, 64.369838865264228 ], [ -15.060379850198192, 64.370069623182076 ], [ -15.060336618488437, 64.370369681355271 ], [ -15.060500437663306, 64.370491979786678 ], [ -15.060524921631066, 64.370531931855623 ], [ -15.06054757571334, 64.370794480128069 ], [ -15.060287841976741, 64.371127977941157 ], [ -15.060225809731206, 64.371558496172099 ], [ -15.060199539386398, 64.371950690475231 ], [ -15.060271161795836, 64.372293143052261 ], [ -15.060307937474184, 64.372562621434412 ], [ -15.060108434717529, 64.372897747111139 ], [ -15.059995566849038, 64.373366182109663 ], [ -15.059884575231393, 64.373821571028472 ], [ -15.059846972621211, 64.374082491103309 ], [ -15.060054121932138, 64.374219057322676 ], [ -15.060697801211012, 64.374462248153108 ], [ -15.060178797180678, 64.374608403124412 ], [ -15.059925515691676, 64.374786380424695 ], [ -15.059826374643325, 64.3750794161014 ], [ -15.059887547960143, 64.375345980501052 ], [ -15.060029312822023, 64.375546954661417 ], [ -15.059212535210282, 64.375139824926137 ], [ -15.058668545027119, 64.375100498442578 ], [ -15.058350518559795, 64.375005723283522 ], [ -15.05820004723846, 64.374866232951916 ], [ -15.058269043885126, 64.374650601857681 ], [ -15.058323305625024, 64.374537165059778 ], [ -15.058328776173061, 64.374471466205122 ], [ -15.058336261147291, 64.374381574474825 ], [ -15.058302027753522, 64.374290367420983 ], [ -15.058125608579395, 64.374199419868532 ], [ -15.057870734704911, 64.374192528647754 ], [ -15.057374569401437, 64.37428170491269 ], [ -15.056983418032164, 64.374365512250492 ], [ -15.056729145268587, 64.374485850424435 ], [ -15.056257152426014, 64.374473084038357 ], [ -15.055920856124921, 64.374439364715585 ], [ -15.055558010479544, 64.374392615170478 ], [ -15.055005782545855, 64.374410503705789 ], [ -15.054455914548976, 64.374477698700531 ] ] ] ] } },
{ "type": "Feature", "properties": { "fid": 12, "rock_type_unit": "Reworked volcaniclastic", "name_unit": "Suðurkvosir Volcaniclastic Unit", "volcanic_system": "Kvosir", "formation_geology_type": "Sedimentary", "feature_type": "Sedimentary Rock", "geological_age": null, "geological_group": "Hornafjörður Group", "geological_formation": "Kvosir Caldera Formation", "notes": "Layered unit, reworked mafic volcaniclastic, and pyroclastic units, mapped seperately as it overlies the rhyolite lava. Though appears to interfinger with ignimbrites to the south - no contact exposures.", "citation": "Askew et al. 2026", "date_reference": null, "date_input": "2026-07-22", "username": "Robert Alexander Askew - NATT", "unit_code": "KVF-vc", "scale_precision": "5", "rock_type": "Reworked volcaniclastic" }, "geometry": { "type": "MultiPolygon", "coordinates": [ [ [ [ -15.060029312822023, 64.375546954661417 ], [ -15.059887547960143, 64.375345980501052 ], [ -15.059826374643325, 64.3750794161014 ], [ -15.059925515691676, 64.374786380424695 ], [ -15.060178797180678, 64.374608403124412 ], [ -15.060697801211012, 64.374462248153108 ], [ -15.061221271832133, 64.374482551547644 ], [ -15.061571172762324, 64.37462137885106 ], [ -15.06160841118518, 64.374757920511485 ], [ -15.061637720848452, 64.375048265879173 ], [ -15.061682087392299, 64.375332857219604 ], [ -15.061898262958405, 64.375511196249747 ], [ -15.062041840123396, 64.375798466976747 ], [ -15.062203128730562, 64.376061572967927 ], [ -15.062219186680883, 64.376443970836661 ], [ -15.062122716169153, 64.376718597577138 ], [ -15.062067023722749, 64.377105218461423 ], [ -15.061952839867031, 64.377404009682877 ], [ -15.061809422550056, 64.377708172065198 ], [ -15.061671306871215, 64.377975513288192 ], [ -15.061537972883988, 64.378089961109424 ], [ -15.061429694555059, 64.378106681711486 ], [ -15.06126115384456, 64.378121774474408 ], [ -15.061078487301153, 64.37812993707071 ], [ -15.060676417333925, 64.378086333496512 ], [ -15.060218787246164, 64.378008485596695 ], [ -15.059748915017041, 64.377910660157141 ], [ -15.059468293156369, 64.377759011857037 ], [ -15.059421194119404, 64.377594365029069 ], [ -15.059496464354467, 64.377467023835464 ], [ -15.059689056287269, 64.377028095218122 ], [ -15.059792836019927, 64.376702603584306 ], [ -15.059843505034996, 64.376351054547783 ], [ -15.059798617804161, 64.376136449116117 ], [ -15.059590874726783, 64.3758681981287 ], [ -15.059433910981197, 64.375773674625094 ], [ -15.059112915626473, 64.37563368043061 ], [ -15.058941788659464, 64.375505943870166 ], [ -15.058806066838864, 64.375395578927666 ], [ -15.058603075488056, 64.375225943504176 ], [ -15.058350518559795, 64.375005723283522 ], [ -15.058668545027119, 64.375100498442578 ], [ -15.059212535210282, 64.375139824926137 ], [ -15.060029312822023, 64.375546954661417 ] ] ] ] } },
{ "type": "Feature", "properties": { "fid": 13, "rock_type_unit": "Felsite sheet", "name_unit": "Kvosir Felsite Sheet", "volcanic_system": null, "formation_geology_type": "Intrusion", "feature_type": "Sills", "geological_age": null, "geological_group": "Hornafjörður Intrusive Suite", "geological_formation": "Kvosir Sheet Swarm", "notes": "aerial imagery mapped", "citation": "Askew et al. 2026", "date_reference": null, "date_input": "2026-07-22", "username": "Robert Alexander Askew - NATT", "unit_code": "KVF-R", "scale_precision": "10", "rock_type": "Felsite" }, "geometry": { "type": "MultiPolygon", "coordinates": [ [ [ [ -15.074733166279772, 64.386348861060512 ], [ -15.073731600211779, 64.385989229821575 ], [ -15.072717713781465, 64.385715508409859 ], [ -15.071462766116907, 64.385336716291363 ], [ -15.070773301684143, 64.385182609860394 ], [ -15.070282327897786, 64.385033847964166 ], [ -15.070060669983327, 64.384793770368006 ], [ -15.069663595490665, 64.38458592944518 ], [ -15.069481002750971, 64.384470116860754 ], [ -15.069378177792075, 64.384393417763263 ], [ -15.06929841155678, 64.384354304048699 ], [ -15.069245343556325, 64.384525372686383 ], [ -15.069100042113529, 64.384546099395038 ], [ -15.068733203639638, 64.384523890825491 ], [ -15.068545318435387, 64.38444489836283 ], [ -15.068196241202449, 64.384497095300503 ], [ -15.067946352109157, 64.384453394615079 ], [ -15.067506816320337, 64.384342973455105 ], [ -15.06781870941982, 64.384351382505045 ], [ -15.068162488204026, 64.384336007740728 ], [ -15.068265207237566, 64.384215563222767 ], [ -15.068109210780408, 64.384112787022971 ], [ -15.068008156831278, 64.38402381320617 ], [ -15.068142760350614, 64.383879585655308 ], [ -15.06841912897789, 64.383739179611254 ], [ -15.06862113323894, 64.383719982137876 ], [ -15.068842663366139, 64.383762917439881 ], [ -15.068825008983296, 64.383885655086345 ], [ -15.068603582628045, 64.384039864224661 ], [ -15.068559338825514, 64.384149563799781 ], [ -15.068571802373134, 64.384260791938289 ], [ -15.068648036192682, 64.384324453574962 ], [ -15.06878980582303, 64.384328274845117 ], [ -15.069112291227849, 64.384263038545583 ], [ -15.069032525752634, 64.38422392468604 ], [ -15.06905194478129, 64.384088913245023 ], [ -15.069057240846755, 64.384052091942635 ], [ -15.069041244715555, 64.383965411381212 ], [ -15.069245015471868, 64.383933939277412 ], [ -15.069314189010917, 64.384046695644102 ], [ -15.069438305477652, 64.384173253989857 ], [ -15.069537599477615, 64.384274500591076 ], [ -15.069612070459762, 64.384350435498007 ], [ -15.069764543793116, 64.384477757646252 ], [ -15.069897489355471, 64.384542946722419 ], [ -15.070195266472052, 64.384649540919966 ], [ -15.070409747444302, 64.384741568973084 ], [ -15.070712822702342, 64.384811340763392 ], [ -15.070962719482043, 64.384855036715805 ], [ -15.071682295681514, 64.384997632132141 ], [ -15.072205159324554, 64.385122605289936 ], [ -15.072627088315926, 64.385355750427848 ], [ -15.073153490331851, 64.385456172569633 ], [ -15.073541646411142, 64.385528228646223 ], [ -15.07373484354124, 64.385570393210216 ], [ -15.074317964702336, 64.385672337705259 ], [ -15.074700838122499, 64.385781212197827 ], [ -15.075156442618304, 64.385978291613952 ], [ -15.075312476178681, 64.386081060294671 ], [ -15.075468665118645, 64.386380973292901 ], [ -15.075520089796052, 64.386419320710061 ], [ -15.075139118792077, 64.386495319004737 ], [ -15.074733166279772, 64.386348861060512 ] ] ] ] } },
{ "type": "Feature", "properties": { "fid": 14, "rock_type_unit": "Ignimbrite", "name_unit": "Kvosir Ignimbrites", "volcanic_system": null, "formation_geology_type": "Pyroclastic", "feature_type": "Pyroclastic", "geological_age": null, "geological_group": null, "geological_formation": null, "notes": "Orange-pink ignimbrite. Likely connects with the very similar unit to the north in Afdalur.", "citation": "Askew et al. 2026", "date_reference": null, "date_input": "2026-07-22", "username": "Robert Alexander Askew - NATT", "unit_code": "KVF", "scale_precision": "10", "rock_type": "Ignimbrite" }, "geometry": { "type": "MultiPolygon", "coordinates": [ [ [ [ -15.067588748023866, 64.381597518226513 ], [ -15.067985763400776, 64.381805364760083 ], [ -15.068226800462821, 64.381910434153312 ], [ -15.068836515742076, 64.382222583068611 ], [ -15.069404840850208, 64.382489663031549 ], [ -15.06976882076215, 64.382666636152763 ], [ -15.070098458923534, 64.382749447033902 ], [ -15.07016939776218, 64.382849929209584 ], [ -15.069960341523734, 64.382918223934752 ], [ -15.069116828188172, 64.3828462059993 ], [ -15.068565669882563, 64.382720457517919 ], [ -15.06831932761199, 64.382652209953022 ], [ -15.067839106582438, 64.382626941769388 ], [ -15.067114408379256, 64.38271829311887 ], [ -15.06638617239685, 64.382834188341249 ], [ -15.065774873425669, 64.382928591827536 ], [ -15.065262844248219, 64.383124242257054 ], [ -15.064734825686559, 64.383233209863306 ], [ -15.064072109208675, 64.383289255015185 ], [ -15.063460453947949, 64.383416810039407 ], [ -15.062728673579018, 64.383561204231896 ], [ -15.06238226556011, 64.383662651861385 ], [ -15.062055938361288, 64.383822092635597 ], [ -15.061641709761668, 64.384130995914319 ], [ -15.061372603959036, 64.384222217725338 ], [ -15.060449521994373, 64.384180872450443 ], [ -15.058972818307788, 64.384034281232346 ], [ -15.056930723592226, 64.383864182666287 ], [ -15.055722008464338, 64.383831499322014 ], [ -15.055568552194487, 64.383712445038412 ], [ -15.055757404770775, 64.383586233452149 ], [ -15.057268254899544, 64.38336444727156 ], [ -15.059250045278326, 64.38316357925747 ], [ -15.060743168528733, 64.383064390485629 ], [ -15.062017898689188, 64.382901838261404 ], [ -15.062760285686295, 64.382749526973015 ], [ -15.063204030192486, 64.382564528846387 ], [ -15.063766950604158, 64.382246020859341 ], [ -15.064937699376145, 64.381979349762773 ], [ -15.065676514616761, 64.381851550463367 ], [ -15.065813416578166, 64.381822414241455 ], [ -15.066521572922918, 64.381775857308838 ], [ -15.066778903091357, 64.381832041795263 ], [ -15.067092889382934, 64.381889753693827 ], [ -15.067352574458669, 64.381929585929868 ], [ -15.067469413693493, 64.381908114524663 ], [ -15.067463467917579, 64.381817673436728 ], [ -15.067311148198577, 64.381690455883472 ], [ -15.067494768611903, 64.381459449072651 ], [ -15.067588748023866, 64.381597518226513 ] ] ] ] } },
{ "type": "Feature", "properties": { "fid": 15, "rock_type_unit": "Felsite sheet", "name_unit": "Veðrafjall Felsite Sheet", "volcanic_system": "Kvosir", "formation_geology_type": "Intrusion", "feature_type": "Sills", "geological_age": null, "geological_group": "Hornafjörður Intrusive Suite", "geological_formation": null, "notes": "Fine grained rhyolite intrusion", "citation": "Askew et al. 2026", "date_reference": null, "date_input": "2026-07-22", "username": "Robert Alexander Askew - NATT", "unit_code": null, "scale_precision": "5", "rock_type": "Felsite" }, "geometry": { "type": "MultiPolygon", "coordinates": [ [ [ [ -15.027137830461035, 64.390848413173572 ], [ -15.026224971700373, 64.390860515637513 ], [ -15.025769434623243, 64.390860428107558 ], [ -15.025379543442527, 64.390800518306051 ], [ -15.025096158084441, 64.390595646829567 ], [ -15.025174302020909, 64.390449913412823 ], [ -15.025691906047603, 64.390414728295269 ], [ -15.025910055596114, 64.390285130702509 ], [ -15.026062762145171, 64.390018209458574 ], [ -15.026298755883159, 64.389765878803402 ], [ -15.026515311097539, 64.389451409054999 ], [ -15.026566871056843, 64.389292629197229 ], [ -15.026581347050628, 64.388997298660456 ], [ -15.02586388913706, 64.388645063289331 ], [ -15.025302515809583, 64.388198501995589 ], [ -15.024659451235481, 64.38792221818035 ], [ -15.02396839963164, 64.387780164039427 ], [ -15.022852014163906, 64.387626509862244 ], [ -15.021985484033026, 64.387516626904443 ], [ -15.021126109138276, 64.387357646060323 ], [ -15.020603436254154, 64.387232490057116 ], [ -15.019001727181502, 64.386893056407558 ], [ -15.018371274681348, 64.38653083280451 ], [ -15.018194251072837, 64.386378136667091 ], [ -15.017716323386173, 64.385946141584029 ], [ -15.017438675395841, 64.385507291413219 ], [ -15.016796021969176, 64.385033828563849 ], [ -15.016642272731662, 64.384721579838725 ], [ -15.016670895001537, 64.384525209755921 ], [ -15.016708461107354, 64.384267474016582 ], [ -15.016623943368399, 64.383870862058203 ], [ -15.016648987213536, 64.383699038246235 ], [ -15.016718481512497, 64.383417530615787 ], [ -15.016961659124556, 64.383116122608627 ], [ -15.017270475699156, 64.382754897017961 ], [ -15.017467406934671, 64.382575445292829 ], [ -15.017641350011015, 64.382358399712331 ], [ -15.018043620856755, 64.382332418123326 ], [ -15.018100321731904, 64.382333966297224 ], [ -15.018099803570632, 64.382728255151207 ], [ -15.017915132472982, 64.383018940149753 ], [ -15.017822664910492, 64.383262854779574 ], [ -15.018181775567164, 64.383728572688739 ], [ -15.01850386207972, 64.384057737046319 ], [ -15.018985344895311, 64.384465183195431 ], [ -15.019131968261132, 64.384826522092268 ], [ -15.019379495274929, 64.385276868363107 ], [ -15.019830624440445, 64.385892955538054 ], [ -15.020026825782388, 64.386304933724503 ], [ -15.020216127178152, 64.386568859885386 ], [ -15.020463929888768, 64.386822059883343 ], [ -15.021232857107087, 64.387015543790056 ], [ -15.022474908381511, 64.387283535381002 ], [ -15.02331843552161, 64.387355822727116 ], [ -15.024434812564294, 64.387509473337275 ], [ -15.02536142810164, 64.387793485130871 ], [ -15.026087781675715, 64.388084356717911 ], [ -15.02666522739792, 64.388420455697883 ], [ -15.027022966585195, 64.38870128073259 ], [ -15.027270851599223, 64.388954469205856 ], [ -15.027362869372977, 64.389104837533495 ], [ -15.027107455746199, 64.389295031264254 ], [ -15.026979747601182, 64.38939012796277 ], [ -15.026889123947818, 64.389621775146523 ], [ -15.026832015014813, 64.390014519404673 ], [ -15.026792751672271, 64.390284531073434 ], [ -15.026773119710379, 64.390419536905128 ], [ -15.026863354974127, 64.390582178815308 ], [ -15.027162814661873, 64.390676587503421 ], [ -15.027339916137409, 64.390829272799976 ], [ -15.027137830461035, 64.390848413173572 ] ] ] ] } },
{ "type": "Feature", "properties": { "fid": 16, "rock_type_unit": "Felsite sheet", "name_unit": "Veðrafjall Felsite Sheet", "volcanic_system": null, "formation_geology_type": "Intrusion", "feature_type": "Dyke", "geological_age": null, "geological_group": "Hornafjörður Intrusive Suite", "geological_formation": null, "notes": null, "citation": "Askew et al. 2026", "date_reference": null, "date_input": "2026-07-22", "username": "Robert Alexander Askew - NATT", "unit_code": null, "scale_precision": "5", "rock_type": "Felsite" }, "geometry": { "type": "MultiPolygon", "coordinates": [ [ [ [ -15.005180029531751, 64.386798566470631 ], [ -15.00544992463843, 64.386510227166568 ], [ -15.006123946731698, 64.386183665613075 ], [ -15.006815886599531, 64.385734370853399 ], [ -15.00773462936958, 64.385291281753254 ], [ -15.009601396490206, 64.384181898972145 ], [ -15.009863353740872, 64.383969462300556 ], [ -15.010626461382895, 64.383196525665781 ], [ -15.01090627621307, 64.382678644125107 ], [ -15.011001262000491, 64.382312876305647 ], [ -15.011131845144767, 64.381909412132345 ], [ -15.011589636105491, 64.381502983431318 ], [ -15.012051741936702, 64.381256155647449 ], [ -15.012878021388373, 64.38098405711898 ], [ -15.013146121826928, 64.380857138456804 ], [ -15.01329460191862, 64.380746595295321 ], [ -15.013417995611791, 64.380480960631658 ], [ -15.013476732462001, 64.380327545338986 ], [ -15.013697916310214, 64.380081466536424 ], [ -15.014118907945937, 64.379773121569798 ], [ -15.014760734529428, 64.379470291602388 ], [ -15.01537956715171, 64.379129864877044 ], [ -15.015905688821132, 64.378269694465189 ], [ -15.016141483703924, 64.377807586004451 ], [ -15.016278662817005, 64.377256844484279 ], [ -15.016438273568252, 64.377137985361557 ], [ -15.016435849381235, 64.377604968204281 ], [ -15.016376793788531, 64.378046812893032 ], [ -15.01621634948272, 64.378317474523385 ], [ -15.01600297436063, 64.378788188323384 ], [ -15.0158847225582, 64.378983481920372 ], [ -15.015800661799211, 64.379223752865201 ], [ -15.015678985084339, 64.379371048263351 ], [ -15.015305715370914, 64.379558128248277 ], [ -15.014864894908269, 64.379731900395498 ], [ -15.014311686480328, 64.380012509104986 ], [ -15.013990621792598, 64.38026249565624 ], [ -15.013684815380802, 64.380663943568038 ], [ -15.013533643540695, 64.380844812128061 ], [ -15.013113851084944, 64.381026522740001 ], [ -15.011935201367342, 64.381475467968798 ], [ -15.01152320413858, 64.381716483427041 ], [ -15.011324628822058, 64.38193698331628 ], [ -15.01118226437625, 64.382342384851611 ], [ -15.011002186105772, 64.382772949724171 ], [ -15.010752631798509, 64.383213074406839 ], [ -15.009999722462501, 64.384070008089353 ], [ -15.009394743084489, 64.384449523885294 ], [ -15.005180029531751, 64.386798566470631 ] ] ] ] } },
{ "type": "Feature", "properties": { "fid": 17, "rock_type_unit": "Felsite sheet", "name_unit": "Skörð Felsite Sheet", "volcanic_system": "Slaufrudalur", "formation_geology_type": "Intrusion", "feature_type": "Sheet", "geological_age": null, "geological_group": "Hornafjörður Intrusive Suite", "geological_formation": null, "notes": "Rhyolite sill", "citation": "Askew et al. 2026", "date_reference": null, "date_input": "2026-07-22", "username": "Robert Alexander Askew - NATT", "unit_code": null, "scale_precision": "5", "rock_type": "Felsite" }, "geometry": { "type": "MultiPolygon", "coordinates": [ [ [ [ -15.032593043005866, 64.394995297868931 ], [ -15.032461044253068, 64.395463017371895 ], [ -15.032201516983259, 64.395779407343241 ], [ -15.031594673756086, 64.396428281535989 ], [ -15.031307289347845, 64.396642257848725 ], [ -15.030982701451775, 64.396818256294424 ], [ -15.030687282823822, 64.397087461297502 ], [ -15.030591356955492, 64.397306644641475 ], [ -15.030651041846708, 64.397483854237919 ], [ -15.030862202241821, 64.397794563285842 ], [ -15.030977296716767, 64.397851041796528 ], [ -15.031101454281719, 64.397911967332547 ], [ -15.031304721700112, 64.398130047218928 ], [ -15.031389700684, 64.398280220193328 ], [ -15.031550421776222, 64.398497142482356 ], [ -15.031834788789022, 64.398745150997684 ], [ -15.032092536166799, 64.399029400421995 ], [ -15.032946026545172, 64.399329845806449 ], [ -15.033370105220913, 64.399498476645178 ], [ -15.033718439234901, 64.399600358050947 ], [ -15.034218278260797, 64.399835734633982 ], [ -15.034651622240627, 64.400087785108468 ], [ -15.034857502922366, 64.400435308495062 ], [ -15.034846812344162, 64.400508948664566 ], [ -15.035123315103677, 64.400664322465971 ], [ -15.035164431578325, 64.400822542113076 ], [ -15.034986193321444, 64.400873147534313 ], [ -15.034749467015169, 64.400885198256276 ], [ -15.034391757348605, 64.400847754422671 ], [ -15.033788075221585, 64.400738935511683 ], [ -15.033596012128763, 64.400669736989414 ], [ -15.033262431172256, 64.400549549482818 ], [ -15.033206807889288, 64.400529508522681 ], [ -15.032955808838739, 64.400439073426853 ], [ -15.032656706525565, 64.400292322086443 ], [ -15.032421438363704, 64.400147305577562 ], [ -15.032261919961597, 64.400069037689732 ], [ -15.032222040503729, 64.400049470690604 ], [ -15.031985439476294, 64.399913658478198 ], [ -15.031626530229016, 64.399737554417001 ], [ -15.03134738178769, 64.399600583983087 ], [ -15.031004406882381, 64.399461876982855 ], [ -15.030692075423802, 64.399259313031237 ], [ -15.030342419251294, 64.399166629392042 ], [ -15.030128578501929, 64.398874329528482 ], [ -15.029955955869465, 64.398592392007686 ], [ -15.029815315587971, 64.39823739335219 ], [ -15.029816784578383, 64.398080329935908 ], [ -15.029696085852986, 64.397735115001893 ], [ -15.029718830427131, 64.397578630461666 ], [ -15.029749602083792, 64.397366916079818 ], [ -15.029781711130695, 64.397145996720084 ], [ -15.029924205193662, 64.396900356672461 ], [ -15.030731607671472, 64.396176082111708 ], [ -15.031024341245576, 64.395925286998732 ], [ -15.031456745420122, 64.395595118175621 ], [ -15.031640425676441, 64.395359838687042 ], [ -15.031821548842771, 64.394995110529422 ], [ -15.031972035455521, 64.394694238562025 ], [ -15.032178433010777, 64.394302473535603 ], [ -15.032257191888732, 64.393907237280132 ], [ -15.032286720626924, 64.393556868980397 ], [ -15.03217281336131, 64.393017772779999 ], [ -15.031796973733647, 64.392517758884438 ], [ -15.031244173815441, 64.392206998286682 ], [ -15.030902629365849, 64.392059086109413 ], [ -15.03082047252869, 64.39174264453294 ], [ -15.030872499343873, 64.391531508678938 ], [ -15.03112920348523, 64.391381389493944 ], [ -15.031634460414546, 64.391284238097626 ], [ -15.03227924668686, 64.391255569454586 ], [ -15.032698080628766, 64.391165305361071 ], [ -15.032950761816494, 64.391042797970201 ], [ -15.033220701350221, 64.390948483510414 ], [ -15.033538523756976, 64.390818505166322 ], [ -15.033945321490032, 64.390811082543991 ], [ -15.034155346897222, 64.390835274952266 ], [ -15.034609922860746, 64.390940045271577 ], [ -15.03474401271094, 64.391193205875027 ], [ -15.034580426699485, 64.39129041399805 ], [ -15.034242669612583, 64.391410611390583 ], [ -15.033829181924503, 64.391464059881585 ], [ -15.033310677579104, 64.391505410503797 ], [ -15.032411862785587, 64.391665795596069 ], [ -15.03221897450784, 64.391817652567653 ], [ -15.032346362758961, 64.392116840350084 ], [ -15.032639911564795, 64.392448270667117 ], [ -15.032767307355993, 64.39274745809125 ], [ -15.032886686208336, 64.393101875409414 ], [ -15.03289046718494, 64.393369977231899 ], [ -15.032855485087033, 64.393905024066839 ], [ -15.032832417221348, 64.394505084324948 ], [ -15.032593043005866, 64.394995297868931 ] ] ] ] } },
{ "type": "Feature", "properties": { "fid": 18, "rock_type_unit": "Granite", "name_unit": "Skeggtindar Granite Sheet", "volcanic_system": "Slaufrudalur", "formation_geology_type": "Intrusion", "feature_type": "Dyke", "geological_age": null, "geological_group": "Hornafjörður Intrusive Suite", "geological_formation": null, "notes": "Dyke in E-W fracture. Granitic. Likely related to the pluton.", "citation": "Askew et al. 2026", "date_reference": null, "date_input": "2026-07-22", "username": "Robert Alexander Askew - NATT", "unit_code": null, "scale_precision": "2", "rock_type": "Granite" }, "geometry": { "type": "MultiPolygon", "coordinates": [ [ [ [ -15.045130492050438, 64.361593578178159 ], [ -15.044944461320462, 64.36161082332454 ], [ -15.044725015810579, 64.361598179237163 ], [ -15.044456778957155, 64.36155522837322 ], [ -15.044225600904449, 64.361505108523644 ], [ -15.043617277516889, 64.361382326540536 ], [ -15.043108632556725, 64.361303108248322 ], [ -15.041379838174018, 64.360868023512779 ], [ -15.032858521530194, 64.35812099357706 ], [ -15.031963534539415, 64.357858818705893 ], [ -15.030969542142079, 64.357522599533013 ], [ -15.030662166967801, 64.357371543277665 ], [ -15.030836474875185, 64.357304950277921 ], [ -15.031410307944075, 64.357510824932348 ], [ -15.032045687805523, 64.357670812264672 ], [ -15.041413085182208, 64.360446313963195 ], [ -15.042257001356328, 64.360683258882446 ], [ -15.042765037328378, 64.360838493995033 ], [ -15.042940338106789, 64.360892057958495 ], [ -15.043533687054206, 64.361018929657376 ], [ -15.043951729336431, 64.361109759723817 ], [ -15.04449161902612, 64.361171975619015 ], [ -15.044932406017375, 64.361255279955571 ], [ -15.045114347821524, 64.361325613255389 ], [ -15.045200609893243, 64.361393349736005 ], [ -15.045218528894395, 64.36145923145888 ], [ -15.045209110519197, 64.361524371291395 ], [ -15.045130492050438, 64.361593578178159 ] ] ] ] } },
{ "type": "Feature", "properties": { "fid": 19, "rock_type_unit": "Ignimbrite", "name_unit": "Þorgeirsstaðadalur Ignimbrite", "volcanic_system": "Þorgeirstaðadalur", "formation_geology_type": "Pyroclastic", "feature_type": "Conduit", "geological_age": "Neogene", "geological_group": "Hornafjörður Group", "geological_formation": "Þorgeirsstaðadalur Caldera Formation", "notes": "Lithic rich intrusion, angular lithics with no reaction rims - mechanical fracturing. Granite and gabbro clasts. Granite fuidal - thermally reacting. Conduit ignimbrite.", "citation": "Askew et al. 2026", "date_reference": null, "date_input": "2026-07-22", "username": "Robert Alexander Askew - NATT", "unit_code": "Þg-Ig", "scale_precision": "2", "rock_type": "Ignimbrite" }, "geometry": { "type": "MultiPolygon", "coordinates": [ [ [ [ -14.979799709468395, 64.347677971490228 ], [ -14.97959035661235, 64.347680428078519 ], [ -14.979482455877207, 64.347671273072578 ], [ -14.979376574362529, 64.347680703256614 ], [ -14.979216546802272, 64.347703050467231 ], [ -14.97905480134655, 64.347704761708684 ], [ -14.978909567918164, 64.347723399343622 ], [ -14.978844242955478, 64.347715419303327 ], [ -14.978741795847991, 64.347766120618743 ], [ -14.978470762131444, 64.347832755471785 ], [ -14.97819843292384, 64.347807411141289 ], [ -14.977832905350708, 64.347755729076567 ], [ -14.977737485220736, 64.347715741453356 ], [ -14.977698919572793, 64.34765497003724 ], [ -14.977709769980537, 64.347581151441773 ], [ -14.97774135108293, 64.347495552318847 ], [ -14.977768300570675, 64.347435586114671 ], [ -14.977782837446563, 64.347354662963554 ], [ -14.977817422596649, 64.347281165975687 ], [ -14.977875409321584, 64.347192279407267 ], [ -14.977897739235363, 64.347148224810226 ], [ -14.978027708406058, 64.34696511103968 ], [ -14.97808005933538, 64.346950520875865 ], [ -14.978536949527562, 64.346862340468633 ], [ -14.979030010880797, 64.346779739007502 ], [ -14.979784438829299, 64.347606288951013 ], [ -14.979799196252777, 64.347649133621957 ], [ -14.979799709468395, 64.347677971490228 ] ] ] ] } },
{ "type": "Feature", "properties": { "fid": 20, "rock_type_unit": "Conduit ignimbrite", "name_unit": "Mógil Conduit Ignimbrite", "volcanic_system": "Þorgeirstaðadalur", "formation_geology_type": "Pyroclastic", "feature_type": "Pyroclastic", "geological_age": "Neogene", "geological_group": "Hornafjörður Group", "geological_formation": "Þorgeirsstaðadalur Caldera Formation", "notes": "Welded ignimbrite, confined morphology likely a conduit. Displays highly variable morphology within the small unit - some sections with fiamme, others clastic (angular lithics) in glass, and some welded or sintered sections.", "citation": "Askew et al. 2026", "date_reference": null, "date_input": "2026-07-22", "username": "Robert Alexander Askew - NATT", "unit_code": "Þg-Agg", "scale_precision": "2", "rock_type": "Ignimbrite" }, "geometry": { "type": "MultiPolygon", "coordinates": [ [ [ [ -14.980230784615166, 64.346556312738073 ], [ -14.981315307390453, 64.346292302446329 ], [ -14.98205290934896, 64.34591525629709 ], [ -14.982749381496481, 64.345744865304127 ], [ -14.9836755999104, 64.345536468428676 ], [ -14.984416765681257, 64.345571838670253 ], [ -14.984726423156218, 64.345711736787464 ], [ -14.984800180545415, 64.345935572673298 ], [ -14.984600597620556, 64.346133389026349 ], [ -14.984484597928592, 64.346342751482396 ], [ -14.984486923710577, 64.346472200381385 ], [ -14.984944252137449, 64.346697369344028 ], [ -14.985353717417704, 64.346958184387731 ], [ -14.985163212153129, 64.34723942771268 ], [ -14.984743168529114, 64.347486617783673 ], [ -14.984347054021363, 64.347715983062685 ], [ -14.983798611400792, 64.347821004072074 ], [ -14.983059046118914, 64.347920752185559 ], [ -14.982196117177077, 64.347989368340436 ], [ -14.980981679014914, 64.347747650658121 ], [ -14.980417704146028, 64.34767443985497 ], [ -14.979799709468395, 64.347677971490228 ], [ -14.979799196252777, 64.347649133621957 ], [ -14.979784438829299, 64.347606288951013 ], [ -14.979030010880797, 64.346779739007502 ], [ -14.979160357988347, 64.346755847659026 ], [ -14.979263716898268, 64.346735792804196 ], [ -14.980230784615166, 64.346556312738073 ] ] ] ] } },
{ "type": "Feature", "properties": { "fid": 21, "rock_type_unit": "Rhyolite lava", "name_unit": "Mógil Rhyolite Lava", "volcanic_system": "Þorgeirstaðadalur", "formation_geology_type": "Lava", "feature_type": "Lava", "geological_age": "Neogene", "geological_group": "Hornafjörður Group", "geological_formation": "Þorgeirsstaðadalur Caldera Formation", "notes": "Massive rhyolite - inaccessible", "citation": "Askew et al. 2026", "date_reference": null, "date_input": "2026-07-22", "username": "Robert Alexander Askew - NATT", "unit_code": "Þg-R", "scale_precision": "10", "rock_type": "Rhyolite" }, "geometry": { "type": "MultiPolygon", "coordinates": [ [ [ [ -14.992802100391003, 64.346569329086194 ], [ -14.992923918724284, 64.346756846596733 ], [ -14.992766351969037, 64.346891880200431 ], [ -14.992300535626171, 64.347093093843441 ], [ -14.992076520562714, 64.347211366012573 ], [ -14.991853955784274, 64.347319722879774 ], [ -14.991479803609758, 64.347443817390257 ], [ -14.99067031409443, 64.347560905402645 ], [ -14.990252584145018, 64.347668865006469 ], [ -14.989987165785353, 64.347756129671538 ], [ -14.989842655598762, 64.347801925660178 ], [ -14.989456681314229, 64.347912220125593 ], [ -14.987999173764152, 64.347964496945039 ], [ -14.986829871671931, 64.347941524965364 ], [ -14.986054960865424, 64.347846237287285 ], [ -14.985204567272451, 64.347684172339058 ], [ -14.984347054021363, 64.347715983062685 ], [ -14.984743168529114, 64.347486617783673 ], [ -14.985163212153129, 64.34723942771268 ], [ -14.985353717417704, 64.346958184387731 ], [ -14.984944252137449, 64.346697369344028 ], [ -14.984486923710577, 64.346472200381385 ], [ -14.984484597928592, 64.346342751482396 ], [ -14.984600597620556, 64.346133389026349 ], [ -14.984800180545415, 64.345935572673298 ], [ -14.984726423156218, 64.345711736787464 ], [ -14.984416765681257, 64.345571838670253 ], [ -14.984945938402904, 64.345486878436489 ], [ -14.98525253165948, 64.345510263063616 ], [ -14.985854812527, 64.345631392118747 ], [ -14.986807987276256, 64.345787075596348 ], [ -14.987291556608577, 64.345934792033503 ], [ -14.987890221855501, 64.346080699966777 ], [ -14.988251375024948, 64.346099735847972 ], [ -14.988905692425906, 64.346203242765768 ], [ -14.989532518230455, 64.346235437248367 ], [ -14.990487372304463, 64.346301547345647 ], [ -14.991505767265233, 64.346404242152587 ], [ -14.992171812818331, 64.34648230165314 ], [ -14.992802100391003, 64.346569329086194 ] ] ] ] } },
{ "type": "Feature", "properties": { "fid": 23, "rock_type_unit": "Basaltic lava and interbeds", "name_unit": "Endilausidalur Porphyrytic Basalt Lava", "volcanic_system": "", "formation_geology_type": "Lava", "feature_type": "Lava", "geological_age": "Neogene", "geological_group": "Hornafjörður Group", "geological_formation": "Hornafjörður Plateau Basalt Formation", "notes": "Plagioclase porphyrytic unit", "citation": "Gupta 2023; Askew et al. 2026", "date_reference": null, "date_input": "2026-07-22", "username": "Robert Alexander Askew - NATT", "unit_code": null, "scale_precision": "10", "rock_type": "Porphyrytic Basalt" }, "geometry": { "type": "MultiPolygon", "coordinates": [ [ [ [ -15.050842717849209, 64.335565533289895 ], [ -15.05102529969016, 64.335241777555552 ], [ -15.051382233890946, 64.334687748748465 ], [ -15.05164227585896, 64.334509978575042 ], [ -15.051768319502948, 64.334374779772489 ], [ -15.051886397657597, 64.334294811725272 ], [ -15.051997838444672, 64.334260869307073 ], [ -15.052198165712465, 64.334201613769125 ], [ -15.052528503495344, 64.334127400993523 ], [ -15.052922517843959, 64.33405491395078 ], [ -15.053166620698176, 64.333987602901175 ], [ -15.05330193847087, 64.333935824627659 ], [ -15.053595125224897, 64.333823637938039 ], [ -15.053904228768406, 64.333748846654018 ], [ -15.054215983755007, 64.333655644385573 ], [ -15.054541003692407, 64.333618247710476 ], [ -15.05501327702418, 64.333594081849284 ], [ -15.055608926048761, 64.333600980629356 ], [ -15.056479185594187, 64.333624557044374 ], [ -15.063376615178518, 64.334707612324323 ], [ -15.063863509447547, 64.33473001799706 ], [ -15.06439021191064, 64.334771980203072 ], [ -15.064793523455457, 64.334782882210874 ], [ -15.065324197029428, 64.334797225257958 ], [ -15.067970888205741, 64.334767080024974 ], [ -15.072303852934235, 64.334865557811227 ], [ -15.073195394138239, 64.334889607095377 ], [ -15.073731354454695, 64.334867098186677 ], [ -15.07411872366904, 64.33484058056473 ], [ -15.074490144224612, 64.334776668168345 ], [ -15.074718252376774, 64.33467192728348 ], [ -15.074796450270842, 64.334572385343876 ], [ -15.07485342069498, 64.334472271068833 ], [ -15.074873215703709, 64.334334190781092 ], [ -15.074770929149768, 64.334155855290916 ], [ -15.074545133660006, 64.333798611762361 ], [ -15.074328691943057, 64.333524788388758 ], [ -15.073938272929354, 64.33297828555564 ], [ -15.073526644185954, 64.33243120920875 ], [ -15.073396548056367, 64.332298326980293 ], [ -15.073314287482885, 64.33227762625026 ], [ -15.073148446569867, 64.332245429986756 ], [ -15.072873840030192, 64.332228781322542 ], [ -15.072685454543109, 64.332205217280006 ], [ -15.072393584774762, 64.332160379104337 ], [ -15.071813809838549, 64.332043085029611 ], [ -15.071454212609927, 64.331876284800217 ], [ -15.070934068307807, 64.331640463636575 ], [ -15.07011274107054, 64.331276377144093 ], [ -15.068750183589124, 64.330823741886704 ], [ -15.067942202660596, 64.330515448135344 ], [ -15.06743144020604, 64.330363035381652 ], [ -15.067209879418575, 64.330273880529745 ], [ -15.067012187690551, 64.330166888223047 ], [ -15.066923258353436, 64.330044352384689 ], [ -15.066854230882527, 64.329931595231969 ], [ -15.066831616671509, 64.329792369150837 ], [ -15.066830225693437, 64.329653716532789 ], [ -15.066785066794488, 64.329523122258252 ], [ -15.066765097560269, 64.329365485617799 ], [ -15.066609859503494, 64.329259639712006 ], [ -15.066513001604088, 64.329192335278037 ], [ -15.066353798696399, 64.329114104921743 ], [ -15.066148184670507, 64.329062343084303 ], [ -15.066027461377576, 64.329012875304215 ], [ -15.065776758923962, 64.32897837631333 ], [ -15.065340345698457, 64.328901892831666 ], [ -15.065006078406105, 64.328855892505771 ], [ -15.064606822481672, 64.328817375321634 ], [ -15.063668968665114, 64.328524025651646 ], [ -15.062940706379409, 64.328254820885249 ], [ -15.062427321664877, 64.327972943219237 ], [ -15.061500070591693, 64.327458079846664 ], [ -15.061009260536546, 64.327167566211145 ], [ -15.060750564841506, 64.326892574171438 ], [ -15.06055550090691, 64.326471446956788 ], [ -15.060121692631132, 64.325932963837019 ], [ -15.060036101803336, 64.325781228524804 ], [ -15.060302164280019, 64.32563192404055 ], [ -15.060735856436665, 64.326402400119676 ], [ -15.061271855385257, 64.327119226374521 ], [ -15.061546444049347, 64.327283754763101 ], [ -15.062098278513691, 64.327594399528039 ], [ -15.062614299688939, 64.327857867871032 ], [ -15.063065342237792, 64.328128817612011 ], [ -15.063350537676952, 64.328219700676584 ], [ -15.06403768198262, 64.32847855040869 ], [ -15.064605442802682, 64.328678722691208 ], [ -15.065150607104471, 64.32873966643217 ], [ -15.065856295464833, 64.328869633940002 ], [ -15.066455878066593, 64.328996730479417 ], [ -15.066820695585907, 64.329126721902398 ], [ -15.067071470844379, 64.32930907698811 ], [ -15.067075507111332, 64.329429319042774 ], [ -15.067062286643454, 64.329521371832499 ], [ -15.067021302628934, 64.329806735476481 ], [ -15.067022694580992, 64.329945388094117 ], [ -15.067260187374838, 64.330071937754909 ], [ -15.067459201335664, 64.330169724441646 ], [ -15.067907611518663, 64.330311211901687 ], [ -15.069494343664484, 64.330834596140079 ], [ -15.070827764385376, 64.331341883447195 ], [ -15.071540338319803, 64.331721512704462 ], [ -15.072085675717139, 64.33193028842885 ], [ -15.072473104302505, 64.332051633098274 ], [ -15.072955998246941, 64.33210162438624 ], [ -15.073189473593414, 64.332107922489598 ], [ -15.073274373745999, 64.332110212616286 ], [ -15.073444174093716, 64.332114792721313 ], [ -15.073729445395081, 64.332205655498058 ], [ -15.073815772322831, 64.332346597883657 ], [ -15.073995028207815, 64.332582455787474 ], [ -15.074117209567216, 64.332770569553105 ], [ -15.074385552306646, 64.333276816378273 ], [ -15.07462453852348, 64.333542006643953 ], [ -15.074943156470928, 64.333846307085892 ], [ -15.075424997475011, 64.334201211415206 ], [ -15.075608237587289, 64.334409451290085 ], [ -15.075706572355188, 64.334615402276441 ], [ -15.075694814428649, 64.33484610845592 ], [ -15.075645762884223, 64.334890990902963 ], [ -15.075294251209364, 64.334964683833746 ], [ -15.074836600946686, 64.335035514465375 ], [ -15.074620368280131, 64.335057407381797 ], [ -15.074044590212029, 64.335060364046882 ], [ -15.073511266682274, 64.335064463426178 ], [ -15.072366312575845, 64.335024339069662 ], [ -15.071858178885185, 64.335001389066036 ], [ -15.070714550920371, 64.334952046410876 ], [ -15.069674419838995, 64.334923970681416 ], [ -15.068460508597088, 64.334918917706062 ], [ -15.067228015230173, 64.33489487065016 ], [ -15.066503650386439, 64.334893783612728 ], [ -15.066138822745417, 64.33491164929174 ], [ -15.065564369643697, 64.334905367188597 ], [ -15.064903685673395, 64.334905993131841 ], [ -15.064602537938388, 64.334925576185626 ], [ -15.064028084897116, 64.33491928802853 ], [ -15.063730906683919, 64.334911253517845 ], [ -15.063076840777333, 64.334865844921978 ], [ -15.062620438267722, 64.334779574009474 ], [ -15.057426433577184, 64.334001374654619 ], [ -15.055980393606653, 64.333832831272858 ], [ -15.055831811547174, 64.333828805890604 ], [ -15.055238809973682, 64.333803497673046 ], [ -15.054750612822287, 64.333790268364766 ], [ -15.054368545815077, 64.333779913852581 ], [ -15.05403821720018, 64.333854130796283 ], [ -15.053926780592631, 64.333888074773412 ], [ -15.053615021979779, 64.333981276424709 ], [ -15.053453171107266, 64.334069300211482 ], [ -15.053377550898068, 64.334150420378435 ], [ -15.053201106661533, 64.334191842675878 ], [ -15.052849543641567, 64.334265481477843 ], [ -15.052483388296402, 64.334292518133523 ], [ -15.052150393818067, 64.33438514110027 ], [ -15.052072114236852, 64.334484670884308 ], [ -15.051829319620987, 64.334690632904142 ], [ -15.051674083291344, 64.334880486947569 ], [ -15.051607734848048, 64.335045028152024 ], [ -15.051453822544849, 64.335225676823327 ], [ -15.051264077044259, 64.335507006135316 ], [ -15.050939013384506, 64.335692253462 ], [ -15.050768641511889, 64.335747127013192 ], [ -15.050842717849209, 64.335565533289895 ] ] ] ] } },
{ "type": "Feature", "properties": { "fid": 24, "rock_type_unit": "Basaltic lava and interbeds", "name_unit": "Endilausidalur Porphyrytic Basalt Lava", "volcanic_system": "", "formation_geology_type": "Lava", "feature_type": "Lava", "geological_age": "Neogene", "geological_group": "Hornafjörður Group", "geological_formation": "Hornafjörður Plateau Basalt Formation", "notes": "Plagioclase porhyrytic", "citation": "Askew et al. 2026", "date_reference": null, "date_input": "2026-07-22", "username": "Robert Alexander Askew - NATT", "unit_code": null, "scale_precision": "10", "rock_type": "Porphyrytic Basalt" }, "geometry": { "type": "MultiPolygon", "coordinates": [ [ [ [ -15.063157941526779, 64.323796429948999 ], [ -15.063167381029464, 64.323862220163264 ], [ -15.063237800040769, 64.324261489460071 ], [ -15.063261813694352, 64.324687226499037 ], [ -15.063584274329369, 64.325259651566796 ], [ -15.064019409165834, 64.325641061247865 ], [ -15.064390840004595, 64.325872890337124 ], [ -15.064807362839836, 64.32608745549372 ], [ -15.06559924717093, 64.326358371836818 ], [ -15.066888476218121, 64.326578037269783 ], [ -15.067720119948699, 64.326720641686705 ], [ -15.068137927395362, 64.326778134185389 ], [ -15.06876133846815, 64.326887383919825 ], [ -15.069326376187513, 64.326958090507574 ], [ -15.06983303771945, 64.326990254627162 ], [ -15.07050823667957, 64.327184063684072 ], [ -15.070946048638879, 64.327399184239226 ], [ -15.071764725473324, 64.327929534460054 ], [ -15.072628618738674, 64.328590472568592 ], [ -15.073946151675628, 64.329208195222421 ], [ -15.075521062251205, 64.329814361884829 ], [ -15.076796026374584, 64.330135198632121 ], [ -15.077531067515039, 64.330358307319102 ], [ -15.078817943893217, 64.33059627802038 ], [ -15.079559465954683, 64.330625491657486 ], [ -15.080376520503124, 64.330573567414078 ], [ -15.080763822630306, 64.330547032141553 ], [ -15.081251974544442, 64.330560174325782 ], [ -15.081392638868914, 64.330619406252666 ], [ -15.081414010406526, 64.330767835487919 ], [ -15.081168834369452, 64.330992257122148 ], [ -15.08088384028998, 64.331197124707629 ], [ -15.080807280072449, 64.331583180288675 ], [ -15.08108905511072, 64.332145218589673 ], [ -15.08158280164916, 64.332417253854857 ], [ -15.085701726424553, 64.336991385102607 ], [ -15.085731706381869, 64.337676012858807 ], [ -15.085403070135429, 64.338036811346996 ], [ -15.084785102324375, 64.338334384828428 ], [ -15.083369588776689, 64.338545819737448 ], [ -15.081606164820966, 64.338507616881429 ], [ -15.080403954730256, 64.338419814618035 ], [ -15.078934992080349, 64.338260132825894 ], [ -15.077929145157649, 64.338140633771459 ], [ -15.072607615060379, 64.336758906854868 ], [ -15.070911788343519, 64.336398960592518 ], [ -15.067588136897202, 64.336096686988128 ], [ -15.066817248167926, 64.335974212702567 ], [ -15.065904449432093, 64.335949550811989 ], [ -15.065222512459339, 64.335949604599975 ], [ -15.064638775594144, 64.33600775571108 ], [ -15.064029838187755, 64.336092946381257 ], [ -15.063610625352682, 64.336192505278689 ], [ -15.062803962047514, 64.336170693599911 ], [ -15.060484786227157, 64.335997066692599 ], [ -15.058001141846995, 64.335929842143301 ], [ -15.056206086032041, 64.335964398927516 ], [ -15.055258806312596, 64.336031147207038 ], [ -15.054755978014251, 64.336119174845436 ], [ -15.053779499091847, 64.33638842727494 ], [ -15.053299210370678, 64.336615678053406 ], [ -15.052858709386408, 64.337010346529595 ], [ -15.052515039667064, 64.337620185490707 ], [ -15.052341198675355, 64.338086770377387 ], [ -15.052285446755988, 64.338473386678871 ], [ -15.052171313799906, 64.338821455587933 ], [ -15.051709518331231, 64.339363403033758 ], [ -15.051336640002452, 64.339584320533319 ], [ -15.050959788547791, 64.339684994506143 ], [ -15.05000707627218, 64.339640671238726 ], [ -15.049216264712493, 64.339508322813032 ], [ -15.049165859353298, 64.339414543492495 ], [ -15.049622296682312, 64.339500856552334 ], [ -15.050284419903791, 64.339491094734313 ], [ -15.050695763440027, 64.339446804955145 ], [ -15.050971773425436, 64.339306432280907 ], [ -15.051405699667402, 64.338957795160553 ], [ -15.05177726596747, 64.338450366675644 ], [ -15.052097078519255, 64.337858364110232 ], [ -15.052436804862209, 64.336832567675557 ], [ -15.05281229800732, 64.336445379131021 ], [ -15.053345659228976, 64.33614563955804 ], [ -15.054105878093484, 64.335898252525737 ], [ -15.054831591304584, 64.335742338040589 ], [ -15.05561302121634, 64.335643376318188 ], [ -15.057487664192561, 64.335647946938963 ], [ -15.059310578162632, 64.335715780829645 ], [ -15.061137512327555, 64.335903834194312 ], [ -15.062509372881147, 64.335996388153333 ], [ -15.063079877041542, 64.336030298035439 ], [ -15.063358486539562, 64.336019349407195 ], [ -15.063710043817521, 64.335945685253492 ], [ -15.064154450256908, 64.3358190841587 ], [ -15.064527230499335, 64.335745991887336 ], [ -15.065893739802529, 64.335727477082258 ], [ -15.066549153457053, 64.335763667763729 ], [ -15.067858663868952, 64.335845245576834 ], [ -15.069347338954465, 64.336014817345756 ], [ -15.070713948196325, 64.336144115310944 ], [ -15.072084629592911, 64.336393642435254 ], [ -15.073350617491521, 64.336778946757747 ], [ -15.07416808406877, 64.337022773214898 ], [ -15.075274854226194, 64.337329838807861 ], [ -15.076304647682587, 64.337579375482463 ], [ -15.077330502876835, 64.337856521017443 ], [ -15.078170585504076, 64.338091691604021 ], [ -15.082567955895849, 64.338339437725708 ], [ -15.08381378608083, 64.338271300734533 ], [ -15.084581852910002, 64.338116380119388 ], [ -15.085116383064143, 64.337955176831969 ], [ -15.085318961190024, 64.337581748966585 ], [ -15.085383459273549, 64.33713068196316 ], [ -15.081281693173992, 64.332436871360898 ], [ -15.080956433695862, 64.332178611834067 ], [ -15.080617860993165, 64.331864547711618 ], [ -15.080495639070845, 64.331676439406792 ], [ -15.080393183880702, 64.331350249991303 ], [ -15.08043271339368, 64.331074087966059 ], [ -15.080543962947862, 64.330892265838244 ], [ -15.080379439570551, 64.330850872403033 ], [ -15.079720171519325, 64.330842360096383 ], [ -15.078942785737498, 64.330765976944292 ], [ -15.077750153249996, 64.330613715128976 ], [ -15.076796271531244, 64.330430914419821 ], [ -15.075790603982103, 64.330163542776475 ], [ -15.074893711725577, 64.32988061498726 ], [ -15.074308586616464, 64.329652294363001 ], [ -15.073539063917773, 64.329372792440296 ], [ -15.07279738012797, 64.329047832404015 ], [ -15.072346226302976, 64.32877691276903 ], [ -15.071863200076288, 64.328431203709442 ], [ -15.071473090451109, 64.328180410205547 ], [ -15.070878603921859, 64.327720797313305 ], [ -15.070472663717975, 64.327580464890445 ], [ -15.070244423860363, 64.327389483339502 ], [ -15.069981756420333, 64.327289981473243 ], [ -15.069624958713197, 64.327252624043325 ], [ -15.069053307804667, 64.327227945089987 ], [ -15.068494872510794, 64.327111210989884 ], [ -15.06817119423938, 64.326991575604822 ], [ -15.067863453046394, 64.326909333954362 ], [ -15.067131297250377, 64.326815623876257 ], [ -15.066564946042389, 64.326754114051255 ], [ -15.065806288822717, 64.326696644903535 ], [ -15.065247878170977, 64.326579898365637 ], [ -15.064607235777578, 64.326442444053185 ], [ -15.06422124409713, 64.32631187327064 ], [ -15.063815306247829, 64.326023664456912 ], [ -15.06344917056928, 64.325755012922983 ], [ -15.063254122830175, 64.325481747207064 ], [ -15.06303119517008, 64.325106075567206 ], [ -15.062545658949569, 64.324146211738977 ], [ -15.063157941526779, 64.323796429948999 ] ] ] ] } },
{ "type": "Feature", "properties": { "fid": 25, "rock_type_unit": "Mafic tuff", "name_unit": "Þorgeirstaðadalur Caldera Mafic Tuff", "volcanic_system": "Þorgeirstaðadalur", "formation_geology_type": "Pyroclastic", "feature_type": "Tuff", "geological_age": "Neogene", "geological_group": "Hornafjörður Group", "geological_formation": "Þorgeirsstaðadalur Caldera Formation", "notes": "Mafic tuff, altered.", "citation": "Askew et al. 2026", "date_reference": null, "date_input": "2026-07-22", "username": "Robert Alexander Askew - NATT", "unit_code": "Þg-mT", "scale_precision": "2", "rock_type": "Tuff" }, "geometry": { "type": "MultiPolygon", "coordinates": [ [ [ [ -14.986101149838328, 64.352836903617217 ], [ -14.986247123991152, 64.352859409180326 ], [ -14.986332756253978, 64.352857147671941 ], [ -14.986339507749676, 64.352811124910019 ], [ -14.986344908929903, 64.352774306700354 ], [ -14.986421636645357, 64.352614689973066 ], [ -14.986528561080343, 64.352321899756674 ], [ -14.986571403064357, 64.352175212045893 ], [ -14.986630757668296, 64.352061325408371 ], [ -14.986790047686446, 64.352065713888265 ], [ -14.986788516039132, 64.352148847453549 ], [ -14.986751569218132, 64.352328043736136 ], [ -14.986669261684467, 64.352598407866481 ], [ -14.98665287760365, 64.352782791541699 ], [ -14.98661206042245, 64.352915672449143 ], [ -14.986673571270675, 64.353005163716219 ], [ -14.986644230648682, 64.353059805910902 ], [ -14.986558597778121, 64.353062067602153 ], [ -14.986399977148343, 64.353053076592715 ], [ -14.986214898895543, 64.353006389403504 ], [ -14.986075000760192, 64.352942463332923 ], [ -14.985803800348537, 64.352828710242733 ], [ -14.985410569727897, 64.352674626605591 ], [ -14.985054418649222, 64.352558530819508 ], [ -14.984900715749603, 64.352443393280197 ], [ -14.985637632064879, 64.352653158656963 ], [ -14.985777527702398, 64.352717085145926 ], [ -14.985948607592968, 64.352786491641069 ], [ -14.986101149838328, 64.352836903617217 ] ] ] ] } },
{ "type": "Feature", "properties": { "fid": 26, "rock_type_unit": "Basaltic lava and interbeds", "name_unit": "Þorgeirsstaðadalur Porphyrytic Basalt Lava", "volcanic_system": "Þorgeirstaðadalur", "formation_geology_type": "Lava", "feature_type": "Lava", "geological_age": "Neogene", "geological_group": "Hornafjörður Group", "geological_formation": "Þorgeirstaðadalur Caldera Formation", "notes": null, "citation": "Askew et al. 2026", "date_reference": null, "date_input": "2026-07-22", "username": "Robert Alexander Askew - NATT", "unit_code": "Þg-pB", "scale_precision": "20", "rock_type": "Porphyrytic Basalt" }, "geometry": { "type": "MultiPolygon", "coordinates": [ [ [ [ -14.986421636645357, 64.352614689973066 ], [ -14.986344908929903, 64.352774306700354 ], [ -14.986339507749676, 64.352811124910019 ], [ -14.986332756253978, 64.352857147671941 ], [ -14.986247123991152, 64.352859409180326 ], [ -14.986101149838328, 64.352836903617217 ], [ -14.985948607592968, 64.352786491641069 ], [ -14.985777527702398, 64.352717085145926 ], [ -14.985637632064879, 64.352653158656963 ], [ -14.984900715749603, 64.352443393280197 ], [ -14.984658380881868, 64.352205669484349 ], [ -14.984823563076498, 64.352242568704142 ], [ -14.985169764970841, 64.352353770103932 ], [ -14.985551879742175, 64.352438235001458 ], [ -14.985786183312516, 64.352440070833666 ], [ -14.986039883853998, 64.352382369333739 ], [ -14.986154730153938, 64.35210828110776 ], [ -14.986239558839802, 64.351893437180919 ], [ -14.986528540420229, 64.351522487499494 ], [ -14.986911553801592, 64.351237303802094 ], [ -14.987297078818294, 64.351007638988023 ], [ -14.987801250460567, 64.350841312708582 ], [ -14.988356950566084, 64.350573288146066 ], [ -14.989014238019427, 64.350163325626383 ], [ -14.990451478964722, 64.349446319447196 ], [ -14.990008130227915, 64.349878243686803 ], [ -14.988986971710485, 64.350506020709886 ], [ -14.988386331762047, 64.350842881228786 ], [ -14.987744919798038, 64.351080046414282 ], [ -14.987374066191888, 64.351282391247238 ], [ -14.986963430700094, 64.351465155842604 ], [ -14.986729940411207, 64.351675904366218 ], [ -14.986602639178596, 64.351889578289018 ], [ -14.986630757668296, 64.352061325408371 ], [ -14.986571403064357, 64.352175212045893 ], [ -14.986528561080343, 64.352321899756674 ], [ -14.986421636645357, 64.352614689973066 ] ] ] ] } },
{ "type": "Feature", "properties": { "fid": 27, "rock_type_unit": "Bedded silicic tuff", "name_unit": "Þorgeirsstaðadalur Bedded Tuff", "volcanic_system": "Þorgeirstaðadalur", "formation_geology_type": "Pyroclastic", "feature_type": "Tuff", "geological_age": "Neogene", "geological_group": "Hornafjörður Group", "geological_formation": "Þorgeirstaðadalur Caldera Formation", "notes": "Layered tuff unit with subunits of ignimbrite, tuff, reworked voclaniclastic.", "citation": "Askew et al. 2026", "date_reference": null, "date_input": "2026-07-22", "username": "Robert Alexander Askew - NATT", "unit_code": "Þg-bT", "scale_precision": "10", "rock_type": "Tuff" }, "geometry": { "type": "MultiPolygon", "coordinates": [ [ [ [ -14.981992410758286, 64.348795871507178 ], [ -14.982122436578566, 64.348563792625242 ], [ -14.982206898157713, 64.348496809062965 ], [ -14.982661633914143, 64.348449280538688 ], [ -14.98298857005283, 64.348546094594951 ], [ -14.983137513968053, 64.348693449944548 ], [ -14.983308855797935, 64.348906115239259 ], [ -14.983302584814769, 64.349021464580289 ], [ -14.983215039651116, 64.349254715805756 ], [ -14.983015421105533, 64.349452530028515 ], [ -14.983166881207893, 64.349655405309704 ], [ -14.983297106666379, 64.349857694810041 ], [ -14.98338823783947, 64.350035801664205 ], [ -14.983669829198028, 64.350223781010513 ], [ -14.983858072397927, 64.350321389098596 ], [ -14.983948046965416, 64.350434771137742 ], [ -14.984024701633048, 64.350566269421435 ], [ -14.984158503702448, 64.350671617839282 ], [ -14.984338159215438, 64.350755125762319 ], [ -14.984653159182871, 64.350860847894737 ], [ -14.984798259357968, 64.350961886174275 ], [ -14.98469728635366, 64.350996069947314 ], [ -14.98453800288952, 64.350991679182371 ], [ -14.984337594787709, 64.350976912764196 ], [ -14.984090847309425, 64.350914659645099 ], [ -14.983875281942872, 64.350857886691543 ], [ -14.983457960069996, 64.350795550319503 ], [ -14.98314093856488, 64.350703632388857 ], [ -14.982767156130519, 64.350490005078768 ], [ -14.982445121026164, 64.350287045716726 ], [ -14.982161510069696, 64.350112870773728 ], [ -14.98172084861112, 64.349846565682583 ], [ -14.981177871543279, 64.349623645102028 ], [ -14.980817046094716, 64.349539754750907 ], [ -14.980515876138313, 64.34948523510721 ], [ -14.980129085321533, 64.349432972758237 ], [ -14.979632933663867, 64.349326860852671 ], [ -14.979358616188561, 64.349162178038171 ], [ -14.97921171880429, 64.349001012099222 ], [ -14.979237012424869, 64.34897398486649 ], [ -14.979438079341262, 64.348984156047678 ], [ -14.979591940816931, 64.34902537033274 ], [ -14.9798352803139, 64.349110642280735 ], [ -14.980151119528049, 64.349137842892802 ], [ -14.980321685715042, 64.34913792923129 ], [ -14.980640229790046, 64.349146719794845 ], [ -14.981028369443935, 64.349189776286195 ], [ -14.981379248628818, 64.349268770907472 ], [ -14.981685629389192, 64.349360399728582 ], [ -14.981913629446158, 64.349477591055049 ], [ -14.982009675363789, 64.349549553990585 ], [ -14.982084485108574, 64.349620931060613 ], [ -14.982205823308204, 64.349665866135609 ], [ -14.98228353057517, 64.349644905086421 ], [ -14.982351970860117, 64.34961444659983 ], [ -14.982304960894675, 64.349571561867535 ], [ -14.982240769003671, 64.34950047780184 ], [ -14.98219916549772, 64.349420774985134 ], [ -14.982154859170576, 64.349359481180528 ], [ -14.982129086393059, 64.349317182184492 ], [ -14.982136519844333, 64.349266557370996 ], [ -14.982146656324534, 64.349197523534073 ], [ -14.982062580979337, 64.349116649083555 ], [ -14.982081021061319, 64.34891845919779 ], [ -14.981992410758286, 64.348795871507178 ] ] ] ] } },
{ "type": "Feature", "properties": { "fid": 28, "rock_type_unit": "Gabbro", "name_unit": "Slaufrudalur Pluton", "volcanic_system": "Slaufrudalur", "formation_geology_type": "Intrusion", "feature_type": "Pluton", "geological_age": "Neogene", "geological_group": "Hornafjörður Intrusive Suite", "geological_formation": "Slaufrudalur Pluton", "notes": "Gabbroic section within a confined outcrop in Þorgeirs. Likely related to the pluton.", "citation": "Askew et al. 2026", "date_reference": null, "date_input": "2026-07-22", "username": "Robert Alexander Askew - NATT", "unit_code": null, "scale_precision": "10", "rock_type": "Gabbro" }, "geometry": { "type": "MultiPolygon", "coordinates": [ [ [ [ -14.99406918321608, 64.351566028086495 ], [ -14.99440657674992, 64.351761665505194 ], [ -14.994507526836237, 64.35231759952498 ], [ -14.993002137252972, 64.352853626592406 ], [ -14.992947055240501, 64.352773006954564 ], [ -14.9929358345337, 64.352618428276216 ], [ -14.992929589078262, 64.35244266428775 ], [ -14.99302549443922, 64.352297435234263 ], [ -14.993300581324704, 64.352166376299863 ], [ -14.993501727585262, 64.351978956314383 ], [ -14.993649854234194, 64.351837941888874 ], [ -14.993906351871471, 64.351593118250733 ], [ -14.993833127451531, 64.351405754485413 ], [ -14.993782421404999, 64.351255243085276 ], [ -14.99406918321608, 64.351566028086495 ] ] ] ] } },
{ "type": "Feature", "properties": { "fid": 29, "rock_type_unit": "Sandstone, contact metamorphism", "name_unit": "Kvosir Sandstone", "volcanic_system": "", "formation_geology_type": "Sedimentary", "feature_type": "Sedimentary Rock", "geological_age": null, "geological_group": "Hornafjörður Group", "geological_formation": "Hornafjörður Plateau Basalt Formation", "notes": "A very hard unit, in the field its hardness is indistinguisable from the basalts around it. Noted for its fluvial features, layering, cross-bedding and some round \"burrow-like\" features in sandstone layers. ", "citation": "Askew et al. 2026", "date_reference": null, "date_input": "2026-07-22", "username": "Robert Alexander Askew - NATT", "unit_code": null, "scale_precision": "2", "rock_type": "Sandstone" }, "geometry": { "type": "MultiPolygon", "coordinates": [ [ [ [ -15.033581299954832, 64.375189106366392 ], [ -15.033647854046519, 64.375024572993581 ], [ -15.033439397350559, 64.374843316598088 ], [ -15.032969292658278, 64.374553286077486 ], [ -15.031454214660686, 64.373523229168953 ], [ -15.030746328233517, 64.373254441470237 ], [ -15.029976024866265, 64.37297470889682 ], [ -15.029276188186143, 64.372650684291202 ], [ -15.029152800117764, 64.372471737506913 ], [ -15.029676165313942, 64.372541440094977 ], [ -15.030245925136358, 64.372732541758296 ], [ -15.030862088136287, 64.373045041957283 ], [ -15.031621713869624, 64.373398409693536 ], [ -15.032211307515007, 64.373747145533216 ], [ -15.032711881958537, 64.374121180261838 ], [ -15.033142133765402, 64.374391644880973 ], [ -15.033556478868562, 64.374624709934579 ], [ -15.034131542721132, 64.374926834739398 ], [ -15.034375843537164, 64.375155271562122 ], [ -15.034476684884048, 64.375342840787994 ], [ -15.034349031933642, 64.375487229958125 ], [ -15.033014904321808, 64.375709694129284 ], [ -15.031391158821195, 64.375868815767063 ], [ -15.028989000513022, 64.375803411307587 ], [ -15.026261445666258, 64.375627443477413 ], [ -15.025816522941099, 64.375458212766318 ], [ -15.027324480875849, 64.375508549957289 ], [ -15.028599945882963, 64.375543297452097 ], [ -15.029960445459011, 64.375580349164423 ], [ -15.030725728088841, 64.375601185181054 ], [ -15.031970710595539, 64.375551901026626 ], [ -15.032554024164506, 64.375503085587837 ], [ -15.03321312993863, 64.375373157962656 ], [ -15.033581299954832, 64.375189106366392 ] ] ] ] } },
{ "type": "Feature", "properties": { "fid": 35, "rock_type_unit": "Felsite sheet", "name_unit": "Bálkafoss Felsite Sheet", "volcanic_system": null, "formation_geology_type": "Intrusion", "feature_type": "Dyke", "geological_age": null, "geological_group": "Hornafjörður Intrusive Suite", "geological_formation": null, "notes": "Rhyolite intrusion, exposire inaccessible, appears to trace along a fracture feature which may relate to Skeggil fault", "citation": "Askew et al. 2026", "date_reference": null, "date_input": "2026-07-22", "username": "Robert Alexander Askew - NATT", "unit_code": null, "scale_precision": "10", "rock_type": "Felsite" }, "geometry": { "type": "MultiPolygon", "coordinates": [ [ [ [ -15.022668736361833, 64.375856651203065 ], [ -15.022513953163475, 64.375810131244378 ], [ -15.022215983576833, 64.375701952307921 ], [ -15.021842019950348, 64.375615796629191 ], [ -15.021212965137734, 64.375523797309199 ], [ -15.020742860401931, 64.375320628429137 ], [ -15.020443074014837, 64.375083062849114 ], [ -15.019926098575251, 64.374811853343061 ], [ -15.019889633306718, 64.374793226745766 ], [ -15.018757069064947, 64.374214691495453 ], [ -15.018067740019932, 64.373862552908321 ], [ -15.018826477208824, 64.374209357677444 ], [ -15.020035309786207, 64.374761866459181 ], [ -15.020557930042605, 64.375068302671522 ], [ -15.020817765273264, 64.375270614187883 ], [ -15.021293938941744, 64.375483709430142 ], [ -15.021808166355795, 64.375564441220419 ], [ -15.022130343956961, 64.375632102437066 ], [ -15.022342539197316, 64.375684256216076 ], [ -15.022605768816508, 64.375798807924767 ], [ -15.022668736361833, 64.375856651203065 ] ] ] ] } },
{ "type": "Feature", "properties": { "fid": 36, "rock_type_unit": "Felsite sheet", "name_unit": "Gjádalsá Felsite Sheet", "volcanic_system": null, "formation_geology_type": "Intrusion", "feature_type": "Dyke", "geological_age": null, "geological_group": "Hornafjörður Intrusive Suite", "geological_formation": null, "notes": null, "citation": "Askew et al. 2026", "date_reference": null, "date_input": "2026-07-22", "username": "Robert Alexander Askew - NATT", "unit_code": null, "scale_precision": "10", "rock_type": "Felsite" }, "geometry": { "type": "MultiPolygon", "coordinates": [ [ [ [ -14.964844549144919, 64.376325624874298 ], [ -14.964739442850787, 64.376267323190049 ], [ -14.966118385284581, 64.375880804941602 ], [ -14.966753322045349, 64.375719883743145 ], [ -14.967431623207647, 64.375554004697321 ], [ -14.967734915297385, 64.375617785739053 ], [ -14.966915958822463, 64.375773620637645 ], [ -14.966575900564628, 64.375862689069137 ], [ -14.964844549144919, 64.376325624874298 ] ] ] ] } },
{ "type": "Feature", "properties": { "fid": 37, "rock_type_unit": "Ignimbrite", "name_unit": "Hvammsheiði Ignimbrite", "volcanic_system": "Slaufrudalur", "formation_geology_type": "Pyroclastic", "feature_type": "Pyroclastic", "geological_age": null, "geological_group": "Hornafjörður Group", "geological_formation": "Hvammsheiði Volcanic Formation", "notes": "Porrly exposed ignimbrite, best exposure along intrusion contact where it is somewhat hardened. Lithic rich ignimbrite with pumice clasts. Likely traces further than mapped extent but lack of exposure and structural data negates further inference.", "citation": "Askew et al. 2026", "date_reference": null, "date_input": "2026-07-22", "username": "Robert Alexander Askew - NATT", "unit_code": null, "scale_precision": "10", "rock_type": "Ignimbrite" }, "geometry": { "type": "MultiPolygon", "coordinates": [ [ [ [ -14.977474459979057, 64.382869505548413 ], [ -14.977095682778668, 64.382748697457544 ], [ -14.975994214805725, 64.382534375384296 ], [ -14.975250508867541, 64.382391229863629 ], [ -14.974732494388123, 64.382254310119293 ], [ -14.974260112321872, 64.382192221558839 ], [ -14.973926984927301, 64.38214623825921 ], [ -14.973541036542434, 64.382074271258389 ], [ -14.97292760946042, 64.382008283801298 ], [ -14.972358007337272, 64.382029339938271 ], [ -14.971231421098874, 64.382562285333123 ], [ -14.970531560438516, 64.383082489880636 ], [ -14.969851483774475, 64.383468353290283 ], [ -14.96964499752765, 64.383523958463996 ], [ -14.965624142811979, 64.385816202721841 ], [ -14.965445208842915, 64.386068762450023 ], [ -14.965448179695997, 64.386240517558178 ], [ -14.965333471401177, 64.386317469594019 ], [ -14.965156086971502, 64.386346891542146 ], [ -14.964894276123033, 64.386359340941183 ], [ -14.964865647019318, 64.386360702257974 ], [ -14.964614945367844, 64.386300712178297 ], [ -14.964542673689962, 64.386268127652912 ], [ -14.964533826402912, 64.386264138743016 ], [ -14.964430870257322, 64.38618014872273 ], [ -14.964311425470891, 64.38608467758236 ], [ -14.964342821371705, 64.385622087950125 ], [ -14.96466299373277, 64.384704030490511 ], [ -14.965171503238627, 64.384345870598864 ], [ -14.966745554411604, 64.383496859582991 ], [ -14.96749929000233, 64.383193273101256 ], [ -14.968331123095826, 64.382909379005369 ], [ -14.968874083522147, 64.382661337664175 ], [ -14.969231619073618, 64.382434474633214 ], [ -14.969596875640894, 64.382155214161017 ], [ -14.969884440415189, 64.381922031846244 ], [ -14.97034260259616, 64.38176809427928 ], [ -14.971050119720942, 64.381708728281794 ], [ -14.971891114295328, 64.381705655975097 ], [ -14.972641126454095, 64.381770212790073 ], [ -14.973271396728501, 64.381822690979121 ], [ -14.975415698275699, 64.382184391651705 ], [ -14.976538324829443, 64.38246964965721 ], [ -14.977474459979057, 64.382869505548413 ] ] ] ] } },
{ "type": "Feature", "properties": { "fid": 38, "rock_type_unit": "Reworked volcaniclastic", "name_unit": "Hvammsheiði Volcaniclastic Unit", "volcanic_system": "Slaufrudalur", "formation_geology_type": "Sedimentary", "feature_type": "Sedimentary Rock", "geological_age": null, "geological_group": "Hornafjörður Group", "geological_formation": "Hvammsheiði Volcanic Formation", "notes": "Likely not a single unit as the sediment (some outcrops breccia, others lithic bearing sandstone) appears to be interupted by lavas though the oxposure is poor and confined to small (<2 m) outcrops along the sill boundary.", "citation": "Askew et al. 2026", "date_reference": null, "date_input": "2026-07-22", "username": "Robert Alexander Askew - NATT", "unit_code": null, "scale_precision": "10", "rock_type": "Reworked volcaniclastic" }, "geometry": { "type": "MultiPolygon", "coordinates": [ [ [ [ -14.973222700559539, 64.391348009231749 ], [ -14.973079220813727, 64.391552507045276 ], [ -14.973030037877557, 64.392078426615583 ], [ -14.973018074855602, 64.392544062334963 ], [ -14.971482249113782, 64.395272935367728 ], [ -14.971472651733761, 64.395530178305208 ], [ -14.971709869461426, 64.395843285003934 ], [ -14.972058190725647, 64.396171720688614 ], [ -14.972483993087266, 64.396551343161917 ], [ -14.971789227922427, 64.39621972050135 ], [ -14.971435849576952, 64.395986226820185 ], [ -14.971086386300163, 64.395601018629506 ], [ -14.970946284571763, 64.395173647392113 ], [ -14.971136446782342, 64.394635537182992 ], [ -14.97145377886158, 64.394236778849844 ], [ -14.971929172930109, 64.393642619174031 ], [ -14.972047300428528, 64.392966679472323 ], [ -14.972165829951106, 64.392538459577338 ], [ -14.972577005938687, 64.39187860121892 ], [ -14.972792574445213, 64.391668806273103 ], [ -14.973222700559539, 64.391348009231749 ] ] ] ] } },
{ "type": "Feature", "properties": { "fid": 39, "rock_type_unit": "Felsite sheet", "name_unit": "Birnugil Felsite Sheet", "volcanic_system": "Slaufrudalur", "formation_geology_type": "Intrusion", "feature_type": "Sheet", "geological_age": null, "geological_group": "Hornafjörður Intrusive Suite", "geological_formation": "Hvammsheiði Intrusive Complex", "notes": null, "citation": "Askew et al. 2026", "date_reference": null, "date_input": "2026-07-22", "username": "Robert Alexander Askew - NATT", "unit_code": null, "scale_precision": "10", "rock_type": "Felsite" }, "geometry": { "type": "MultiPolygon", "coordinates": [ [ [ [ -14.964996513712547, 64.390446554463395 ], [ -14.965482491649105, 64.390156351422618 ], [ -14.966025973359164, 64.389851756003566 ], [ -14.966932140877361, 64.389341439766923 ], [ -14.968216591071752, 64.388769659572318 ], [ -14.968787794762129, 64.388401896744455 ], [ -14.969264700806949, 64.388047507562106 ], [ -14.969727508974261, 64.387788615051733 ], [ -14.970401166600841, 64.387351762459573 ], [ -14.970884685388658, 64.387077457870021 ], [ -14.971289570184837, 64.386960792105398 ], [ -14.972296502028513, 64.386892714123306 ], [ -14.972588334984385, 64.386916753802254 ], [ -14.972657980697104, 64.387070498164405 ], [ -14.971859947641933, 64.387224254138985 ], [ -14.971606845975861, 64.387313151238914 ], [ -14.971007531555721, 64.387496362925418 ], [ -14.97055412889021, 64.38769159395369 ], [ -14.970256811773895, 64.387955060989242 ], [ -14.969954793931434, 64.38825036017181 ], [ -14.969488063240959, 64.388660966972537 ], [ -14.968812010560301, 64.389113731737069 ], [ -14.967463401128571, 64.389619818525361 ], [ -14.966559226873423, 64.389866501875687 ], [ -14.965907771300854, 64.390152131847316 ], [ -14.965314992979469, 64.390415410281207 ], [ -14.96527780129602, 64.390542232087114 ], [ -14.964996513712547, 64.390446554463395 ] ] ] ] } },
{ "type": "Feature", "properties": { "fid": 40, "rock_type_unit": "Rhyolite lava", "name_unit": "Kvosir Rhyolite Lava", "volcanic_system": null, "formation_geology_type": "Lava", "feature_type": "Lava", "geological_age": null, "geological_group": "Hornafjörður Group", "geological_formation": "Kvosir Caldera Formation", "notes": "Vesicular, flow foliated rhyolite. No lithics, likely a lava flow (welded lava-like ignimbrite possible but no clasts or fiamme seen).", "citation": "Askew et al. 2026", "date_reference": null, "date_input": "2026-07-22", "username": "Robert Alexander Askew - NATT", "unit_code": "KVF-R", "scale_precision": "10", "rock_type": "Rhyolite" }, "geometry": { "type": "MultiPolygon", "coordinates": [ [ [ [ -15.052412656763373, 64.375186914269165 ], [ -15.052565020656807, 64.374919965541196 ], [ -15.052842872110686, 64.374721298810229 ], [ -15.053065598766144, 64.374622683394307 ], [ -15.053424906506061, 64.374529816708375 ], [ -15.053671523121784, 64.374495454883686 ], [ -15.053870349736576, 64.374496732707726 ], [ -15.05404498677591, 64.374501459303659 ], [ -15.054455914548976, 64.374477698700531 ], [ -15.055005782545855, 64.374410503705789 ], [ -15.055558010479544, 64.374392615170478 ], [ -15.055920856124921, 64.374439364715585 ], [ -15.056257152426014, 64.374473084038357 ], [ -15.056729145268587, 64.374485850424435 ], [ -15.056983418032164, 64.374365512250492 ], [ -15.057374569401437, 64.37428170491269 ], [ -15.057870734704911, 64.374192528647754 ], [ -15.058125608579395, 64.374199419868532 ], [ -15.058302027753522, 64.374290367420983 ], [ -15.058336261147291, 64.374381574474825 ], [ -15.058328776173061, 64.374471466205122 ], [ -15.058323305625024, 64.374537165059778 ], [ -15.058269043885126, 64.374650601857681 ], [ -15.05820004723846, 64.374866232951916 ], [ -15.058350518559795, 64.375005723283522 ], [ -15.058603075488056, 64.375225943504176 ], [ -15.058806066838864, 64.375395578927666 ], [ -15.058941788659464, 64.375505943870166 ], [ -15.059112915626473, 64.37563368043061 ], [ -15.059433910981197, 64.375773674625094 ], [ -15.059590874726783, 64.3758681981287 ], [ -15.059798617804161, 64.376136449116117 ], [ -15.059843505034996, 64.376351054547783 ], [ -15.059792836019927, 64.376702603584306 ], [ -15.059689056287269, 64.377028095218122 ], [ -15.059496464354467, 64.377467023835464 ], [ -15.059421194119404, 64.377594365029069 ], [ -15.059468293156369, 64.377759011857037 ], [ -15.059748915017041, 64.377910660157141 ], [ -15.060218787246164, 64.378008485596695 ], [ -15.060676417333925, 64.378086333496512 ], [ -15.061078487301153, 64.37812993707071 ], [ -15.06126115384456, 64.378121774474408 ], [ -15.061429694555059, 64.378106681711486 ], [ -15.061771503682332, 64.378148655663139 ], [ -15.062375098815604, 64.378263182145886 ], [ -15.063389679917385, 64.378617205415892 ], [ -15.065232702630084, 64.379146339775161 ], [ -15.065554533631143, 64.379474617480369 ], [ -15.06691064909422, 64.380310184036745 ], [ -15.067494768611903, 64.381459449072651 ], [ -15.067311148198577, 64.381690455883472 ], [ -15.067463467917579, 64.381817673436728 ], [ -15.067469413693493, 64.381908114524663 ], [ -15.067352574458669, 64.381929585929868 ], [ -15.067092889382934, 64.381889753693827 ], [ -15.066778903091357, 64.381832041795263 ], [ -15.066521572922918, 64.381775857308838 ], [ -15.065813416578166, 64.381822414241455 ], [ -15.065676514616761, 64.381851550463367 ], [ -15.064937699376145, 64.381979349762773 ], [ -15.063766950604158, 64.382246020859341 ], [ -15.063912172937268, 64.382028155006651 ], [ -15.06420621845937, 64.3817650199084 ], [ -15.064721764034639, 64.381544825769879 ], [ -15.065127452251083, 64.381346308724559 ], [ -15.065226559241705, 64.381053269355846 ], [ -15.064942898229383, 64.380651330882074 ], [ -15.064625575658404, 64.380236161846867 ], [ -15.064667985458554, 64.379941592765334 ], [ -15.064088556962123, 64.379815062361402 ], [ -15.063567530863978, 64.37948064205257 ], [ -15.063128092599152, 64.379370207741275 ], [ -15.062679818362829, 64.379321140545514 ], [ -15.062204965342955, 64.379259032775821 ], [ -15.06038005134779, 64.379283670275385 ], [ -15.059602268246298, 64.379398191360863 ], [ -15.05828401606259, 64.379066848662404 ], [ -15.05634568587244, 64.378694081730089 ], [ -15.055087744259231, 64.378339696265925 ], [ -15.054400317425845, 64.377976094587723 ], [ -15.054396769575359, 64.377606352935786 ], [ -15.055371161318684, 64.377164498523712 ], [ -15.055757357734544, 64.376854586622429 ], [ -15.055664927717546, 64.376607411360311 ], [ -15.055518003655836, 64.37650905126138 ], [ -15.055288478374678, 64.376457700927531 ], [ -15.054706114130903, 64.376355766225714 ], [ -15.053979787382618, 64.376266347941893 ], [ -15.053254057471895, 64.376107178708537 ], [ -15.053005365251508, 64.376024527795607 ], [ -15.052722162668877, 64.375852711965493 ], [ -15.05228969503028, 64.375598883242588 ], [ -15.052182332978225, 64.375599610627702 ], [ -15.052412656763373, 64.375186914269165 ] ] ] ] } },
{ "type": "Feature", "properties": { "fid": 41, "rock_type_unit": "Ignimbrite", "name_unit": "Kapaldalur Vent Agglomerate", "volcanic_system": "Kapaldalur", "formation_geology_type": "Pyroclastic", "feature_type": "Conduit", "geological_age": "Neogene", "geological_group": "Hornafjörður Group", "geological_formation": "Kapaldalur Caldera Formation", "notes": "Hihgly altered (chlorite) pumice breccia, in some areas pumice clasts are sintered to the glass matrix. Contains angular clasts of coarse granitic material (altered).", "citation": "Askew et al. 2026", "date_reference": null, "date_input": "2026-07-22", "username": "Robert Alexander Askew - NATT", "unit_code": "KVG-Ig", "scale_precision": "5", "rock_type": "Ignimbrite" }, "geometry": { "type": "MultiPolygon", "coordinates": [ [ [ [ -15.063583968804675, 64.317520435978977 ], [ -15.063666019408222, 64.31780161603065 ], [ -15.063624117329965, 64.317880185305938 ], [ -15.063414530894898, 64.318060488396384 ], [ -15.063285418896257, 64.318334476306717 ], [ -15.062329427948463, 64.318023111516766 ], [ -15.061778921197064, 64.317767510750954 ], [ -15.06145572734823, 64.317609284943259 ], [ -15.06086887514447, 64.31739135118184 ], [ -15.06041390329257, 64.317222388589215 ], [ -15.05995882768068, 64.317003118031067 ], [ -15.05949103479257, 64.316769348081394 ], [ -15.059564735573241, 64.316381130977973 ], [ -15.059617078318917, 64.316105410152701 ], [ -15.059760921318015, 64.315687095334923 ], [ -15.059852339450883, 64.315421232416298 ], [ -15.060118975403528, 64.315208012578609 ], [ -15.060900846107124, 64.314179494551482 ], [ -15.061030181341939, 64.314009351684703 ], [ -15.06131515145978, 64.313645312509834 ], [ -15.061763066810878, 64.313363027254809 ], [ -15.062265805126675, 64.31349890207477 ], [ -15.063066802109482, 64.313896783150454 ], [ -15.063727466291978, 64.314185525814267 ], [ -15.064312043586257, 64.314460920702544 ], [ -15.064852427717382, 64.314863025928915 ], [ -15.065360047237112, 64.315398833092871 ], [ -15.065247151996667, 64.315958084702544 ], [ -15.065155760618085, 64.316168153727958 ], [ -15.064833812270908, 64.316491541106018 ], [ -15.064593751184061, 64.316671021110707 ], [ -15.064239316999434, 64.316794271670531 ], [ -15.063938262318448, 64.316972100813459 ], [ -15.063728684886037, 64.31715240434464 ], [ -15.063583968804675, 64.317520435978977 ] ] ] ] } },
{ "type": "Feature", "properties": { "fid": 42, "rock_type_unit": "Volcaniclastic mass flow deposit", "name_unit": "Kapaldalur Volcaniclastic Unit", "volcanic_system": "Kapaldalur", "formation_geology_type": "Sedimentary", "feature_type": "Volcaniclastic", "geological_age": "Neogene", "geological_group": "Hornafjörður Group", "geological_formation": "Kapaldalur Caldera Formation", "notes": "Thick unit. Variable, needs more work. Massive, poorly bedded to unbedded, some sections display faint layering. Clastic, poorly sorted (type and cm-dm sized), angular to sub angular, matrix altered-fine. R. Gupta found evidence of primary pyroclaastics. Mixed mass flow deposit.", "citation": "Askew et al. 2026", "date_reference": null, "date_input": "2026-07-22", "username": "Robert Alexander Askew - NATT", "unit_code": "KVF-1", "scale_precision": "10", "rock_type": "Volcaniclastic" }, "geometry": { "type": "MultiPolygon", "coordinates": [ [ [ [ -15.06803889593418, 64.310740836124552 ], [ -15.067895945837055, 64.310881588623673 ], [ -15.067896068614623, 64.311125156867931 ], [ -15.067710562108237, 64.31131803872691 ], [ -15.067332894675438, 64.311505725433008 ], [ -15.066931166443394, 64.311616646637205 ], [ -15.066502557972989, 64.311668865398204 ], [ -15.066290106092621, 64.311827741240862 ], [ -15.065957653530004, 64.311904943222899 ], [ -15.065449144174682, 64.311906170733067 ], [ -15.065058006952389, 64.311823569071279 ], [ -15.064694965458795, 64.311875481044737 ], [ -15.064489861398645, 64.311983109256161 ], [ -15.064195254938697, 64.311984110492332 ], [ -15.064029319819936, 64.312040512258065 ], [ -15.063749812403854, 64.312032949219628 ], [ -15.063136171588997, 64.311909782990057 ], [ -15.062506156725684, 64.311778559366743 ], [ -15.06189361681982, 64.311647805949931 ], [ -15.061218867882811, 64.311583868445283 ], [ -15.06041639012045, 64.311554525820569 ], [ -15.059870999085611, 64.311435481241702 ], [ -15.059970869192286, 64.311238000605513 ], [ -15.060353990804039, 64.311124674567751 ], [ -15.060634589051665, 64.310923199938671 ], [ -15.060908455969901, 64.310668493985688 ], [ -15.060956749489387, 64.310482571399675 ], [ -15.060988026000034, 64.31026498293312 ], [ -15.061016621232838, 64.310066044903607 ], [ -15.061034889105903, 64.309738886470186 ], [ -15.061098396236691, 64.309547134897969 ], [ -15.061127436694282, 64.309345088449973 ], [ -15.061211506245902, 64.309060278553304 ], [ -15.061374805874154, 64.308824421724367 ], [ -15.061554238846032, 64.308676375766296 ], [ -15.061716681627869, 64.308596520679956 ], [ -15.061834411044021, 64.308576693116763 ], [ -15.062099774795385, 64.308532001057827 ], [ -15.062213442916674, 64.308491391462297 ], [ -15.062579520264482, 64.308369957523851 ], [ -15.062613519410965, 64.308358679340898 ], [ -15.062741188793451, 64.308351563378622 ], [ -15.062801937538355, 64.308348177359591 ], [ -15.062896832451855, 64.308388192093119 ], [ -15.062954136477805, 64.308439671234183 ], [ -15.063035603003193, 64.308473081378338 ], [ -15.063160928867999, 64.308501437618531 ], [ -15.063318917679165, 64.308502593309697 ], [ -15.063518996822497, 64.308561056953252 ], [ -15.063677467443419, 64.308658960710574 ], [ -15.063956766752689, 64.308716447132767 ], [ -15.064253960691028, 64.308749453235819 ], [ -15.064611549507472, 64.308712321431685 ], [ -15.064830884497244, 64.308786906626352 ], [ -15.065163114344427, 64.309126667044282 ], [ -15.065264750671354, 64.309219910821028 ], [ -15.065454128428222, 64.309352973878845 ], [ -15.065677933417511, 64.309396473599179 ], [ -15.065857857522136, 64.309395099222797 ], [ -15.066115194985068, 64.309355251971539 ], [ -15.066334516875751, 64.30937990646801 ], [ -15.066435243265083, 64.309429437838176 ], [ -15.066582975960552, 64.309502083722037 ], [ -15.066782200213954, 64.30961668817163 ], [ -15.067434473608728, 64.309930770954111 ], [ -15.067777900410281, 64.310192814773032 ], [ -15.067901951326748, 64.310330349099033 ], [ -15.068000950706308, 64.310492169982126 ], [ -15.06803889593418, 64.310740836124552 ] ] ] ] } },
{ "type": "Feature", "properties": { "fid": 43, "rock_type_unit": "Felsite sheet", "name_unit": "", "volcanic_system": "Slaufrudalur", "formation_geology_type": "Intrusion", "feature_type": "Sheet", "geological_age": null, "geological_group": "Hornafjörður Intrusive Suite", "geological_formation": "Skálatindur Sheet Swarm", "notes": null, "citation": "Askew et al. 2026", "date_reference": null, "date_input": "2026-07-22", "username": "Robert Alexander Askew - NATT", "unit_code": null, "scale_precision": "10", "rock_type": "Felsite" }, "geometry": { "type": "MultiPolygon", "coordinates": [ [ [ [ -15.118850340965588, 64.305489176207303 ], [ -15.119012072265201, 64.305565259622014 ], [ -15.119333658326905, 64.305679931849028 ], [ -15.119501434478359, 64.305662566156116 ], [ -15.119605525390311, 64.305587335256334 ], [ -15.11961740773368, 64.305503403484337 ], [ -15.119571005820266, 64.30537423207079 ], [ -15.119459654433223, 64.305299250714455 ], [ -15.119406954691682, 64.305263763798678 ], [ -15.119158417322767, 64.305191605136272 ], [ -15.119094734425158, 64.305133739901194 ], [ -15.119099575945045, 64.305099545493718 ], [ -15.119098899179477, 64.305002797284175 ], [ -15.119199670834758, 64.304849469964367 ], [ -15.119387924302339, 64.304788966385956 ], [ -15.119423845397925, 64.304839850086339 ], [ -15.11935787848839, 64.304950421653601 ], [ -15.119342034608701, 64.305062330650159 ], [ -15.119477442116334, 64.305172034766272 ], [ -15.119654374559371, 64.305242282412891 ], [ -15.119758919013405, 64.305274682097348 ], [ -15.120039964802656, 64.305361781087569 ], [ -15.120296986665332, 64.305424803505204 ], [ -15.120528567985378, 64.305515229736201 ], [ -15.120632457764163, 64.305542963482935 ], [ -15.120901922645213, 64.30556887278702 ], [ -15.121277673600314, 64.305504006553591 ], [ -15.12163858043912, 64.305412188209417 ], [ -15.121777229404502, 64.305376914111562 ], [ -15.121678644757063, 64.305418549691794 ], [ -15.121242114841998, 64.30560290849597 ], [ -15.121509258819986, 64.305594431225501 ], [ -15.121757559711387, 64.305566729085939 ], [ -15.122147753763777, 64.305552170893151 ], [ -15.122402583390942, 64.305630732554334 ], [ -15.122416713682806, 64.305734079764818 ], [ -15.122504774746952, 64.305873721511986 ], [ -15.122652511882571, 64.305896382078075 ], [ -15.122863126571609, 64.305830229518307 ], [ -15.122902197518847, 64.305706458425519 ], [ -15.123486924561591, 64.305637796344797 ], [ -15.12372423329963, 64.305687805748278 ], [ -15.124203412495778, 64.305722592509454 ], [ -15.124471272715445, 64.305742037514463 ], [ -15.124926301069411, 64.305878974352652 ], [ -15.125266761178027, 64.306012857448835 ], [ -15.125466904321984, 64.306224129733934 ], [ -15.125485880232278, 64.30629328202879 ], [ -15.125492668991027, 64.306298711249212 ], [ -15.125615036311526, 64.306396572480466 ], [ -15.125983914849135, 64.306473562326047 ], [ -15.125992058792253, 64.306475262059621 ], [ -15.126300725883958, 64.306427317831947 ], [ -15.126733895238642, 64.30641389167576 ], [ -15.126318825351317, 64.306502687228388 ], [ -15.126214849511484, 64.306555758469969 ], [ -15.126053693454979, 64.306598595698233 ], [ -15.12597285684906, 64.306661969014272 ], [ -15.125913942227868, 64.306722805907256 ], [ -15.126110934977438, 64.306753015352285 ], [ -15.126308236071104, 64.306730187530334 ], [ -15.126464899276964, 64.306740600532919 ], [ -15.126559134666691, 64.306836719366089 ], [ -15.126574159873787, 64.306933848970999 ], [ -15.126562737511122, 64.307014672713308 ], [ -15.126575258815036, 64.307180382349401 ], [ -15.126629165193783, 64.307256705249827 ], [ -15.126717559705504, 64.307343307460783 ], [ -15.12679633242316, 64.307345405156951 ], [ -15.127120208718488, 64.307291623371498 ], [ -15.127333458779367, 64.307206812696649 ], [ -15.127641997889715, 64.307108937227156 ], [ -15.127777854257936, 64.307038244819736 ], [ -15.127835957572417, 64.307008010804324 ], [ -15.128151384124605, 64.306810468113596 ], [ -15.128566756282112, 64.306668630330705 ], [ -15.128436947050043, 64.306824310297046 ], [ -15.128109091538384, 64.307058966295486 ], [ -15.128014810186851, 64.307123834377862 ], [ -15.127973738928073, 64.307152092383532 ], [ -15.127819097907668, 64.307229103358878 ], [ -15.12753568896426, 64.307352610719789 ], [ -15.1274372742953, 64.30741302021552 ], [ -15.127065207913398, 64.307477377067698 ], [ -15.127047943386808, 64.307548684345292 ], [ -15.127198901171448, 64.307599508450451 ], [ -15.127336415526146, 64.307643733841729 ], [ -15.127308915595572, 64.307736610735276 ], [ -15.1271829145418, 64.307814383725528 ], [ -15.127097160154793, 64.307859669848213 ], [ -15.127019788413547, 64.307900528999383 ], [ -15.126856968124452, 64.307933637084716 ], [ -15.126652365450024, 64.307906346547639 ], [ -15.126582685224021, 64.307789039654295 ], [ -15.12652029866145, 64.30772185183919 ], [ -15.126440514505326, 64.307676042804957 ], [ -15.12619061867175, 64.307613221948529 ], [ -15.126128803964257, 64.307592853761022 ], [ -15.125943799793685, 64.307528640437596 ], [ -15.125874254206751, 64.307461261607173 ], [ -15.125809673052268, 64.307409616506561 ], [ -15.125577179465433, 64.307325415867282 ], [ -15.125354175446171, 64.307275791015499 ], [ -15.125038077759754, 64.307223685657917 ], [ -15.124701598349668, 64.307165503467303 ], [ -15.124418761446474, 64.307079251913038 ], [ -15.124120067108967, 64.307005765998838 ], [ -15.123847947301227, 64.306998514230756 ], [ -15.123573316132935, 64.307059841932229 ], [ -15.1232978043482, 64.307127386307329 ], [ -15.123004765493747, 64.307166380157227 ], [ -15.122674161283127, 64.307216853295458 ], [ -15.12244733646175, 64.307264199488131 ], [ -15.122327158808794, 64.30733241521439 ], [ -15.122182177087321, 64.307341031163631 ], [ -15.121931977679411, 64.307331239995094 ], [ -15.121754269348987, 64.307317140689207 ], [ -15.12168981932467, 64.307315422164109 ], [ -15.121626249082263, 64.307307486429224 ], [ -15.121504387512186, 64.307254311793244 ], [ -15.121441190575492, 64.307201647923577 ], [ -15.121482536244187, 64.307103953712854 ], [ -15.121532101000025, 64.307058470606307 ], [ -15.121545420533108, 64.307015141298308 ], [ -15.12146916592987, 64.306944460820503 ], [ -15.121343347066471, 64.306919263361678 ], [ -15.121198807148017, 64.306924769741997 ], [ -15.121070030928065, 64.30697126057288 ], [ -15.121042070514239, 64.307067244867042 ], [ -15.12104275418141, 64.307163993081844 ], [ -15.121093565518025, 64.307262078152888 ], [ -15.121089287993428, 64.307343092445464 ], [ -15.120978473316072, 64.307415024842939 ], [ -15.120822369781482, 64.307451425752575 ], [ -15.12052016091822, 64.307402801158574 ], [ -15.12045382989646, 64.307363588032473 ], [ -15.120360174730008, 64.30731428506158 ], [ -15.120226633672752, 64.307242075806784 ], [ -15.120027763612573, 64.307174364341179 ], [ -15.119808731664854, 64.307096753726498 ], [ -15.119613648353871, 64.307011154504906 ], [ -15.11942135752545, 64.306989688760225 ], [ -15.119297741060482, 64.30694894661454 ], [ -15.119186127677338, 64.306874201021685 ], [ -15.119157365326979, 64.306823508328748 ], [ -15.119009507927879, 64.306750915813012 ], [ -15.119004988029445, 64.306732073236745 ], [ -15.11878343906084, 64.306723040979833 ], [ -15.118736951793554, 64.306746763077328 ], [ -15.118599259226531, 64.306789356308272 ], [ -15.118579088192805, 64.306795595907715 ], [ -15.118451071476283, 64.306785938856862 ], [ -15.118320296428536, 64.30674500477383 ], [ -15.118189381053043, 64.306668707970886 ], [ -15.118047540485087, 64.306499819897752 ], [ -15.118059862349163, 64.306412821436567 ], [ -15.117999308859828, 64.306323877873226 ], [ -15.117838700205722, 64.306295774413371 ], [ -15.117689589055107, 64.306315610784367 ], [ -15.117606631201722, 64.306384846019242 ], [ -15.117634106605037, 64.306449090255299 ], [ -15.117787994465566, 64.306524647635271 ], [ -15.117878792847712, 64.306617296796702 ], [ -15.117915822668484, 64.306655081215283 ], [ -15.117992355316618, 64.306760328998607 ], [ -15.117783808411907, 64.306683312922758 ], [ -15.117506868025272, 64.306572715410837 ], [ -15.11741882498694, 64.306541157474072 ], [ -15.117315422444422, 64.306504093952682 ], [ -15.116856712248119, 64.306321162219348 ], [ -15.116509290119621, 64.306256313966017 ], [ -15.116288567882544, 64.306329808825765 ], [ -15.116255780220147, 64.306432138514182 ], [ -15.11633324372897, 64.306507550442802 ], [ -15.116352205804775, 64.30652601024866 ], [ -15.116363140440619, 64.306577904831158 ], [ -15.116358657788895, 64.306609540583437 ], [ -15.11627218963778, 64.30663898712649 ], [ -15.116093378298196, 64.30661275163709 ], [ -15.115850207870645, 64.306584054702057 ], [ -15.115766684146932, 64.306657243357165 ], [ -15.115721839777223, 64.306715587233299 ], [ -15.115606435567749, 64.306811892822225 ], [ -15.115597393579884, 64.306819438389525 ], [ -15.115447859564346, 64.306906741681075 ], [ -15.115417444460373, 64.306798754608849 ], [ -15.115455421948408, 64.30672434966479 ], [ -15.115476301161399, 64.306641549185315 ], [ -15.115496059337646, 64.306566657634747 ], [ -15.115358154538209, 64.306507402304518 ], [ -15.115208338436151, 64.306467675852687 ], [ -15.115027129782435, 64.306391385771931 ], [ -15.114860217098133, 64.306343263381805 ], [ -15.114587033656328, 64.306311018984729 ], [ -15.114338600311639, 64.306281695381273 ], [ -15.114061955577601, 64.306298120816209 ], [ -15.113871358042667, 64.306352569867514 ], [ -15.113607048235897, 64.306281996331506 ], [ -15.113382541627557, 64.306188669291942 ], [ -15.113321443032785, 64.306103678242565 ], [ -15.113351870001139, 64.305944565856791 ], [ -15.11331772193906, 64.305881246394023 ], [ -15.113303077258971, 64.305731078462685 ], [ -15.11330242091236, 64.305634330222219 ], [ -15.113265520810989, 64.305539733736666 ], [ -15.113178937815388, 64.305440689115116 ], [ -15.113095548589, 64.305369812893801 ], [ -15.112820589015291, 64.305281335104112 ], [ -15.112688947803772, 64.305246613095719 ], [ -15.112303056232056, 64.305180131921503 ], [ -15.112090340652713, 64.305108918243832 ], [ -15.112068206586995, 64.305041198626057 ], [ -15.112103462971637, 64.304965733003414 ], [ -15.111979445043048, 64.304725271049477 ], [ -15.112022196387841, 64.304626562800578 ], [ -15.111971968632988, 64.304575294422918 ], [ -15.111738218631046, 64.304500397391763 ], [ -15.111457098252355, 64.304455436874079 ], [ -15.111119578601624, 64.30440272695995 ], [ -15.110841988725049, 64.304332896789532 ], [ -15.110704076467849, 64.30429176439219 ], [ -15.110200890585714, 64.304190936722932 ], [ -15.109881226335158, 64.304113738522943 ], [ -15.10968868227264, 64.304052421592573 ], [ -15.109448765977069, 64.304021040641857 ], [ -15.108978842673224, 64.303989746218903 ], [ -15.10864859294821, 64.303987150552388 ], [ -15.108317460603745, 64.303990771236116 ], [ -15.107824390897955, 64.304021260865454 ], [ -15.107543281839124, 64.303976292793479 ], [ -15.107374970003702, 64.303946824852503 ], [ -15.106818060692303, 64.303776988991416 ], [ -15.106534991502834, 64.303687191252635 ], [ -15.106155413646359, 64.303627102576996 ], [ -15.105843021555524, 64.30360001562785 ], [ -15.105532396680443, 64.303560493844287 ], [ -15.105347816266386, 64.303443217437334 ], [ -15.10525923217649, 64.303358992339298 ], [ -15.10524650685427, 64.303346893150135 ], [ -15.10522670061712, 64.303283955316374 ], [ -15.10527672708494, 64.303235369216281 ], [ -15.105733196603445, 64.30326007503561 ], [ -15.106119833726492, 64.3032704281257 ], [ -15.106394561161119, 64.303259061756393 ], [ -15.106773750911, 64.303119436213208 ], [ -15.107213790679049, 64.30296558289885 ], [ -15.107586943909649, 64.302960223393384 ], [ -15.107944937971963, 64.302969805065246 ], [ -15.108473004413851, 64.302996418523776 ], [ -15.108532886411565, 64.303182122138807 ], [ -15.108498167354796, 64.303274803850442 ], [ -15.108317060251482, 64.303335484949571 ], [ -15.108157972089696, 64.303443560517138 ], [ -15.108122810080365, 64.303539350690073 ], [ -15.108178423394936, 64.303603246201206 ], [ -15.10833957392655, 64.303632521607696 ], [ -15.108537849076422, 64.303653429167426 ], [ -15.108818415572271, 64.303651575470596 ], [ -15.109038612702895, 64.303669948540872 ], [ -15.109726522704868, 64.303735157566081 ], [ -15.109762764358603, 64.303733006692951 ], [ -15.109786891668634, 64.303714929973097 ], [ -15.109883943293113, 64.303689442897635 ], [ -15.110237536479801, 64.303730104476315 ], [ -15.1104568530007, 64.30375469251274 ], [ -15.11057141471006, 64.303757756485737 ], [ -15.110532321119932, 64.30367870210236 ], [ -15.110359206007857, 64.30362818964781 ], [ -15.110332177478556, 64.303620303083463 ], [ -15.110206384080589, 64.303595096009019 ], [ -15.110034983745811, 64.303587391030277 ], [ -15.109845632629883, 64.303554242824077 ], [ -15.109794087405326, 64.303512299361614 ], [ -15.109706301029822, 64.303472506749102 ], [ -15.109584920771781, 64.303416213600997 ], [ -15.109460452601411, 64.303381680222543 ], [ -15.109374431971075, 64.303329453198572 ], [ -15.109570940964637, 64.303362793561817 ], [ -15.109692320957755, 64.303419086721362 ], [ -15.109815024938266, 64.303466054117862 ], [ -15.110024532098466, 64.303509102596209 ], [ -15.11022908545176, 64.303536416484462 ], [ -15.110458750703751, 64.303589364539818 ], [ -15.110701413802371, 64.303652020882211 ], [ -15.110734670929062, 64.303721558062037 ], [ -15.11078632117021, 64.303813429589951 ], [ -15.110819578707613, 64.303882966751175 ], [ -15.110887314068634, 64.303962786981273 ], [ -15.110968384591381, 64.303999278849702 ], [ -15.111064216727597, 64.304033045058446 ], [ -15.111284418422072, 64.304051414733024 ], [ -15.111374750657864, 64.304022626644098 ], [ -15.111387098487008, 64.303935586994982 ], [ -15.111343151335804, 64.303890726976036 ], [ -15.111316066444346, 64.30377767011322 ], [ -15.111248954027827, 64.303677526322303 ], [ -15.111233024089211, 64.303653755878244 ], [ -15.111112418155813, 64.303541318489351 ], [ -15.111031789820119, 64.303501718144588 ], [ -15.110786818847791, 64.303404676741891 ], [ -15.110515076664214, 64.303344363108934 ], [ -15.110311847770696, 64.303307723956308 ], [ -15.110104649276126, 64.303299061514053 ], [ -15.109764058286633, 64.30326810834643 ], [ -15.109506299277955, 64.303261212851481 ], [ -15.109322787366787, 64.303237581173093 ], [ -15.109290958520043, 64.303208646412742 ], [ -15.109252992275071, 64.303020409239508 ], [ -15.109268334474864, 64.302861681515353 ], [ -15.109264162706124, 64.302789801694729 ], [ -15.109186527531477, 64.302678512070003 ], [ -15.109138073543209, 64.302614808514335 ], [ -15.109076282749841, 64.302594433096829 ], [ -15.108936275450963, 64.302618770182974 ], [ -15.108794944107853, 64.302652432786843 ], [ -15.108619578489304, 64.302672703099333 ], [ -15.108482317186668, 64.302728316843002 ], [ -15.108381737148068, 64.302778671378817 ], [ -15.108330735651876, 64.302783547246875 ], [ -15.108197788096776, 64.302758146832943 ], [ -15.108132368589247, 64.302712711010642 ], [ -15.108034337909892, 64.302694485617991 ], [ -15.107764472018877, 64.302671661056635 ], [ -15.107549677922554, 64.302665911893058 ], [ -15.107399322108666, 64.302661887290014 ], [ -15.107153143698053, 64.302624093815481 ], [ -15.106932763876625, 64.302505861103484 ], [ -15.106784866169344, 64.302383327804463 ], [ -15.106736859769573, 64.302316514906579 ], [ -15.106658890353119, 64.302258260877366 ], [ -15.106557234689772, 64.302214974449427 ], [ -15.106432334250854, 64.302183547029458 ], [ -15.106342349323851, 64.302159295110172 ], [ -15.106274285061462, 64.302132509714269 ], [ -15.106125162333747, 64.302069229771959 ], [ -15.105873597714094, 64.30201880825139 ], [ -15.105698581668117, 64.301986038108495 ], [ -15.105521705937589, 64.301915773523433 ], [ -15.105252198334798, 64.301839907372113 ], [ -15.105032367386668, 64.301768491644836 ], [ -15.104960237625045, 64.30171975409354 ], [ -15.104768512529343, 64.30160228519641 ], [ -15.104707076850778, 64.301528870994289 ], [ -15.104215098986469, 64.301400237601641 ], [ -15.103905384946923, 64.301354495280378 ], [ -15.10349809113057, 64.301287415320957 ], [ -15.103243887274159, 64.301255640466081 ], [ -15.103444350618801, 64.301261012289743 ], [ -15.104292878047408, 64.301358636148834 ], [ -15.104611611053617, 64.30144206367676 ], [ -15.104804125462303, 64.301503387308728 ], [ -15.105057635592072, 64.301641233305745 ], [ -15.105214447766636, 64.301751525952852 ], [ -15.105445506766625, 64.301845084683549 ], [ -15.105811622425394, 64.301898574660513 ], [ -15.106854658813358, 64.302144928263289 ], [ -15.10696852294355, 64.302254068949509 ], [ -15.107097590324566, 64.302357375789825 ], [ -15.107344746038081, 64.302438880660077 ], [ -15.107661540303496, 64.302434878912379 ], [ -15.108053462682742, 64.302407924300027 ], [ -15.10816625317128, 64.30242342435885 ], [ -15.108688230840116, 64.302543485114043 ], [ -15.108922197521823, 64.302515421690075 ], [ -15.109019686945214, 64.302486826641768 ], [ -15.109208929387645, 64.302470047525233 ], [ -15.109338788073556, 64.302517206882115 ], [ -15.109340653431165, 64.302554701066811 ], [ -15.109352526944097, 64.302673592281835 ], [ -15.109355738752393, 64.303157333475397 ], [ -15.109567448769536, 64.303184839847503 ], [ -15.109713736003036, 64.303166910798566 ], [ -15.110127146649827, 64.303140525214459 ], [ -15.110514327513011, 64.303197686476778 ], [ -15.110626681569736, 64.303216293186637 ], [ -15.111089096251137, 64.303300427773621 ], [ -15.111283065240221, 64.303402345569424 ], [ -15.111438044202771, 64.303475137364927 ], [ -15.111480772366543, 64.303579251427635 ], [ -15.111510062613975, 64.303676765462072 ], [ -15.111517958590611, 64.303709723822564 ], [ -15.111528119649853, 64.30375213667979 ], [ -15.111572066881475, 64.303796996642475 ], [ -15.111667458095024, 64.30383387101314 ], [ -15.111890534743697, 64.303730623058456 ], [ -15.111850114586169, 64.303660894710177 ], [ -15.111822145959215, 64.303554055063827 ], [ -15.111790650038445, 64.303472083893141 ], [ -15.111812045845594, 64.303219907660903 ], [ -15.111805998592235, 64.303110533756666 ], [ -15.111725055847636, 64.302921148614502 ], [ -15.111674726969863, 64.30281995174694 ], [ -15.111550049730591, 64.302685563369579 ], [ -15.111425919023183, 64.302597994720983 ], [ -15.111322827493423, 64.302514108902614 ], [ -15.111180409832194, 64.302454134152953 ], [ -15.111134701404611, 64.302421708307648 ], [ -15.11153398902522, 64.302494792579722 ], [ -15.111697110043027, 64.302611486817412 ], [ -15.111759889631911, 64.302675572396197 ], [ -15.111884021755703, 64.302763140760561 ], [ -15.111925322504911, 64.302826651974343 ], [ -15.111948335454214, 64.302917757365648 ], [ -15.11195614688612, 64.303014697020757 ], [ -15.111979706362064, 64.303152622242436 ], [ -15.111994006893468, 64.303355827234711 ], [ -15.112138617187076, 64.303603080531374 ], [ -15.112210323750274, 64.303654923094228 ], [ -15.112380508576454, 64.303721879594278 ], [ -15.112691251789006, 64.303811315165675 ], [ -15.11269276956245, 64.303812362212099 ], [ -15.112841828526653, 64.303915191097587 ], [ -15.113013779743355, 64.303969712605451 ], [ -15.113144974446703, 64.304007542881237 ], [ -15.113195429003563, 64.303955845494144 ], [ -15.113264170714082, 64.303876553735861 ], [ -15.113356596275533, 64.30378229319895 ], [ -15.113421703039064, 64.303677941490207 ], [ -15.113433162711132, 64.303597118799786 ], [ -15.113506859173373, 64.303533561108722 ], [ -15.113562044269669, 64.303600563128668 ], [ -15.113542984123024, 64.303684303045443 ], [ -15.113512356238283, 64.303798937262883 ], [ -15.11353548345885, 64.303939970805999 ], [ -15.113582627758602, 64.304012998600996 ], [ -15.113608338002177, 64.304042353832685 ], [ -15.11370016074963, 64.30414719390933 ], [ -15.113679005406807, 64.30429640507451 ], [ -15.11361257591072, 64.304410082600228 ], [ -15.113595827412556, 64.304528208098304 ], [ -15.113597366273483, 64.304618739198219 ], [ -15.113674916377777, 64.304680098087545 ], [ -15.113898210053415, 64.304676703848244 ], [ -15.114110267802843, 64.304651166652803 ], [ -15.114455728083271, 64.304647915405411 ], [ -15.114791054060017, 64.304716160434509 ], [ -15.114906171557642, 64.304766040826181 ], [ -15.11501908649741, 64.304831463977521 ], [ -15.115117863735829, 64.304875415595887 ], [ -15.115516246047283, 64.305025723402935 ], [ -15.115752325643095, 64.305134999909072 ], [ -15.115915367766975, 64.305201761043818 ], [ -15.11604482499296, 64.305238238403064 ], [ -15.116063976810608, 64.305218211147093 ], [ -15.11609206559484, 64.305172156220507 ], [ -15.116134475291643, 64.305126483733289 ], [ -15.116238686510016, 64.305101183641625 ], [ -15.116386287862282, 64.304871099999261 ], [ -15.116465266082297, 64.304770237914269 ], [ -15.116647017750962, 64.304603472731614 ], [ -15.116574775121752, 64.304910456852625 ], [ -15.116551645757838, 64.304972245946814 ], [ -15.116466060741546, 64.305119736698344 ], [ -15.11653007898685, 64.305327388279252 ], [ -15.116600477075243, 64.305388554410911 ], [ -15.116676160490313, 64.305412417605879 ], [ -15.116804170175229, 64.305422076216075 ], [ -15.116945505956254, 64.305388405831593 ], [ -15.117035836654061, 64.305359614228095 ], [ -15.117075063218394, 64.305350241428741 ], [ -15.117259020474664, 64.305306286436391 ], [ -15.117455322550338, 64.305239759366984 ], [ -15.117475252484635, 64.305149801773624 ], [ -15.117365527877041, 64.305112548882192 ], [ -15.117155978203565, 64.30486668879584 ], [ -15.117459149150207, 64.304959031604113 ], [ -15.117546626698726, 64.305051856521473 ], [ -15.117773677021273, 64.305123444511594 ], [ -15.118054660024315, 64.305158344504719 ], [ -15.118345988857897, 64.305294737045685 ], [ -15.11864432640537, 64.305421271772417 ], [ -15.118850340965588, 64.305489176207303 ] ], [ [ -15.122547409276139, 64.30663933588589 ], [ -15.122342696315554, 64.306562110897985 ], [ -15.122083336243229, 64.306464706646409 ], [ -15.121789933091573, 64.306353912854505 ], [ -15.121605387298866, 64.306286585434663 ], [ -15.121393958693336, 64.306206059571636 ], [ -15.121230017449758, 64.306145521744753 ], [ -15.121118402071421, 64.30607077763716 ], [ -15.120903017028803, 64.306018228361793 ], [ -15.120642468404055, 64.305980075709996 ], [ -15.120152776687233, 64.305935809992249 ], [ -15.119868547379177, 64.305912625810237 ], [ -15.119416862284089, 64.305853769879846 ], [ -15.119093191400967, 64.305804569146915 ], [ -15.118821847380669, 64.305741162423899 ], [ -15.118569228012548, 64.305647051591023 ], [ -15.118363212962757, 64.305579146757651 ], [ -15.118289728804301, 64.305539741538453 ], [ -15.118206326078175, 64.305468868243537 ], [ -15.118164126320337, 64.305411575959013 ], [ -15.117961312179236, 64.305371838897955 ], [ -15.117658366370698, 64.305379353928757 ], [ -15.117316650161277, 64.305457600954384 ], [ -15.117065263155517, 64.305507055556475 ], [ -15.11684747634694, 64.305573008542211 ], [ -15.116694248203272, 64.30569061036698 ], [ -15.11654542312939, 64.305777126282223 ], [ -15.116586298767773, 64.305843744762541 ], [ -15.116801674174798, 64.305896300421821 ], [ -15.116992925895296, 64.305966933683408 ], [ -15.117193656043398, 64.306072143380774 ], [ -15.117436796813369, 64.306131679932435 ], [ -15.117602700036803, 64.306076822336266 ], [ -15.117768602596971, 64.306021964551292 ], [ -15.117986507048514, 64.306005938586082 ], [ -15.118044349689798, 64.306054287442933 ], [ -15.118069146743808, 64.306132957569474 ], [ -15.118140107167111, 64.306240942781741 ], [ -15.118201149069391, 64.306317459919256 ], [ -15.118305596656553, 64.306392015149015 ], [ -15.11836432115858, 64.306434146719283 ], [ -15.118624195801125, 64.306375555227035 ], [ -15.118640160850573, 64.306313574698848 ], [ -15.11868520929035, 64.306249249976801 ], [ -15.118857391164873, 64.30620079921016 ], [ -15.119091056773348, 64.306225756421568 ], [ -15.119225791774785, 64.306238712562703 ], [ -15.119521145717091, 64.306234111799355 ], [ -15.119649600329657, 64.306240659324743 ], [ -15.119806377819623, 64.306301007889985 ], [ -15.11995875539373, 64.306392442140606 ], [ -15.120005801029361, 64.306415539468233 ], [ -15.120311958308877, 64.306436187848036 ], [ -15.120486778491083, 64.306369083635488 ], [ -15.120736528638576, 64.306381985874012 ], [ -15.12076033242108, 64.306416944319921 ], [ -15.12072420936202, 64.306469026330333 ], [ -15.120661642487503, 64.306504801399228 ], [ -15.120617038250217, 64.306566018146412 ], [ -15.120722692007282, 64.306581317481175 ], [ -15.120830864203825, 64.30652803681096 ], [ -15.120833382512913, 64.306459456882905 ], [ -15.120769571782361, 64.306351663975661 ], [ -15.120662477778087, 64.306295762038417 ], [ -15.120578307660649, 64.306281035672242 ], [ -15.120385405143569, 64.306272769863781 ], [ -15.120229307319773, 64.306309170134725 ], [ -15.120060087462377, 64.306285934024345 ], [ -15.120175860635218, 64.306229736284877 ], [ -15.120244708275635, 64.306200369617812 ], [ -15.120213304506246, 64.306168328653058 ], [ -15.120199302608563, 64.306114909624455 ], [ -15.120302513290261, 64.306045895396096 ], [ -15.120478331827774, 64.306022502421328 ], [ -15.120701316845393, 64.306072134734919 ], [ -15.1208772567645, 64.306098669676828 ], [ -15.121014313473109, 64.306146009620946 ], [ -15.121142450142763, 64.306205592816468 ], [ -15.121254945959738, 64.306274119727775 ], [ -15.121475734985861, 64.306339293802878 ], [ -15.121711726537619, 64.306398632258407 ], [ -15.121918195864831, 64.306463423767084 ], [ -15.122010531434931, 64.306522051507827 ], [ -15.122112351227537, 64.306615255557986 ], [ -15.122187287132668, 64.306695261473891 ], [ -15.122323469483089, 64.306748817372281 ], [ -15.122426925958164, 64.306779658433854 ], [ -15.122700927121782, 64.30682440688139 ], [ -15.122855076211527, 64.306903403729578 ], [ -15.122922289020442, 64.306936398571736 ], [ -15.123003384329989, 64.306972883746781 ], [ -15.12302970437714, 64.306939261855277 ], [ -15.122931837850537, 64.306818081094221 ], [ -15.122779448007408, 64.306726649951841 ], [ -15.122547409276139, 64.30663933588589 ] ] ] ] } },
{ "type": "Feature", "properties": { "fid": 44, "rock_type_unit": "Felsite sheet", "name_unit": "", "volcanic_system": "Slaufrudalur", "formation_geology_type": "Intrusion", "feature_type": "Sheet", "geological_age": "Neogene", "geological_group": "Hornafjörður Intrusive Suite", "geological_formation": "Skálatindur Sheet Swarm", "notes": null, "citation": "Askew et al. 2026", "date_reference": null, "date_input": "2026-07-22", "username": "Robert Alexander Askew - NATT", "unit_code": null, "scale_precision": "10", "rock_type": "Felsite" }, "geometry": { "type": "MultiPolygon", "coordinates": [ [ [ [ -15.094323470437544, 64.299096988277739 ], [ -15.094165672880164, 64.299172555185564 ], [ -15.09404010731836, 64.299260037816765 ], [ -15.093876151689521, 64.299339122371734 ], [ -15.093697211453806, 64.29940429862441 ], [ -15.093519113554366, 64.299443713930842 ], [ -15.093425776363734, 64.299447603599646 ], [ -15.092600805628331, 64.299487844737726 ], [ -15.091928896449907, 64.299563399336947 ], [ -15.091269393219948, 64.29955191292477 ], [ -15.09125604994485, 64.299549486729958 ], [ -15.09094717683546, 64.299493324169347 ], [ -15.090715678712288, 64.299472729704263 ], [ -15.090590641600617, 64.299437445549657 ], [ -15.090437785925062, 64.29939895773343 ], [ -15.090279348977363, 64.299399608755309 ], [ -15.090209356145532, 64.299454204769205 ], [ -15.090189367397972, 64.299515056483713 ], [ -15.090196448145049, 64.29954471369696 ], [ -15.090216441208877, 64.299566415648769 ], [ -15.090273677539978, 64.299637646335142 ], [ -15.090191261213194, 64.299653984004934 ], [ -15.090111052712773, 64.29966765142305 ], [ -15.090004712125742, 64.299659880766924 ], [ -15.089892789287656, 64.299691249017627 ], [ -15.08977064569709, 64.299714975624681 ], [ -15.08957416736796, 64.299704780631657 ], [ -15.089401219821678, 64.29964856239566 ], [ -15.089251904513787, 64.299624901959689 ], [ -15.089158626529818, 64.299644493279004 ], [ -15.089122083476497, 64.299702444092091 ], [ -15.089147858963193, 64.299759615486167 ], [ -15.089325393473347, 64.299823324096138 ], [ -15.089729721153599, 64.299922598451602 ], [ -15.090013548436239, 64.299954786600139 ], [ -15.090288602948791, 64.300008838403869 ], [ -15.090306749771509, 64.300027381950756 ], [ -15.090352770346328, 64.300074408500777 ], [ -15.090269415350447, 64.300143378717621 ], [ -15.090117008283283, 64.300181025336215 ], [ -15.089982548611047, 64.300211787710353 ], [ -15.089775051448125, 64.300254393273818 ], [ -15.08940278107166, 64.300244381859301 ], [ -15.088912418548412, 64.300256156491784 ], [ -15.088290275637428, 64.300440805781648 ], [ -15.087978024372356, 64.300638007332381 ], [ -15.087747344097039, 64.300696802809057 ], [ -15.087482302277731, 64.300770705551557 ], [ -15.087261980480138, 64.300848266773187 ], [ -15.087102280329729, 64.300976570510869 ], [ -15.087019310766989, 64.301082383175611 ], [ -15.086836723345831, 64.301212526377782 ], [ -15.086651596467235, 64.301281211635271 ], [ -15.086414273836601, 64.3012797357446 ], [ -15.086297431541382, 64.301276591034338 ], [ -15.086233988788411, 64.301274883487423 ], [ -15.086277083295808, 64.301215839086794 ], [ -15.086283204767131, 64.301207451949807 ], [ -15.086378539222718, 64.301133894915537 ], [ -15.086453433024802, 64.301045054237406 ], [ -15.086526138143789, 64.300892309625254 ], [ -15.086563992046562, 64.300745993776403 ], [ -15.086673015527317, 64.300582581699175 ], [ -15.086811806620318, 64.300396604484291 ], [ -15.087027001939088, 64.300156838053482 ], [ -15.08710533516453, 64.300004244767791 ], [ -15.087114572893924, 64.299781035987024 ], [ -15.086997522402458, 64.299650196128226 ], [ -15.086888597682616, 64.299541675012804 ], [ -15.086611110252896, 64.29950474003806 ], [ -15.086359346803791, 64.299485685941207 ], [ -15.086105791694584, 64.299439571816094 ], [ -15.08579725385982, 64.299342865539501 ], [ -15.085611607099343, 64.299256833723007 ], [ -15.085387225790555, 64.299164847639375 ], [ -15.085233985012859, 64.29908951005693 ], [ -15.085160661116221, 64.299008957302817 ], [ -15.085039170775588, 64.298988497110045 ], [ -15.084982137822475, 64.298991872621073 ], [ -15.084838507368621, 64.299007649823764 ], [ -15.084828244481603, 64.298960717440579 ], [ -15.084931742091086, 64.298948770794368 ], [ -15.085070437393684, 64.298927949468677 ], [ -15.085070393014806, 64.298888658989995 ], [ -15.085136901546557, 64.298858527198917 ], [ -15.085209786512118, 64.298862945181995 ], [ -15.085341495375481, 64.298891047101037 ], [ -15.085498979992522, 64.298873880299055 ], [ -15.085659062150224, 64.298884863279696 ], [ -15.085793520167647, 64.298854104901537 ], [ -15.085884249930885, 64.298818140725629 ], [ -15.085973348663176, 64.298782822923911 ], [ -15.086156319163939, 64.298689525128054 ], [ -15.086265751662687, 64.298635992518115 ], [ -15.086395272807197, 64.298600189594111 ], [ -15.086526585979378, 64.298591446141018 ], [ -15.086600215376304, 64.298630261548766 ], [ -15.086750268094745, 64.298688322822386 ], [ -15.086879788854223, 64.298652519467211 ], [ -15.08700347743725, 64.29857593682037 ], [ -15.08722572611593, 64.298526772672673 ], [ -15.087458089834266, 64.298523203290415 ], [ -15.087744692559562, 64.298535826414778 ], [ -15.087898189344132, 64.298530134216179 ], [ -15.088087231385162, 64.298513120338853 ], [ -15.088187584602617, 64.298523187016315 ], [ -15.088265802449531, 64.298569491689037 ], [ -15.088293718224511, 64.298651276611778 ], [ -15.088286039676415, 64.298705092626832 ], [ -15.088273872706239, 64.298829999491446 ], [ -15.08829461662765, 64.298894636808626 ], [ -15.088389728780259, 64.298989045194872 ], [ -15.088438758550698, 64.299061575795349 ], [ -15.088450947236561, 64.299095053917981 ], [ -15.088465055534808, 64.299115078033182 ], [ -15.088533704275198, 64.299109558070015 ], [ -15.088567784679881, 64.299095451600678 ], [ -15.088640666078197, 64.299053501716344 ], [ -15.088740473173551, 64.299047592049234 ], [ -15.088799624543443, 64.299049183202087 ], [ -15.088881334696699, 64.299071025707846 ], [ -15.088903655802378, 64.299082408696407 ], [ -15.088952500942257, 64.299107317976237 ], [ -15.089037028131127, 64.299129236160326 ], [ -15.089163905726844, 64.2990921319157 ], [ -15.089195362980911, 64.299050005534653 ], [ -15.089216126955291, 64.299043197305636 ], [ -15.089340437386094, 64.299063729771007 ], [ -15.089407191999291, 64.299091308652891 ], [ -15.089546982167265, 64.299102434984377 ], [ -15.089666655395414, 64.299076186628341 ], [ -15.089749161955437, 64.299032977465927 ], [ -15.089849615298547, 64.298982884188874 ], [ -15.089964700902168, 64.298949145532532 ], [ -15.090068021797377, 64.298938418328262 ], [ -15.090164513986595, 64.29895574645964 ], [ -15.090227554415302, 64.298969719451904 ], [ -15.090342542964141, 64.298996139306254 ], [ -15.090444991796645, 64.298991527303116 ], [ -15.090466924235516, 64.29893686676165 ], [ -15.090452439692191, 64.29889964378998 ], [ -15.090446405340469, 64.29886264802748 ], [ -15.090663911685692, 64.298804651504241 ], [ -15.090833210613441, 64.298767458693547 ], [ -15.090944579033563, 64.298720113767217 ], [ -15.090972860601413, 64.29870530176612 ], [ -15.091027082511813, 64.298676903881741 ], [ -15.091096601257863, 64.298657860055599 ], [ -15.091285884775106, 64.298567222065813 ], [ -15.091403327926345, 64.298457423232591 ], [ -15.091355766455342, 64.298434044587324 ], [ -15.09111951449602, 64.298425237796991 ], [ -15.090894233304132, 64.298458470200089 ], [ -15.09077912462554, 64.298472564352224 ], [ -15.090749858926342, 64.298439855135982 ], [ -15.090866309977525, 64.298376685777228 ], [ -15.09101725799959, 64.298309532660184 ], [ -15.09120305143338, 64.298235949488202 ], [ -15.091339592542774, 64.298190508853054 ], [ -15.091377281939753, 64.298203799869285 ], [ -15.091380822783954, 64.298218628445625 ], [ -15.091278430256393, 64.298262531581727 ], [ -15.091226737327162, 64.298307797644483 ], [ -15.091219762144755, 64.298356721433876 ], [ -15.09133138261519, 64.298367088830844 ], [ -15.09141902137328, 64.298347344685595 ], [ -15.091493944831836, 64.298297791907913 ], [ -15.091625254933071, 64.298289043856144 ], [ -15.091658759964465, 64.298331689084733 ], [ -15.091666593252809, 64.298395744317773 ], [ -15.091650846974169, 64.298466532416597 ], [ -15.091642128886683, 64.298527687179458 ], [ -15.091749461973675, 64.298554905085851 ], [ -15.092054868766789, 64.298607536970849 ], [ -15.092170380574949, 64.298630286093513 ], [ -15.092221135761605, 64.298670939221267 ], [ -15.092393036943806, 64.298734492680396 ], [ -15.092490603337955, 64.298764125930632 ], [ -15.092522367046646, 64.298819001924912 ], [ -15.092590775872701, 64.298894507193523 ], [ -15.092789689910003, 64.298887574761665 ], [ -15.092893476819068, 64.298833885786379 ], [ -15.092927514839467, 64.298753766910338 ], [ -15.092937973189649, 64.298680381101306 ], [ -15.092955166368929, 64.298639098562631 ], [ -15.093011500400991, 64.298640612315936 ], [ -15.093096754519573, 64.29867728099218 ], [ -15.093169055044415, 64.298765168329325 ], [ -15.093189260637201, 64.298861478111277 ], [ -15.093196749057329, 64.298927979458767 ], [ -15.093238735553937, 64.298990496614152 ], [ -15.09332509299888, 64.299059117050604 ], [ -15.093456406158332, 64.299050367346737 ], [ -15.093609687817784, 64.299031122752211 ], [ -15.0942293502297, 64.298851351581533 ], [ -15.094348272180167, 64.298843504238135 ], [ -15.094382972960574, 64.298857941914122 ], [ -15.09443814562982, 64.298907307280714 ], [ -15.094418718258236, 64.29898413551517 ], [ -15.094385700908171, 64.299037270911796 ], [ -15.094323470437544, 64.299096988277739 ] ] ] ] } },
{ "type": "Feature", "properties": { "fid": 45, "rock_type_unit": "Felsite sheet", "name_unit": "Stóribotn Felsite Sheet", "volcanic_system": "Þorgeirstaðadalur", "formation_geology_type": "Intrusion", "feature_type": "Sheet", "geological_age": "Neogene", "geological_group": "Hornafjörður Intrusive Suite", "geological_formation": "Þorgeirstaðadalur Caldera Formation", "notes": null, "citation": "Askew et al. 2026", "date_reference": null, "date_input": "2026-07-22", "username": "Robert Alexander Askew - NATT", "unit_code": "Þg-R", "scale_precision": "10", "rock_type": "Felsite" }, "geometry": { "type": "MultiPolygon", "coordinates": [ [ [ [ -14.978739306641705, 64.345286511871535 ], [ -14.977950415523193, 64.345158157465747 ], [ -14.977421974787342, 64.344930423290791 ], [ -14.977040137564664, 64.344661064183626 ], [ -14.977095857999425, 64.344281997939689 ], [ -14.977098770834523, 64.344023266691309 ], [ -14.977080080285893, 64.343672593349069 ], [ -14.977275699173596, 64.343297391807823 ], [ -14.977701216544073, 64.342791522602084 ], [ -14.978169929844746, 64.342469536037655 ], [ -14.978596304257435, 64.342435638730009 ], [ -14.978797238752563, 64.342502084317999 ], [ -14.978680507098387, 64.342818568851925 ], [ -14.978587608506128, 64.343211832501737 ], [ -14.978874984538812, 64.343646045458811 ], [ -14.979079717439101, 64.343925733910638 ], [ -14.979033602889071, 64.344000581579124 ], [ -14.978711463708853, 64.34428094625008 ], [ -14.979167721235271, 64.344521907036523 ], [ -14.979606167291115, 64.344884167910919 ], [ -14.980084057207167, 64.3452170675708 ], [ -14.980404453845047, 64.345605501355237 ], [ -14.9803775126712, 64.345788925958345 ], [ -14.980247859336538, 64.345889875352597 ], [ -14.979955533628704, 64.345852935296691 ], [ -14.979400995009101, 64.345563591987329 ], [ -14.978739306641705, 64.345286511871535 ] ] ] ] } },
{ "type": "Feature", "properties": { "fid": 46, "rock_type_unit": "Basaltic autobreccia", "name_unit": "Kapaldalur Basaltic Lava Breccia", "volcanic_system": "Kapaldalur", "formation_geology_type": "Lava", "feature_type": "Lava", "geological_age": "Neogene", "geological_group": "Hornafjörður Group", "geological_formation": "Kapaldalur Caldera Formation", "notes": "Basaltic, consisting of clasts - monomictic, the matrix is the same material as the blocks. Matrix is coarse sand to fine gravel at its finest, alteration minerals infill voids. Interp: volcanic debris flow - probably primary, e.g. collapse into a valley.", "citation": "Askew et al. 2026", "date_reference": null, "date_input": "2026-07-22", "username": "Robert Alexander Askew - NATT", "unit_code": "KVF-b", "scale_precision": "20", "rock_type": "Breccia" }, "geometry": { "type": "MultiPolygon", "coordinates": [ [ [ [ -15.066682779283422, 64.31470722021767 ], [ -15.066344595541645, 64.315350139655635 ], [ -15.06625321459178, 64.315560209360726 ], [ -15.066083748218302, 64.315887721731059 ], [ -15.06616201968825, 64.316195365167786 ], [ -15.066489936965787, 64.316469906853456 ], [ -15.066461439779808, 64.316668393105061 ], [ -15.066303368596849, 64.316916511253794 ], [ -15.065992825546187, 64.317160506718807 ], [ -15.065571702586537, 64.317321808704037 ], [ -15.065003805801748, 64.31743928872109 ], [ -15.063583968804675, 64.317520435978977 ], [ -15.063728684886037, 64.31715240434464 ], [ -15.063938262318448, 64.316972100813459 ], [ -15.064239316999434, 64.316794271670531 ], [ -15.064593751184061, 64.316671021110707 ], [ -15.064833812270908, 64.316491541106018 ], [ -15.065155760618085, 64.316168153727958 ], [ -15.065247151996667, 64.315958084702544 ], [ -15.065360047237112, 64.315398833092871 ], [ -15.064852427717382, 64.314863025928915 ], [ -15.064312043586257, 64.314460920702544 ], [ -15.063727466291978, 64.314185525814267 ], [ -15.063066802109482, 64.313896783150454 ], [ -15.062265805126675, 64.31349890207477 ], [ -15.061763066810878, 64.313363027254809 ], [ -15.061820643760415, 64.313248903779794 ], [ -15.061783361255547, 64.313086127532088 ], [ -15.061690501517115, 64.312948180803929 ], [ -15.06159630441104, 64.312849699023474 ], [ -15.06152801150162, 64.312751918497668 ], [ -15.061413559960535, 64.312583290762873 ], [ -15.061368514147643, 64.312556087690737 ], [ -15.061312645901726, 64.312517724863923 ], [ -15.060974773732884, 64.312285716789887 ], [ -15.060923483757948, 64.31225049688156 ], [ -15.060857445095124, 64.312209738425139 ], [ -15.060542509098031, 64.312015360749754 ], [ -15.060402313727939, 64.311928831432738 ], [ -15.060274882617632, 64.311836967758879 ], [ -15.060061780358176, 64.311745023305463 ], [ -15.05994730802375, 64.311701502850909 ], [ -15.059743857554954, 64.311624153847205 ], [ -15.059548228622058, 64.311549777805041 ], [ -15.059870999085611, 64.311435481241702 ], [ -15.06041639012045, 64.311554525820569 ], [ -15.061218867882811, 64.311583868445283 ], [ -15.06189361681982, 64.311647805949931 ], [ -15.062506156725684, 64.311778559366743 ], [ -15.063136171588997, 64.311909782990057 ], [ -15.063749812403854, 64.312032949219628 ], [ -15.064029319819936, 64.312040512258065 ], [ -15.064195254938697, 64.311984110492332 ], [ -15.064489861398645, 64.311983109256161 ], [ -15.064694965458795, 64.311875481044737 ], [ -15.065058006952389, 64.311823569071279 ], [ -15.065449144174682, 64.311906170733067 ], [ -15.065957653530004, 64.311904943222899 ], [ -15.066290106092621, 64.311827741240862 ], [ -15.066502557972989, 64.311668865398204 ], [ -15.066931166443394, 64.311616646637205 ], [ -15.067332894675438, 64.311505725433008 ], [ -15.067787659247013, 64.311565055974924 ], [ -15.068048004576591, 64.311636910955045 ], [ -15.068402299640491, 64.311811107708408 ], [ -15.06837444572389, 64.312170462299349 ], [ -15.067993841346418, 64.312509993820711 ], [ -15.067617640107006, 64.312818777260858 ], [ -15.06685181824222, 64.313199336724097 ], [ -15.066295499008108, 64.313441514643998 ], [ -15.065945895920045, 64.313895057195523 ], [ -15.066214644439668, 64.314169833539509 ], [ -15.066509957355374, 64.314424749890534 ], [ -15.066682779283422, 64.31470722021767 ] ] ] ] } },
{ "type": "Feature", "properties": { "fid": 48, "rock_type_unit": "Reworked volcaniclastic", "name_unit": "Loklausidalur Volcaniclastic Unit", "volcanic_system": null, "formation_geology_type": "Sedimentary", "feature_type": "Sedimentary Rock", "geological_age": null, "geological_group": "Hornafjörður Group", "geological_formation": "Hornafjörður Plateau Basalt Formation", "notes": "Sedimentary unit consisting of subfacies of Conglomerate containing basaltic lithics, overlain by red sandstone, aphyric basalt lava, and a sequence of well sorted breccia containing subangular clasts of basalt. Lateral extant unknown.", "citation": "Askew et al. 2026", "date_reference": null, "date_input": "2026-07-22", "username": "Robert Alexander Askew - NATT", "unit_code": null, "scale_precision": "2", "rock_type": "Sandstone" }, "geometry": { "type": "MultiPolygon", "coordinates": [ [ [ [ -15.108595608404583, 64.362847522208511 ], [ -15.10887902805619, 64.362791901996729 ], [ -15.109171144626103, 64.362713110679792 ], [ -15.109486851463382, 64.362658351327127 ], [ -15.109739711748773, 64.362627656789826 ], [ -15.110200234908838, 64.362504212994054 ], [ -15.110440263511435, 64.362449772083011 ], [ -15.11051741775616, 64.362515018589676 ], [ -15.110242191931855, 64.362627027093282 ], [ -15.109919779019663, 64.362690970132334 ], [ -15.109634372903283, 64.362760580908883 ], [ -15.108609066462776, 64.363018721850665 ], [ -15.10835461694947, 64.363098517976042 ], [ -15.108028618665003, 64.363225548911771 ], [ -15.107740216225118, 64.363316138768951 ], [ -15.107511343042164, 64.363405977734786 ], [ -15.107070660572033, 64.363541645148175 ], [ -15.106692492301212, 64.363655578488832 ], [ -15.106029558210977, 64.363834451747209 ], [ -15.105717552993742, 64.363901004500633 ], [ -15.105379371087432, 64.363999621136998 ], [ -15.105166892220831, 64.36405011000997 ], [ -15.105024307387056, 64.364065021893239 ], [ -15.10491520269972, 64.363996578082379 ], [ -15.105038112452938, 64.36389220963099 ], [ -15.105120762311795, 64.363842932074817 ], [ -15.105468238390886, 64.363679036430142 ], [ -15.105614663484387, 64.363561254247102 ], [ -15.105738232506432, 64.36345222237874 ], [ -15.10587455561145, 64.363329489504878 ], [ -15.105998786391201, 64.363215794586338 ], [ -15.10618811773425, 64.363024269266276 ], [ -15.10629826361499, 64.362933600687768 ], [ -15.106553264760832, 64.362963816057146 ], [ -15.106371237894011, 64.363104050685791 ], [ -15.106301490130296, 64.363214520894388 ], [ -15.106280769846689, 64.363284175826692 ], [ -15.106344829806451, 64.363365456895806 ], [ -15.106659626138494, 64.363355144350322 ], [ -15.106718089639285, 64.363323942161287 ], [ -15.106888833534454, 64.363262975302817 ], [ -15.1072061376923, 64.363159117351884 ], [ -15.107610873644083, 64.363048232761798 ], [ -15.108595608404583, 64.362847522208511 ] ] ] ] } },
{ "type": "Feature", "properties": { "fid": 49, "rock_type_unit": "Reworked volcaniclastic", "name_unit": "Loklausidalur Volcaniclastic Unit", "volcanic_system": null, "formation_geology_type": "Sedimentary", "feature_type": "Sedimentary Rock", "geological_age": null, "geological_group": "Hornafjörður Group", "geological_formation": "Hornafjörður Plateau Basalt Formation", "notes": "Altered sedimentary unit. Not mapped in detail", "citation": "Torfasson 1979; Askew et al. 2026", "date_reference": "1979", "date_input": "2026-07-22", "username": "Robert Alexander Askew - NATT", "unit_code": null, "scale_precision": "2", "rock_type": "Sandstone" }, "geometry": { "type": "MultiPolygon", "coordinates": [ [ [ [ -15.10887902805619, 64.362791901996729 ], [ -15.109171144626103, 64.362713110679792 ], [ -15.109486851463382, 64.362658351327127 ], [ -15.109739711748773, 64.362627656789826 ], [ -15.110200234908838, 64.362504212994054 ], [ -15.110440263511435, 64.362449772083011 ], [ -15.11051741775616, 64.362515018589676 ], [ -15.110242191931855, 64.362627027093282 ], [ -15.109919779019663, 64.362690970132334 ], [ -15.109634372903283, 64.362760580908883 ], [ -15.108609066462776, 64.363018721850665 ], [ -15.10835461694947, 64.363098517976042 ], [ -15.108028618665003, 64.363225548911771 ], [ -15.107740216225118, 64.363316138768951 ], [ -15.107511343042164, 64.363405977734786 ], [ -15.107070660572033, 64.363541645148175 ], [ -15.106692492301212, 64.363655578488832 ], [ -15.106029558210977, 64.363834451747209 ], [ -15.105717552993742, 64.363901004500633 ], [ -15.105379371087432, 64.363999621136998 ], [ -15.105166892220831, 64.36405011000997 ], [ -15.105024307387056, 64.364065021893239 ], [ -15.10491520269972, 64.363996578082379 ], [ -15.105038112452938, 64.36389220963099 ], [ -15.105120762311795, 64.363842932074817 ], [ -15.105468238390886, 64.363679036430142 ], [ -15.105614663484387, 64.363561254247102 ], [ -15.105738232506432, 64.36345222237874 ], [ -15.10587455561145, 64.363329489504878 ], [ -15.105998786391201, 64.363215794586338 ], [ -15.10618811773425, 64.363024269266276 ], [ -15.10629826361499, 64.362933600687768 ], [ -15.11340477873842, 64.359033499603953 ], [ -15.114990057157245, 64.358198781212565 ], [ -15.115429290936369, 64.357791060623242 ], [ -15.115988536331168, 64.35715775792012 ], [ -15.116042004745422, 64.356574522802063 ], [ -15.115957910873153, 64.355814849243259 ], [ -15.115905910276187, 64.355420299286664 ], [ -15.115908219978008, 64.355251862105675 ], [ -15.116139314204807, 64.355145689948202 ], [ -15.116378689833214, 64.355133348587415 ], [ -15.116573700115365, 64.355129185389529 ], [ -15.116807780988252, 64.355154146343835 ], [ -15.116949161386227, 64.355223441553036 ], [ -15.117235894737988, 64.355334054278472 ], [ -15.117723284033707, 64.355552984332618 ], [ -15.118265631913388, 64.355689127543968 ], [ -15.118735483326841, 64.355879503554732 ], [ -15.119583828163766, 64.356295261566558 ], [ -15.120332161028481, 64.356502409024955 ], [ -15.120622888559963, 64.356585037732188 ], [ -15.121227193163726, 64.356741540530209 ], [ -15.121621570625763, 64.35685500918801 ], [ -15.122030864068217, 64.357015678605592 ], [ -15.121950433756879, 64.357125869853405 ], [ -15.121433527769902, 64.356962335818409 ], [ -15.120607019983014, 64.356696947239385 ], [ -15.119642620452465, 64.356413839895581 ], [ -15.119334344370209, 64.356302658699576 ], [ -15.118945276046844, 64.35615188075522 ], [ -15.118462011628891, 64.355979870300303 ], [ -15.117749959015496, 64.355745596106729 ], [ -15.117219696628483, 64.355600411971309 ], [ -15.116793073939071, 64.355486071070487 ], [ -15.116542273049202, 64.355502789185479 ], [ -15.116415303024153, 64.355560251694229 ], [ -15.116375911033145, 64.355685575736658 ], [ -15.11639843491324, 64.355831272176161 ], [ -15.116472947499359, 64.356067284142725 ], [ -15.116608397128193, 64.356482779838842 ], [ -15.116489962569119, 64.357172979491025 ], [ -15.116358330771611, 64.357465979078896 ], [ -15.116153548800741, 64.357639986290479 ], [ -15.115950971496437, 64.357798446365322 ], [ -15.115575861154621, 64.35799832815664 ], [ -15.115056148820228, 64.358353063542125 ], [ -15.106553264760832, 64.362963816057146 ], [ -15.106371237894011, 64.363104050685791 ], [ -15.106301490130296, 64.363214520894388 ], [ -15.106280769846689, 64.363284175826692 ], [ -15.106344829806451, 64.363365456895806 ], [ -15.106659626138494, 64.363355144350322 ], [ -15.106718089639285, 64.363323942161287 ], [ -15.106888833534454, 64.363262975302817 ], [ -15.1072061376923, 64.363159117351884 ], [ -15.107610873644083, 64.363048232761798 ], [ -15.108595608404583, 64.362847522208511 ], [ -15.10887902805619, 64.362791901996729 ] ] ] ] } },
{ "type": "Feature", "properties": { "fid": 50, "rock_type_unit": "Felsite sheet", "name_unit": "Kapaldalur Felsite Sheet", "volcanic_system": "Slaufrudalur", "formation_geology_type": "Intrusion", "feature_type": "Sheet", "geological_age": "Neogene", "geological_group": "Hornafjörður Intrusive Suite", "geological_formation": "Skálatindur Sheet Swarm", "notes": "Silicic sheet, sub horizontal, bounding upper part of the Kapaldaur tuff formation", "citation": "Askew et al. 2026", "date_reference": null, "date_input": "2026-07-22", "username": "Robert Alexander Askew - NATT", "unit_code": "KVF-R", "scale_precision": "10", "rock_type": "Felsite" }, "geometry": { "type": "MultiPolygon", "coordinates": [ [ [ [ -15.069581161917991, 64.310076166507415 ], [ -15.066770942723844, 64.30946972081 ], [ -15.066491138465111, 64.309315491331361 ], [ -15.066339837570494, 64.309267712738333 ], [ -15.066235096216142, 64.309246157105747 ], [ -15.066006383171855, 64.309236850882428 ], [ -15.065832282621136, 64.309247744401816 ], [ -15.065447340972945, 64.309174922216158 ], [ -15.06528796846303, 64.309083237220349 ], [ -15.065200208566434, 64.308993489333787 ], [ -15.065130808452075, 64.308926081519616 ], [ -15.065014851444381, 64.308832450180745 ], [ -15.064934254331122, 64.308742895870992 ], [ -15.064882768020691, 64.308700936505105 ], [ -15.064682238593063, 64.308645583152227 ], [ -15.064498729321873, 64.308621894978444 ], [ -15.06421275214195, 64.308660964273869 ], [ -15.064099514444877, 64.308648538579675 ], [ -15.063760694894469, 64.308605044139227 ], [ -15.063607152912919, 64.3085228763495 ], [ -15.063277712516031, 64.308414104084761 ], [ -15.063093312935827, 64.308396630967081 ], [ -15.063074955740642, 64.308374290586386 ], [ -15.063073616130481, 64.308383615824411 ], [ -15.06303556219811, 64.308348260293499 ], [ -15.062748214467085, 64.308296795082569 ], [ -15.062612156317376, 64.308293111924101 ], [ -15.062398236120238, 64.308331007764423 ], [ -15.062208046235616, 64.308403871297372 ], [ -15.062012480977364, 64.308464107061411 ], [ -15.061767234487069, 64.308519876895502 ], [ -15.061619452422352, 64.308554826838389 ], [ -15.060924414054478, 64.308256774810616 ], [ -15.061305717405659, 64.308204690902926 ], [ -15.06160287518235, 64.308137845548003 ], [ -15.061778282339715, 64.308017774993772 ], [ -15.062022616543386, 64.307918293529383 ], [ -15.062384232145835, 64.30790311994437 ], [ -15.062992921082536, 64.307969525629062 ], [ -15.063570290539646, 64.308053804031374 ], [ -15.063829904272927, 64.30814820404936 ], [ -15.0641566651936, 64.308275625558764 ], [ -15.0644941421795, 64.308328444328012 ], [ -15.064754654383391, 64.308416625865263 ], [ -15.065067993347308, 64.308537440999118 ], [ -15.065280187529723, 64.308661760217461 ], [ -15.065435987363461, 64.308778312579065 ], [ -15.065678614616621, 64.308890972395531 ], [ -15.066081466711971, 64.308989242395356 ], [ -15.066405526166369, 64.30903545252697 ], [ -15.066598900728668, 64.309090609850969 ], [ -15.066871072645212, 64.309197825464111 ], [ -15.067102063570328, 64.309291445076184 ], [ -15.067440499509296, 64.309437897044944 ], [ -15.06805375826889, 64.309598018414775 ], [ -15.06828832433736, 64.309666768722266 ], [ -15.07039121088798, 64.30994202883231 ], [ -15.071007156715268, 64.310058522939627 ], [ -15.071260513485996, 64.310096570969705 ], [ -15.071442255987471, 64.310132684380434 ], [ -15.071536278457145, 64.310178910366673 ], [ -15.071564096970185, 64.310285757780036 ], [ -15.071541880147473, 64.310541036613699 ], [ -15.071594844507386, 64.310773382075013 ], [ -15.071527811147396, 64.310940077309695 ], [ -15.071461731547485, 64.311200412522027 ], [ -15.071633742066515, 64.311404768240138 ], [ -15.071868397344248, 64.311573369677362 ], [ -15.072376099666634, 64.311743102312718 ], [ -15.072745914842535, 64.311871664817815 ], [ -15.07300388331352, 64.31207833916875 ], [ -15.072994151797765, 64.312246581825278 ], [ -15.072901970285372, 64.312287779890468 ], [ -15.072621927460171, 64.312536098172444 ], [ -15.071991725451086, 64.312618937876806 ], [ -15.071519087328205, 64.312706030089828 ], [ -15.070844952443458, 64.312694064314996 ], [ -15.070648748746139, 64.31245784944646 ], [ -15.070409576219298, 64.312220473501228 ], [ -15.070719235802905, 64.312066573319314 ], [ -15.070755846120045, 64.31191153838104 ], [ -15.070507762464617, 64.311736331344477 ], [ -15.070398461633088, 64.311596077731338 ], [ -15.070322266912278, 64.311425513584723 ], [ -15.070273710749447, 64.31106222641202 ], [ -15.070344258814002, 64.310770807386604 ], [ -15.070468591853597, 64.310605660450051 ], [ -15.070576817373322, 64.310452560230232 ], [ -15.070555242633125, 64.310302194522961 ], [ -15.07042894988183, 64.310180204635259 ], [ -15.070132624552462, 64.310140994260536 ], [ -15.069581161917991, 64.310076166507415 ] ] ] ] } },
{ "type": "Feature", "properties": { "fid": 51, "rock_type_unit": "Felsite sheet", "name_unit": "Kapaldalur Felsite Sheet", "volcanic_system": "Slaufrudalur", "formation_geology_type": "Intrusion", "feature_type": "Sheet", "geological_age": "Neogene", "geological_group": "Hornafjörður Intrusive Suite", "geological_formation": "Skálatindur Sheet Swarm", "notes": "So named after Steffi's slide down ball bearing scree.", "citation": "Askew et al. 2026", "date_reference": null, "date_input": "2026-07-22", "username": "Robert Alexander Askew - NATT", "unit_code": "KVF-R", "scale_precision": "10", "rock_type": "Felsite" }, "geometry": { "type": "MultiPolygon", "coordinates": [ [ [ [ -15.061054007283889, 64.307480158103488 ], [ -15.061040427029329, 64.306874412272663 ], [ -15.061814634612528, 64.306789281099213 ], [ -15.062490437468201, 64.306888711877903 ], [ -15.062970245628224, 64.307051484977833 ], [ -15.063704237330281, 64.307146243979162 ], [ -15.064218875586135, 64.307066556645509 ], [ -15.064531227901471, 64.30699387603795 ], [ -15.064954577967507, 64.306949161965562 ], [ -15.065205220002657, 64.30700587102929 ], [ -15.065477365797745, 64.307113089231038 ], [ -15.066231043118353, 64.307170921884406 ], [ -15.066517470679525, 64.307178668636055 ], [ -15.066818219792793, 64.307186802118963 ], [ -15.067101079194837, 64.307219415113806 ], [ -15.067461839486311, 64.307310302629688 ], [ -15.067906747380746, 64.307415946107099 ], [ -15.068761634347302, 64.307570115943747 ], [ -15.067767598679367, 64.308385775381367 ], [ -15.067612732512783, 64.308362865530199 ], [ -15.067282386044011, 64.308260319178899 ], [ -15.067113199047483, 64.30823702154774 ], [ -15.066859865196381, 64.308198966308296 ], [ -15.066641421648313, 64.308118167325418 ], [ -15.066273514755816, 64.308077012530589 ], [ -15.06595843420877, 64.308068490544457 ], [ -15.065827752798899, 64.308077437765093 ], [ -15.065371239166055, 64.308052606842196 ], [ -15.065132231232036, 64.308014936033587 ], [ -15.064989905889897, 64.308004844528753 ], [ -15.064592466748477, 64.30796912737398 ], [ -15.064144884202879, 64.307882124262335 ], [ -15.063713411978922, 64.307783073717815 ], [ -15.063493195093105, 64.307714703673184 ], [ -15.063144945090176, 64.307536770768195 ], [ -15.062692908537814, 64.307480847323603 ], [ -15.062196122996424, 64.307436192876679 ], [ -15.061770946202627, 64.307393475704231 ], [ -15.061471983129486, 64.307372898167628 ], [ -15.061323408404327, 64.307406320785475 ], [ -15.061054007283889, 64.307480158103488 ] ] ] ] } },
{ "type": "Feature", "properties": { "fid": 52, "rock_type_unit": "Felsite sheet", "name_unit": "", "volcanic_system": "Slaufrudalur", "formation_geology_type": "Intrusion", "feature_type": "Sheet", "geological_age": "Neogene", "geological_group": "Hornafjörður Intrusive Suite", "geological_formation": "Skálatindur Sheet Swarm", "notes": null, "citation": "Askew et al. 2026", "date_reference": null, "date_input": "2026-07-22", "username": "Robert Alexander Askew - NATT", "unit_code": null, "scale_precision": "10", "rock_type": "Felsite" }, "geometry": { "type": "MultiPolygon", "coordinates": [ [ [ [ -15.075402713816597, 64.304796507316382 ], [ -15.075355505246876, 64.304770677281184 ], [ -15.07521423033773, 64.30469074093179 ], [ -15.075199367792605, 64.304597026833747 ], [ -15.075215129742046, 64.304486949987663 ], [ -15.075119953280293, 64.304361601091259 ], [ -15.0750794009366, 64.304289294081386 ], [ -15.075184553264048, 64.304107961615415 ], [ -15.075303714165692, 64.303828782986585 ], [ -15.075382473288171, 64.30367374981769 ], [ -15.075583054187867, 64.303497448152712 ], [ -15.075659359312073, 64.303359537907568 ], [ -15.075679001924653, 64.303261843831791 ], [ -15.075592325163903, 64.303195659062567 ], [ -15.075500014593112, 64.303129322190273 ], [ -15.075444342163014, 64.303083618862289 ], [ -15.0754516662751, 64.30299295916781 ], [ -15.075486780359814, 64.30286621539814 ], [ -15.075591574336219, 64.302687328809441 ], [ -15.075722117102288, 64.302565615929112 ], [ -15.075993829739602, 64.302405967175829 ], [ -15.076306791944409, 64.302313732277426 ], [ -15.076852563749298, 64.302294079077129 ], [ -15.077370897908061, 64.302308062112914 ], [ -15.077680071808645, 64.302321312970548 ], [ -15.077872014448724, 64.302363324072886 ], [ -15.078073510318031, 64.302457160111231 ], [ -15.078276442090615, 64.302580501725842 ], [ -15.078628733620064, 64.302766805039383 ], [ -15.078830408968569, 64.302849971209326 ], [ -15.079131739975587, 64.302949431915778 ], [ -15.079446811328401, 64.302860075214113 ], [ -15.079628358609295, 64.302697989260679 ], [ -15.079902111778312, 64.302484365747887 ], [ -15.080185729670044, 64.302280830119997 ], [ -15.080381410382753, 64.302178058644316 ], [ -15.080649632654351, 64.302082153338105 ], [ -15.081061112989937, 64.301933629877482 ], [ -15.081425807778661, 64.301835412003541 ], [ -15.081523683715311, 64.301823315954962 ], [ -15.081631468376678, 64.301860598626689 ], [ -15.081695969075303, 64.301923726380139 ], [ -15.081722780136191, 64.30197356059584 ], [ -15.081723908278917, 64.302044803071027 ], [ -15.081738092413236, 64.302143408820086 ], [ -15.081640215429635, 64.30215550501309 ], [ -15.0816014763267, 64.302149549973578 ], [ -15.081558112831862, 64.302096814116467 ], [ -15.081483353744522, 64.301986753671798 ], [ -15.081363601384743, 64.301954059573561 ], [ -15.081234796135556, 64.302024256186101 ], [ -15.081218360343994, 64.302139225995916 ], [ -15.081203672924399, 64.302241964974144 ], [ -15.081157240265714, 64.302289825471334 ], [ -15.081101637309171, 64.302333350310633 ], [ -15.081093555442799, 64.30233967661448 ], [ -15.081195008033994, 64.30238170010692 ], [ -15.081421771064383, 64.302377988526558 ], [ -15.081766500642489, 64.302379910805811 ], [ -15.081927442352839, 64.30240143636226 ], [ -15.082214822554644, 64.3024484685305 ], [ -15.082439138838966, 64.30246187854587 ], [ -15.082787056729266, 64.302481073376285 ], [ -15.083239227609988, 64.302522720077292 ], [ -15.083358580779986, 64.302534142235814 ], [ -15.083596318181407, 64.302556893505141 ], [ -15.083762197569124, 64.302583461116228 ], [ -15.083899207505928, 64.302614162252198 ], [ -15.084040828290936, 64.30270114496318 ], [ -15.084174755377548, 64.302783650914066 ], [ -15.08418536802014, 64.302828137183084 ], [ -15.084150863842501, 64.302832119230928 ], [ -15.084069146257074, 64.302810274064214 ], [ -15.083817311660439, 64.302751925076763 ], [ -15.083669113586394, 64.302734583350244 ], [ -15.083544731097508, 64.302720028323961 ], [ -15.083308095233852, 64.302713655026437 ], [ -15.082985856690081, 64.302673052957388 ], [ -15.082669602841518, 64.302630155780179 ], [ -15.082310024783734, 64.302573812771357 ], [ -15.081888472686455, 64.302515799036399 ], [ -15.081732115494567, 64.302501763749873 ], [ -15.081552872269455, 64.302489567193604 ], [ -15.08136065157052, 64.302528588089956 ], [ -15.081201885484711, 64.302570965890254 ], [ -15.080985728205983, 64.302619163629714 ], [ -15.080764285752094, 64.302664763035196 ], [ -15.080541093728433, 64.302722592927225 ], [ -15.080233775281361, 64.302814988798261 ], [ -15.079867626955881, 64.302883697853986 ], [ -15.079706057758976, 64.302945643328727 ], [ -15.079512854513851, 64.303070581259135 ], [ -15.079156677651861, 64.30326724844808 ], [ -15.079075070155989, 64.303363271956897 ], [ -15.078916402441909, 64.303523518748037 ], [ -15.07873379567484, 64.303692942304892 ], [ -15.07858915738397, 64.30379463281767 ], [ -15.078478604498475, 64.303816207662095 ], [ -15.078434229353453, 64.303810099842437 ], [ -15.078420036196572, 64.303754921379365 ], [ -15.078408787500463, 64.30371118988144 ], [ -15.078433005023129, 64.303620985850031 ], [ -15.078550521216078, 64.303511197346879 ], [ -15.078676820246161, 64.303379545236538 ], [ -15.078752409631104, 64.303246525692344 ], [ -15.078705165301324, 64.303181406253231 ], [ -15.078578062144508, 64.303200079227324 ], [ -15.078438010268364, 64.303309259999111 ], [ -15.078363434312726, 64.303395650408632 ], [ -15.078217746264647, 64.303504679028919 ], [ -15.078046335355799, 64.303595824628133 ], [ -15.077869288952829, 64.303686818066069 ], [ -15.077686957037404, 64.303775213164201 ], [ -15.077460282434965, 64.303896790413077 ], [ -15.077225837773552, 64.303993601771168 ], [ -15.076821755982284, 64.304208616628202 ], [ -15.076543345393507, 64.304375453401903 ], [ -15.076381823809978, 64.304515976188455 ], [ -15.076224852864376, 64.304624698787578 ], [ -15.076099874005283, 64.304667983170233 ], [ -15.07596485864628, 64.304704380289735 ], [ -15.075876305654372, 64.304728252074412 ], [ -15.075621380527991, 64.30477048528347 ], [ -15.075402713816597, 64.304796507316382 ] ] ] ] } },
{ "type": "Feature", "properties": { "fid": 54, "rock_type_unit": "Basaltic lava and interbeds", "name_unit": "Hornafjörður Plateau Basalt Lavas", "volcanic_system": null, "formation_geology_type": "Lava", "feature_type": "Lava", "geological_age": null, "geological_group": "Hornafjörður Group", "geological_formation": "Hornafjörður Plateau Basalt Formation", "notes": "From virtual outcrop mapping", "citation": "Askew et al. 2026", "date_reference": null, "date_input": "2026-07-22", "username": "Robert Alexander Askew - NATT", "unit_code": null, "scale_precision": "25", "rock_type": "Basalt" }, "geometry": { "type": "MultiPolygon", "coordinates": [ [ [ [ -15.12302970437714, 64.306939261855277 ], [ -15.123003384329989, 64.306972883746781 ], [ -15.122922289020442, 64.306936398571736 ], [ -15.122855076211527, 64.306903403729578 ], [ -15.122700927121782, 64.30682440688139 ], [ -15.122426925958164, 64.306779658433854 ], [ -15.122323469483089, 64.306748817372281 ], [ -15.122187287132668, 64.306695261473891 ], [ -15.122112351227537, 64.306615255557986 ], [ -15.122010531434931, 64.306522051507827 ], [ -15.121918195864831, 64.306463423767084 ], [ -15.121711726537619, 64.306398632258407 ], [ -15.121475734985861, 64.306339293802878 ], [ -15.121254945959738, 64.306274119727775 ], [ -15.121142450142763, 64.306205592816468 ], [ -15.121014313473109, 64.306146009620946 ], [ -15.1208772567645, 64.306098669676828 ], [ -15.120701316845393, 64.306072134734919 ], [ -15.120478331827774, 64.306022502421328 ], [ -15.120302513290261, 64.306045895396096 ], [ -15.120199302608563, 64.306114909624455 ], [ -15.120213304506246, 64.306168328653058 ], [ -15.120244708275635, 64.306200369617812 ], [ -15.120175860635218, 64.306229736284877 ], [ -15.120060087462377, 64.306285934024345 ], [ -15.120229307319773, 64.306309170134725 ], [ -15.120385405143569, 64.306272769863781 ], [ -15.120578307660649, 64.306281035672242 ], [ -15.120662477778087, 64.306295762038417 ], [ -15.120769571782361, 64.306351663975661 ], [ -15.120833382512913, 64.306459456882905 ], [ -15.120830864203825, 64.30652803681096 ], [ -15.120722692007282, 64.306581317481175 ], [ -15.120617038250217, 64.306566018146412 ], [ -15.120661642487503, 64.306504801399228 ], [ -15.12072420936202, 64.306469026330333 ], [ -15.12076033242108, 64.306416944319921 ], [ -15.120736528638576, 64.306381985874012 ], [ -15.120486778491083, 64.306369083635488 ], [ -15.120311958308877, 64.306436187848036 ], [ -15.120005801029361, 64.306415539468233 ], [ -15.11995875539373, 64.306392442140606 ], [ -15.119806377819623, 64.306301007889985 ], [ -15.119649600329657, 64.306240659324743 ], [ -15.119521145717091, 64.306234111799355 ], [ -15.119225791774785, 64.306238712562703 ], [ -15.119091056773348, 64.306225756421568 ], [ -15.118857391164873, 64.30620079921016 ], [ -15.11868520929035, 64.306249249976801 ], [ -15.118640160850573, 64.306313574698848 ], [ -15.118624195801125, 64.306375555227035 ], [ -15.11836432115858, 64.306434146719283 ], [ -15.118305596656553, 64.306392015149015 ], [ -15.118201149069391, 64.306317459919256 ], [ -15.118140107167111, 64.306240942781741 ], [ -15.118069146743808, 64.306132957569474 ], [ -15.118044349689798, 64.306054287442933 ], [ -15.117986507048514, 64.306005938586082 ], [ -15.117768602596971, 64.306021964551292 ], [ -15.117602700036803, 64.306076822336266 ], [ -15.117436796813369, 64.306131679932435 ], [ -15.117193656043398, 64.306072143380774 ], [ -15.116992925895296, 64.305966933683408 ], [ -15.116801674174798, 64.305896300421821 ], [ -15.116586298767773, 64.305843744762541 ], [ -15.11654542312939, 64.305777126282223 ], [ -15.116694248203272, 64.30569061036698 ], [ -15.11684747634694, 64.305573008542211 ], [ -15.117065263155517, 64.305507055556475 ], [ -15.117316650161277, 64.305457600954384 ], [ -15.117658366370698, 64.305379353928757 ], [ -15.117961312179236, 64.305371838897955 ], [ -15.118164126320337, 64.305411575959013 ], [ -15.118206326078175, 64.305468868243537 ], [ -15.118289728804301, 64.305539741538453 ], [ -15.118363212962757, 64.305579146757651 ], [ -15.118569228012548, 64.305647051591023 ], [ -15.118821847380669, 64.305741162423899 ], [ -15.119093191400967, 64.305804569146915 ], [ -15.119416862284089, 64.305853769879846 ], [ -15.119868547379177, 64.305912625810237 ], [ -15.120152776687233, 64.305935809992249 ], [ -15.120642468404055, 64.305980075709996 ], [ -15.120903017028803, 64.306018228361793 ], [ -15.121118402071421, 64.30607077763716 ], [ -15.121230017449758, 64.306145521744753 ], [ -15.121393958693336, 64.306206059571636 ], [ -15.121605387298866, 64.306286585434663 ], [ -15.121789933091573, 64.306353912854505 ], [ -15.122083336243229, 64.306464706646409 ], [ -15.122342696315554, 64.306562110897985 ], [ -15.122547409276139, 64.30663933588589 ], [ -15.122779448007408, 64.306726649951841 ], [ -15.122931837850537, 64.306818081094221 ], [ -15.12302970437714, 64.306939261855277 ] ] ] ] } },
{ "type": "Feature", "properties": { "fid": 55, "rock_type_unit": "Basaltic lava and interbeds", "name_unit": "Hornafjörður Plateau Basalt Lavas", "volcanic_system": null, "formation_geology_type": "Lava", "feature_type": "Lava", "geological_age": null, "geological_group": "Hornafjörður Group", "geological_formation": "Hornafjörður Plateau Basalt Formation", "notes": "From virtual outcrop mapping", "citation": "Askew et al. 2026", "date_reference": null, "date_input": "2026-07-22", "username": "Robert Alexander Askew - NATT", "unit_code": null, "scale_precision": "25", "rock_type": "Basalt" }, "geometry": { "type": "MultiPolygon", "coordinates": [ [ [ [ -15.115722445421394, 64.305815563718539 ], [ -15.115558164272892, 64.30567823221017 ], [ -15.11536647490558, 64.305561439433063 ], [ -15.115097062516362, 64.305474476801919 ], [ -15.114798739837193, 64.305418647881211 ], [ -15.114575139465446, 64.305354179066043 ], [ -15.114319436804998, 64.305256945615199 ], [ -15.113954659204619, 64.30515147945124 ], [ -15.113888951676431, 64.305096546074878 ], [ -15.114139772480328, 64.305055388068865 ], [ -15.114393783574148, 64.305078128034495 ], [ -15.114626580532953, 64.305164113934438 ], [ -15.114882283416661, 64.305261346845271 ], [ -15.114986104639733, 64.305306662321399 ], [ -15.115089175331356, 64.305357275425067 ], [ -15.115147938718733, 64.305374798381109 ], [ -15.115172345125581, 64.305375450314671 ], [ -15.115306580383951, 64.305379035876143 ], [ -15.115355393213873, 64.305380339685996 ], [ -15.115238617070791, 64.30533999621548 ], [ -15.11509048787229, 64.305261590827214 ], [ -15.114819577458132, 64.30518522308725 ], [ -15.114649296993599, 64.305090272158992 ], [ -15.114427952627379, 64.305009910022264 ], [ -15.114304984532664, 64.304926858193056 ], [ -15.114214119874083, 64.304876570582479 ], [ -15.114390218463974, 64.304844051243691 ], [ -15.114451233258276, 64.304845681387363 ], [ -15.114473386240004, 64.304862226531824 ], [ -15.114524638470598, 64.304932726719215 ], [ -15.114608557560482, 64.304945604231932 ], [ -15.114711438170071, 64.304911128408136 ], [ -15.114828258811277, 64.304972744598501 ], [ -15.114931750583841, 64.305041981260814 ], [ -15.115094849678835, 64.305079574103843 ], [ -15.115186044672559, 64.305105940016233 ], [ -15.115348113270427, 64.305194023725562 ], [ -15.115477139699305, 64.305255965347129 ], [ -15.115664319525044, 64.305318130581668 ], [ -15.115704075429594, 64.305361734428232 ], [ -15.115724072911778, 64.305436717094253 ], [ -15.115809076105133, 64.3055067886811 ], [ -15.115833766085279, 64.305548660675242 ], [ -15.11582475723295, 64.305612233139016 ], [ -15.115798617292455, 64.305688642474919 ], [ -15.115806411887309, 64.305763299217617 ], [ -15.115816223214292, 64.305802114971314 ], [ -15.115805429336573, 64.305835062673381 ], [ -15.115793086080497, 64.305857333485818 ], [ -15.115748073998338, 64.305850813597061 ], [ -15.115722445421394, 64.305815563718539 ] ] ] ] } },
{ "type": "Feature", "properties": { "fid": 56, "rock_type_unit": "Felsite sheet", "name_unit": "", "volcanic_system": "Slaufrudalur", "formation_geology_type": "Intrusion", "feature_type": "Sheet", "geological_age": null, "geological_group": "Hornafjörður Intrusive Suite", "geological_formation": "Skálatindur Sheet Swarm", "notes": null, "citation": "Askew et al. 2026", "date_reference": null, "date_input": "2026-07-22", "username": "Robert Alexander Askew - NATT", "unit_code": null, "scale_precision": "10", "rock_type": "Felsite" }, "geometry": { "type": "MultiPolygon", "coordinates": [ [ [ [ -15.087904221418745, 64.31158037809864 ], [ -15.087900986379394, 64.31143138983083 ], [ -15.087995395430031, 64.311285027544002 ], [ -15.0880256459091, 64.311073125004214 ], [ -15.088001024602248, 64.310902290006879 ], [ -15.087957392001586, 64.310778804829695 ], [ -15.087971760911715, 64.310678151131043 ], [ -15.087903067103415, 64.310644396264394 ], [ -15.087852733662615, 64.310653678376909 ], [ -15.087747528886149, 64.310704027921531 ], [ -15.087641567402082, 64.310759674951768 ], [ -15.087517349417519, 64.310857374109318 ], [ -15.087389245327635, 64.310896471705618 ], [ -15.087296141065769, 64.310862059961892 ], [ -15.087451681159843, 64.310802428786133 ], [ -15.087531719983005, 64.310756720453512 ], [ -15.087616296490634, 64.310679226709524 ], [ -15.087646001189411, 64.310642800327898 ], [ -15.087589513072837, 64.310609373585564 ], [ -15.087508614720322, 64.310575290255173 ], [ -15.087488742424259, 64.310542848321646 ], [ -15.087600857953348, 64.310529910168896 ], [ -15.087725934838533, 64.310512002634582 ], [ -15.087854792926274, 64.310467607180783 ], [ -15.087873804488103, 64.31042025737294 ], [ -15.087869918316537, 64.310361655931985 ], [ -15.0878857998506, 64.310250407119909 ], [ -15.088002346182694, 64.310120594031389 ], [ -15.088102905421492, 64.310016940435034 ], [ -15.088256714553802, 64.309797725029881 ], [ -15.088465495961223, 64.309622531017752 ], [ -15.088647597032084, 64.309462573032107 ], [ -15.08885108106089, 64.309324461434002 ], [ -15.088979067463393, 64.30920027331068 ], [ -15.089140642381615, 64.309098259796116 ], [ -15.089248106338401, 64.309032016543597 ], [ -15.089445536776319, 64.308936284671617 ], [ -15.089532479960832, 64.30892798635783 ], [ -15.089548573984157, 64.308986915862093 ], [ -15.089396937975918, 64.309105150664337 ], [ -15.089210954773298, 64.309206508182456 ], [ -15.08919270234043, 64.309248560591868 ], [ -15.089273061261698, 64.309458119045374 ], [ -15.089127143302584, 64.309278705275787 ], [ -15.089015033605376, 64.309291644602283 ], [ -15.088941157927085, 64.309380062450629 ], [ -15.088909944235061, 64.309427084228162 ], [ -15.08883682391011, 64.309510204456885 ], [ -15.088740805767825, 64.309582073156136 ], [ -15.088652455336867, 64.309686055378464 ], [ -15.088551143267301, 64.309795006917597 ], [ -15.088485688956812, 64.309910240563681 ], [ -15.088476615312565, 64.30997381134938 ], [ -15.088590347346525, 64.310035366555084 ], [ -15.088671245450847, 64.310069449283304 ], [ -15.088789622495291, 64.310184308185868 ], [ -15.088806471742613, 64.310237940210172 ], [ -15.088799018615534, 64.310376005135183 ], [ -15.088753330120147, 64.310438591407674 ], [ -15.08862684917192, 64.310552184210593 ], [ -15.088571979325788, 64.310593251970332 ], [ -15.088404993791745, 64.310647258567698 ], [ -15.088315776252699, 64.310671448904102 ], [ -15.08822655855634, 64.31069563918588 ], [ -15.088222777517979, 64.310722127008034 ], [ -15.088167906727232, 64.310763194616058 ], [ -15.088151164109307, 64.310794651771204 ], [ -15.088205384647496, 64.31084397098931 ], [ -15.08832592542165, 64.310857848325554 ], [ -15.08839602617995, 64.310795918606857 ], [ -15.088479194770859, 64.310814108747465 ], [ -15.088486863115586, 64.310846222344864 ], [ -15.088480057656247, 64.310893900437378 ], [ -15.088464827650972, 64.310914762497177 ], [ -15.088459534474973, 64.310951845457396 ], [ -15.088447435733238, 64.311036606509006 ], [ -15.088489558611357, 64.311170686673577 ], [ -15.088538487372698, 64.311257088730926 ], [ -15.088598216769959, 64.311439503357661 ], [ -15.088587630561744, 64.311513669290449 ], [ -15.088590113175904, 64.311667955110551 ], [ -15.088442239197304, 64.311759701107476 ], [ -15.088375917126617, 64.311795143024526 ], [ -15.088082979462719, 64.311787265654743 ], [ -15.087970753874664, 64.311715114918314 ], [ -15.087904221418745, 64.31158037809864 ] ], [ [ -15.088245841738431, 64.310560551292127 ], [ -15.088265608884218, 64.31050790386837 ], [ -15.088283485480838, 64.31046850035375 ], [ -15.088320803994984, 64.310421642815186 ], [ -15.088356610035691, 64.310385380397207 ], [ -15.088374108337394, 64.310348625654285 ], [ -15.088360715808204, 64.310313699163373 ], [ -15.088270258960037, 64.310260746566328 ], [ -15.088165381687164, 64.310265903002886 ], [ -15.088062773055464, 64.31025516667367 ], [ -15.088007850330143, 64.310253689593793 ], [ -15.087958273888299, 64.310257674179397 ], [ -15.08794228758912, 64.31028383374651 ], [ -15.087954923322133, 64.310324057838727 ], [ -15.088006443108876, 64.310349373972812 ], [ -15.088043867303606, 64.310387605758592 ], [ -15.088037817424466, 64.310429986265504 ], [ -15.08800546662464, 64.310484954197733 ], [ -15.088000981775119, 64.310559284204032 ], [ -15.088068163021397, 64.310603634151448 ], [ -15.088123464562607, 64.310602462426687 ], [ -15.088180656632101, 64.310588046770548 ], [ -15.088223321871068, 64.310546650934498 ], [ -15.088245841738431, 64.310560551292127 ] ], [ [ -15.088251870190463, 64.311419554316942 ], [ -15.088158815936845, 64.311427687752996 ], [ -15.088088660272563, 64.311447072730459 ], [ -15.088015857568115, 64.311484999146899 ], [ -15.088002948322742, 64.311532513098314 ], [ -15.088021309402517, 64.311575550091348 ], [ -15.088086549767892, 64.311590599312453 ], [ -15.088149468613123, 64.31157899656732 ], [ -15.088216168570009, 64.311540905971569 ], [ -15.088263803707532, 64.311507620580244 ], [ -15.088304148520798, 64.311439572782845 ], [ -15.088251870190463, 64.311419554316942 ] ] ] ] } },
{ "type": "Feature", "properties": { "fid": 57, "rock_type_unit": "Basaltic lava and interbeds", "name_unit": "Hornafjörður Plateau Basalt Lavas", "volcanic_system": null, "formation_geology_type": "Lava", "feature_type": "Lava", "geological_age": null, "geological_group": "Hornafjörður Group", "geological_formation": "Hornafjörður Plateau Basalt Formation", "notes": null, "citation": "Askew et al. 2026", "date_reference": null, "date_input": "2026-07-22", "username": "Robert Alexander Askew - NATT", "unit_code": null, "scale_precision": "25", "rock_type": "Basalt" }, "geometry": { "type": "MultiPolygon", "coordinates": [ [ [ [ -15.088263803707532, 64.311507620580244 ], [ -15.088216168570009, 64.311540905971569 ], [ -15.088149468613123, 64.31157899656732 ], [ -15.088086549767892, 64.311590599312453 ], [ -15.088021309402517, 64.311575550091348 ], [ -15.088002948322742, 64.311532513098314 ], [ -15.088015857568115, 64.311484999146899 ], [ -15.088088660272563, 64.311447072730459 ], [ -15.088158815936845, 64.311427687752996 ], [ -15.088251870190463, 64.311419554316942 ], [ -15.088304148520798, 64.311439572782845 ], [ -15.088263803707532, 64.311507620580244 ] ] ] ] } },
{ "type": "Feature", "properties": { "fid": 58, "rock_type_unit": "Basaltic lava and interbeds", "name_unit": "Hornafjörður Plateau Basalt Lavas", "volcanic_system": null, "formation_geology_type": "Lava", "feature_type": "Lava", "geological_age": null, "geological_group": "Hornafjörður Group", "geological_formation": "Hornafjörður Plateau Basalt Formation", "notes": null, "citation": "Askew et al. 2026", "date_reference": null, "date_input": "2026-07-22", "username": "Robert Alexander Askew - NATT", "unit_code": null, "scale_precision": "25", "rock_type": "Basalt" }, "geometry": { "type": "MultiPolygon", "coordinates": [ [ [ [ -15.088223321871068, 64.310546650934498 ], [ -15.088180656632101, 64.310588046770548 ], [ -15.088123464562607, 64.310602462426687 ], [ -15.088068163021397, 64.310603634151448 ], [ -15.088000981775119, 64.310559284204032 ], [ -15.08800546662464, 64.310484954197733 ], [ -15.088037817424466, 64.310429986265504 ], [ -15.088043867303606, 64.310387605758592 ], [ -15.088006443108876, 64.310349373972812 ], [ -15.087954923322133, 64.310324057838727 ], [ -15.08794228758912, 64.31028383374651 ], [ -15.087958273888299, 64.310257674179397 ], [ -15.088007850330143, 64.310253689593793 ], [ -15.088062773055464, 64.31025516667367 ], [ -15.088165381687164, 64.310265903002886 ], [ -15.088270258960037, 64.310260746566328 ], [ -15.088360715808204, 64.310313699163373 ], [ -15.088374108337394, 64.310348625654285 ], [ -15.088356610035691, 64.310385380397207 ], [ -15.088320803994984, 64.310421642815186 ], [ -15.088283485480838, 64.31046850035375 ], [ -15.088265608884218, 64.31050790386837 ], [ -15.088245841738431, 64.310560551292127 ], [ -15.088223321871068, 64.310546650934498 ] ] ] ] } },
{ "type": "Feature", "properties": { "fid": 59, "rock_type_unit": "Felsite sheet", "name_unit": "Laxárdalur Long-Distance Felsite Sheet", "volcanic_system": "Unknown", "formation_geology_type": "Intrusion", "feature_type": "Sheet", "geological_age": null, "geological_group": "Hornafjörður Intrusive Suite", "geological_formation": "", "notes": "Likely related to the Laxárdalur sheet according to aerial imagery", "citation": "Askew et al. 2026", "date_reference": null, "date_input": "2026-07-22", "username": "Robert Alexander Askew - NATT", "unit_code": null, "scale_precision": "5", "rock_type": "Felsite" }, "geometry": { "type": "MultiPolygon", "coordinates": [ [ [ [ -15.120170384377992, 64.391461482733405 ], [ -15.120052885500344, 64.39076564238691 ], [ -15.119694142192881, 64.390550158631953 ], [ -15.119392461075703, 64.390542134308845 ], [ -15.11925504386963, 64.390519756925713 ], [ -15.118854407544918, 64.390523140714322 ], [ -15.118493556492762, 64.390550984524822 ], [ -15.11816984015392, 64.390621940225273 ], [ -15.117982876596454, 64.390719936809745 ], [ -15.117754975904354, 64.390877690605393 ], [ -15.117584083883887, 64.39093867026277 ], [ -15.117167538644319, 64.391053958801095 ], [ -15.116995318931901, 64.391124263547894 ], [ -15.116821110317138, 64.391208556753782 ], [ -15.116735748108315, 64.391276492552038 ], [ -15.116659663325249, 64.391279147888696 ], [ -15.116712702057685, 64.391210351763178 ], [ -15.116831713052109, 64.39113395055675 ], [ -15.116966799035882, 64.391020532924159 ], [ -15.117047349064672, 64.390910344230321 ], [ -15.117029775958999, 64.390881793365565 ], [ -15.11690512135073, 64.390845711874746 ], [ -15.116852402713556, 64.390760059223211 ], [ -15.116861679883066, 64.390694778800224 ], [ -15.116783437041873, 64.390636529884773 ], [ -15.116734866771667, 64.390597792848027 ], [ -15.116713809318778, 64.390517663401155 ], [ -15.116748611256293, 64.390424979247342 ], [ -15.116906567768137, 64.390302809477106 ], [ -15.117011977324189, 64.390169879921956 ], [ -15.117031855674204, 64.390029993282965 ], [ -15.117042947588887, 64.389875831211029 ], [ -15.117027190616579, 64.389758398708054 ], [ -15.116912480447629, 64.3896523739066 ], [ -15.116788150847475, 64.389461843481598 ], [ -15.116747362779726, 64.389292258835994 ], [ -15.116935302027521, 64.389035152118794 ], [ -15.117111311583674, 64.388861977149006 ], [ -15.117599230828977, 64.388472438454372 ], [ -15.11819354487019, 64.388095090786521 ], [ -15.118387113018265, 64.38795046500789 ], [ -15.118779895466266, 64.387773695452466 ], [ -15.119214441127763, 64.387607397071719 ], [ -15.119321815556368, 64.387460477174841 ], [ -15.119486847771396, 64.387212119792451 ], [ -15.119467592221996, 64.387043109097419 ], [ -15.119332662458142, 64.386927187235258 ], [ -15.119231555067593, 64.386877692238343 ], [ -15.118955433543352, 64.386842262840005 ], [ -15.118677988234749, 64.386816158709195 ], [ -15.117955058061261, 64.386881170340487 ], [ -15.117693859669568, 64.386892940871263 ], [ -15.117240074430036, 64.386890223734895 ], [ -15.116986826126855, 64.386846038342114 ], [ -15.116556895769204, 64.386675455146843 ], [ -15.116386840868168, 64.386502428727653 ], [ -15.116215462802181, 64.386338727878851 ], [ -15.115986247791994, 64.386201569909687 ], [ -15.115545066796159, 64.386110252741076 ], [ -15.115341714234711, 64.386095476160222 ], [ -15.114707627203272, 64.386144115312746 ], [ -15.114223027709551, 64.386206095192364 ], [ -15.113465633381569, 64.386209319327222 ], [ -15.112799725159897, 64.386177533262014 ], [ -15.111723136230683, 64.386144158394686 ], [ -15.110855364031144, 64.38616314880619 ], [ -15.109390153513461, 64.386049186060333 ], [ -15.108407354449287, 64.386116579939824 ], [ -15.107592632516035, 64.386066757853499 ], [ -15.107288347692723, 64.386077359910701 ], [ -15.107195526313415, 64.386121688415244 ], [ -15.107263108958875, 64.386254547938009 ], [ -15.107315788898507, 64.386340204031001 ], [ -15.1071530177027, 64.386420110327933 ], [ -15.106967371879504, 64.386508767107543 ], [ -15.10629975680447, 64.386640725879474 ], [ -15.105527066322786, 64.386751154130764 ], [ -15.10519989862782, 64.386770502271872 ], [ -15.104611527328345, 64.386801596814379 ], [ -15.104206153394513, 64.386762687264181 ], [ -15.103873393796395, 64.38666954910974 ], [ -15.103760077118505, 64.386554188342458 ], [ -15.103751827684956, 64.386460356309954 ], [ -15.103883484656523, 64.386295371961268 ], [ -15.104292289457913, 64.38600673352731 ], [ -15.104960949274762, 64.385715672323713 ], [ -15.105889455637485, 64.38542218478139 ], [ -15.106291583036514, 64.385180169126301 ], [ -15.106639699521907, 64.38486182173456 ], [ -15.106749787614616, 64.384696259744075 ], [ -15.115742886169256, 64.376501715782794 ], [ -15.117008541007291, 64.375505710693247 ], [ -15.117384221764173, 64.374991496699238 ], [ -15.117461727385253, 64.374750173569396 ], [ -15.117318574363328, 64.374540418717174 ], [ -15.116825552145528, 64.37435879015122 ], [ -15.116493541864958, 64.373956783373373 ], [ -15.116035657770828, 64.373832253953424 ], [ -15.115965413639636, 64.373718050091639 ], [ -15.11602438154403, 64.373607288361313 ], [ -15.116395438344474, 64.373429951658551 ], [ -15.116745298305283, 64.373401826266388 ], [ -15.117067980157916, 64.37326064375408 ], [ -15.117390658682346, 64.373119460529566 ], [ -15.117837246136325, 64.373019020249757 ], [ -15.118267942707222, 64.373030487956711 ], [ -15.118544895123078, 64.37290680702678 ], [ -15.118872856875237, 64.372728317401695 ], [ -15.119173629084049, 64.372436771156728 ], [ -15.119479688954954, 64.372107921137115 ], [ -15.119796328604957, 64.371704464141402 ], [ -15.120343447095177, 64.370895255951268 ], [ -15.120159872515851, 64.370665706233396 ], [ -15.119934077169736, 64.370505240080846 ], [ -15.119751349982744, 64.370345919856064 ], [ -15.119606217382419, 64.3701501559826 ], [ -15.119388548879808, 64.370008627148323 ], [ -15.119117891417062, 64.369935894935168 ], [ -15.118723512777688, 64.369897312325961 ], [ -15.118235724814902, 64.369907727024398 ], [ -15.1177620126566, 64.369895112374451 ], [ -15.117601008205487, 64.369811255788676 ], [ -15.117573832263549, 64.369698199622363 ], [ -15.117708809414472, 64.369584781425161 ], [ -15.118149692099008, 64.369371857502216 ], [ -15.118856583748645, 64.369264305677845 ], [ -15.119994106384462, 64.369168213042258 ], [ -15.120415118926376, 64.369095169175054 ], [ -15.120674459012013, 64.368942933802444 ], [ -15.121016910533463, 64.368661855607868 ], [ -15.121297406723858, 64.368360406298621 ], [ -15.121385072209183, 64.367894688960092 ], [ -15.121491035070525, 64.367757093420678 ], [ -15.121841027551314, 64.36727027270571 ], [ -15.122107532293215, 64.366762508418148 ], [ -15.122334187881076, 64.365926049203168 ], [ -15.122756090697097, 64.365693887028769 ], [ -15.123143615757694, 64.365704194957004 ], [ -15.124150585019157, 64.365918194318581 ], [ -15.123965897932697, 64.366306444115125 ], [ -15.123616896942016, 64.366634158316216 ], [ -15.123432197459563, 64.367022407452438 ], [ -15.1234084026947, 64.367190272268147 ], [ -15.123331728689969, 64.367731169991671 ], [ -15.123243718404671, 64.368047102723651 ], [ -15.123211989258717, 64.368270922448787 ], [ -15.123312091919461, 64.368479526239611 ], [ -15.123153817810552, 64.368681258600603 ], [ -15.122310666388405, 64.369445155673219 ], [ -15.122101379786404, 64.369701696266191 ], [ -15.121572245964664, 64.370168800254788 ], [ -15.122004255246967, 64.370691377954827 ], [ -15.122045420079292, 64.371010746770821 ], [ -15.121587869821003, 64.37210317282225 ], [ -15.121093684145722, 64.372539353545534 ], [ -15.120523928968305, 64.372898634144235 ], [ -15.120099249482097, 64.37314944154636 ], [ -15.119378364539749, 64.373354920201564 ], [ -15.119101411356024, 64.37347860271565 ], [ -15.118884121064061, 64.373791093472903 ], [ -15.118760911718836, 64.374049922359816 ], [ -15.119092244816178, 64.374152352321232 ], [ -15.119332142424156, 64.374289791931616 ], [ -15.119470015027359, 64.374536847970447 ], [ -15.119328276110913, 64.374926238420628 ], [ -15.119005586282304, 64.375067425941253 ], [ -15.107510900177235, 64.384894435122433 ], [ -15.107635144429539, 64.385084973400254 ], [ -15.107854864231006, 64.385212531332115 ], [ -15.108184963656464, 64.385324311795671 ], [ -15.108602571236299, 64.385429064961627 ], [ -15.109468330363903, 64.385424076494061 ], [ -15.110140189426447, 64.385413912046516 ], [ -15.11287203596742, 64.385365045919073 ], [ -15.115009908232059, 64.385234782242847 ], [ -15.115931015692068, 64.385296757246181 ], [ -15.116605861823794, 64.385417697447835 ], [ -15.116969813623555, 64.385595885640655 ], [ -15.117561489722984, 64.385845661597756 ], [ -15.117644042972024, 64.386025718665735 ], [ -15.117946023464055, 64.386183532520207 ], [ -15.118500900385266, 64.386235743034177 ], [ -15.119077324712029, 64.386288524676303 ], [ -15.119858612131395, 64.386421641780345 ], [ -15.120434082414357, 64.386633529788867 ], [ -15.120539890430736, 64.386954618375341 ], [ -15.120451786078235, 64.387270549732406 ], [ -15.120141596170532, 64.387627379449583 ], [ -15.119835010611759, 64.387806445182378 ], [ -15.119458483979864, 64.388021093943166 ], [ -15.118360040647879, 64.388750113185978 ], [ -15.118017660513695, 64.389180971374628 ], [ -15.117734613401398, 64.389650852208533 ], [ -15.117826802899655, 64.389915414679081 ], [ -15.117843051280465, 64.389953291229972 ], [ -15.118175898364703, 64.390046397568668 ], [ -15.11877395063255, 64.390099753783957 ], [ -15.11926823693415, 64.390122264166152 ], [ -15.120332412669336, 64.390244178578413 ], [ -15.120785295175939, 64.390405997862658 ], [ -15.121034977597439, 64.39062794006017 ], [ -15.121028724798771, 64.390824355070464 ], [ -15.120808443059319, 64.391614184254507 ], [ -15.120708045424522, 64.391864262178643 ], [ -15.120110915919824, 64.392489613598769 ], [ -15.120170384377992, 64.391461482733405 ] ] ], [ [ [ -15.122260121617039, 64.3960217082425 ], [ -15.123302637818854, 64.395597783592478 ], [ -15.123443207991917, 64.395256157588221 ], [ -15.123201765923731, 64.395010647065646 ], [ -15.123068975030918, 64.39464847503514 ], [ -15.123439713136108, 64.394631759053354 ], [ -15.124786416473556, 64.395092590584966 ], [ -15.125656974293829, 64.395447785250269 ], [ -15.126116277170572, 64.395672508949005 ], [ -15.126237854859873, 64.396114077728285 ], [ -15.12597741457841, 64.396651769291651 ], [ -15.125521083675524, 64.396838899754428 ], [ -15.125099858288415, 64.396562053384187 ], [ -15.124178581671963, 64.396564152438074 ], [ -15.123861475534209, 64.396635428005766 ], [ -15.12333832815003, 64.396860626476879 ], [ -15.122849513018265, 64.397060169287968 ], [ -15.12275400295081, 64.397084197806834 ], [ -15.122596790942485, 64.396894056988316 ], [ -15.122450850910333, 64.396624516790894 ], [ -15.121745539020601, 64.396619056076204 ], [ -15.120593858429661, 64.39678436879926 ], [ -15.118086457695037, 64.396930217545687 ], [ -15.115962976039325, 64.396966694455088 ], [ -15.113726564463585, 64.396933716971702 ], [ -15.110964577952592, 64.396926548504908 ], [ -15.108508855854033, 64.39714002836655 ], [ -15.106643629359118, 64.397302807418313 ], [ -15.104463100595888, 64.397523563149676 ], [ -15.103398967216402, 64.397954722598598 ], [ -15.103112690107752, 64.398051848217264 ], [ -15.102767963467914, 64.398134316077488 ], [ -15.102453389228803, 64.398217588513276 ], [ -15.102108658512172, 64.398300054818606 ], [ -15.101731909235706, 64.39839476133551 ], [ -15.101360743423371, 64.398450327229114 ], [ -15.101017868669844, 64.398519744410905 ], [ -15.10067685453329, 64.398576114246197 ], [ -15.100303821578299, 64.398644723997577 ], [ -15.099932649472663, 64.398700286264088 ], [ -15.099591630848522, 64.398756653567034 ], [ -15.099224181908212, 64.398786120977206 ], [ -15.098854868934218, 64.398828633982419 ], [ -15.098485554812139, 64.398871146054276 ], [ -15.098087948037236, 64.398899804399747 ], [ -15.097718631762135, 64.398942314533315 ], [ -15.097345586392219, 64.399010916733374 ], [ -15.097004558563578, 64.399067277999151 ], [ -15.096688091749394, 64.399163584521347 ], [ -15.096313176293922, 64.399245230577932 ], [ -15.096026860516357, 64.399342342318377 ], [ -15.095657535062264, 64.399384847243283 ], [ -15.095314634119315, 64.39945425104446 ], [ -15.094943440893051, 64.399509800638938 ], [ -15.094575976827203, 64.399539256360868 ], [ -15.094204780947026, 64.399594804079101 ], [ -15.093863739365919, 64.399651158015857 ], [ -15.093488808795748, 64.399732796827308 ], [ -15.09322890188233, 64.399856803222832 ], [ -15.092970858740152, 64.399967762712109 ], [ -15.092741103505798, 64.400092575580672 ], [ -15.092483056160052, 64.40020353420968 ], [ -15.092196716750717, 64.400300638449053 ], [ -15.091910375308071, 64.400397742127737 ], [ -15.091565585325339, 64.400480183565378 ], [ -15.091249083010307, 64.400576478313312 ], [ -15.090934445613289, 64.400659725957127 ], [ -15.090619806300815, 64.40074297292378 ], [ -15.090333454628095, 64.400840073514246 ], [ -15.090016943809838, 64.400936365594958 ], [ -15.089702298521921, 64.401019610587042 ], [ -15.089415940695098, 64.401116709380744 ], [ -15.089099423444779, 64.401212999475263 ], [ -15.088813061452557, 64.401310097088356 ], [ -15.088526697426934, 64.401407194140688 ], [ -15.08820643667392, 64.401529575079664 ], [ -15.087974777949121, 64.401667426846899 ], [ -15.087744985634556, 64.401792231868853 ], [ -15.087513322358788, 64.401930082906134 ], [ -15.087309946055477, 64.402081788464088 ], [ -15.087227201332695, 64.402236727901496 ], [ -15.087084138413433, 64.402390050190633 ], [ -15.086971232683398, 64.402544180924622 ], [ -15.086858325680657, 64.402698311572394 ], [ -15.086374655813096, 64.403327070963314 ], [ -15.086220611291601, 64.403768221090886 ], [ -15.086194929045268, 64.404369971151823 ], [ -15.086319805750692, 64.404766214364003 ], [ -15.086439077280755, 64.405201596568602 ], [ -15.086788182649862, 64.405512175507312 ], [ -15.08698835327619, 64.405805664433885 ], [ -15.087131941422717, 64.40607144325854 ], [ -15.087332119832999, 64.406364931721285 ], [ -15.087339851845224, 64.406522296742267 ], [ -15.087268564156279, 64.40680850850201 ], [ -15.087018161539291, 64.407076822540191 ], [ -15.086536038756682, 64.407482985673298 ], [ -15.086121710724035, 64.407838579305135 ], [ -15.085795996777016, 64.408209644622687 ], [ -15.085346111412395, 64.408813116860912 ], [ -15.085031835943488, 64.40931545293023 ], [ -15.08464201487125, 64.409710990419683 ], [ -15.084338941818395, 64.410135046954423 ], [ -15.084384541045388, 64.410450586480948 ], [ -15.084784671837129, 64.410828020198849 ], [ -15.085011049497547, 64.410938863050418 ], [ -15.085261985432817, 64.411089653544536 ], [ -15.085505442298782, 64.411292629030996 ], [ -15.085301985202696, 64.411444331854483 ], [ -15.084797074258184, 64.411797494985066 ], [ -15.084723875301378, 64.412096751912969 ], [ -15.084609279352154, 64.412473477813009 ], [ -15.084639917773019, 64.41289338804809 ], [ -15.084921276452702, 64.413254538786987 ], [ -15.085272338150153, 64.41355207510108 ], [ -15.08571392118011, 64.413852037125594 ], [ -15.086400874921516, 64.414341925474815 ], [ -15.086712193702482, 64.414494330885617 ], [ -15.087002946199917, 64.414790245776956 ], [ -15.087025891282266, 64.415052790455803 ], [ -15.087399437023407, 64.415193765157085 ], [ -15.087861635801309, 64.415350210511704 ], [ -15.088174843687575, 64.41548956642616 ], [ -15.088461883887373, 64.415811571211748 ], [ -15.088705406572583, 64.416014541407279 ], [ -15.088905407592222, 64.416098477227351 ], [ -15.089480850653981, 64.416310335759533 ], [ -15.09009208284054, 64.416483860719552 ], [ -15.090784223161391, 64.416515488053051 ], [ -15.091125481511414, 64.4164591412638 ], [ -15.091236553223796, 64.416318053662977 ], [ -15.091526799692092, 64.416194858369806 ], [ -15.091707843668413, 64.41619970410413 ], [ -15.092019213198601, 64.416352098224891 ], [ -15.092193080144384, 64.416618679727648 ], [ -15.092278586740747, 64.417079342757262 ], [ -15.09210529931527, 64.41723186256668 ], [ -15.09174880127814, 64.41718303254261 ], [ -15.091362129491966, 64.417133393977494 ], [ -15.091000029357023, 64.417123701428125 ], [ -15.090643534705293, 64.417074868709449 ], [ -15.090420820393446, 64.416937941710927 ], [ -15.090169802306791, 64.416787160037458 ], [ -15.089847225595236, 64.416713040459101 ], [ -15.089485131566375, 64.416703344158265 ], [ -15.089198608654025, 64.416800442589633 ], [ -15.088912083705956, 64.4168975404599 ], [ -15.088549987564701, 64.416887841843106 ], [ -15.088197239482103, 64.416812910365692 ], [ -15.087835144715688, 64.416803209978639 ], [ -15.087518183768736, 64.416689946097378 ], [ -15.087229529732221, 64.416590536440509 ], [ -15.086940877795364, 64.416491126214183 ], [ -15.086654098221775, 64.416378669045528 ], [ -15.086463453805354, 64.416229498293475 ], [ -15.086270941044599, 64.416093373661539 ], [ -15.086110474262938, 64.415945011173534 ], [ -15.085793530414335, 64.415831743557405 ], [ -15.085470976845723, 64.415757614327035 ], [ -15.085120122737214, 64.415669629071928 ], [ -15.084835230348206, 64.415544121986571 ], [ -15.084706818615434, 64.415383520630712 ], [ -15.084578408391613, 64.415222919163085 ], [ -15.084448128451175, 64.41507536392767 ], [ -15.084317849917268, 64.414927808577048 ], [ -15.084161143264934, 64.414753351272225 ], [ -15.084004438612864, 64.414578893800652 ], [ -15.083877907749153, 64.414405245384998 ], [ -15.083749506990925, 64.41424464319563 ], [ -15.08365127916924, 64.414084850163945 ], [ -15.083521009657339, 64.413937294109132 ], [ -15.083394484834381, 64.413763645279573 ], [ -15.083264218239329, 64.413616088997827 ], [ -15.083133953050593, 64.413468532600902 ], [ -15.083035731615917, 64.413308739160627 ], [ -15.082997852082265, 64.413150564470129 ], [ -15.082929802785406, 64.412991580358749 ], [ -15.082952264357683, 64.412835024476323 ], [ -15.082974725672692, 64.412678468591437 ], [ -15.082997186730433, 64.412521912704079 ], [ -15.083021519252672, 64.412352310490007 ], [ -15.083043979774457, 64.412195754597548 ], [ -15.083036270886231, 64.412038389312571 ], [ -15.082998393109673, 64.411880214630344 ], [ -15.082902049908604, 64.411707374786914 ], [ -15.082803836156998, 64.411547581202271 ], [ -15.082705623553528, 64.411387787552712 ], [ -15.082577243854205, 64.411227184353422 ], [ -15.082358361485149, 64.411064152471411 ], [ -15.082133865591343, 64.410940259199251 ], [ -15.081973451507693, 64.4107918922019 ], [ -15.082027956400397, 64.410623099774554 ], [ -15.082110755970932, 64.410468163226511 ], [ -15.082193554602986, 64.410313226632539 ], [ -15.082306519352137, 64.410159099539484 ], [ -15.082449649718235, 64.410005781877373 ], [ -15.082592778479018, 64.409852464076081 ], [ -15.082675572514784, 64.409697527213041 ], [ -15.082790403641477, 64.40953035343162 ], [ -15.082843029374228, 64.40937460702888 ], [ -15.082986152624786, 64.409221288846439 ], [ -15.083099108394167, 64.409067161147846 ], [ -15.083181897182524, 64.408912224003075 ], [ -15.08338347589701, 64.408773570473244 ], [ -15.08361708916269, 64.408622679613018 ], [ -15.083731910018287, 64.408455505099454 ], [ -15.083814693368607, 64.40830056760025 ], [ -15.08386731089959, 64.408144820836725 ], [ -15.084010421968987, 64.407991501659254 ], [ -15.08415353143338, 64.407838182342658 ], [ -15.08432493289969, 64.407698718355178 ], [ -15.084468039068037, 64.407545398732509 ], [ -15.084697894691626, 64.407420598832886 ], [ -15.084871161254764, 64.40726808786431 ], [ -15.084923770781051, 64.407112340727267 ], [ -15.084948086538937, 64.406942738230597 ], [ -15.084970531586166, 64.406786182077298 ], [ -15.084714025186791, 64.406674530138588 ], [ -15.084738341856339, 64.406504927679933 ], [ -15.084821113598311, 64.40634998962345 ], [ -15.084873721643222, 64.406194242510452 ], [ -15.085018687196468, 64.406027876013866 ], [ -15.085163650985695, 64.405861509374645 ], [ -15.085335034909471, 64.405722044214315 ], [ -15.085387638819039, 64.405566296920497 ], [ -15.085410080219825, 64.405409740708876 ], [ -15.085374068006372, 64.405238520335061 ], [ -15.085398379305044, 64.405068917776973 ], [ -15.085390658876703, 64.40491155266308 ], [ -15.085382938537226, 64.404754187549855 ], [ -15.085316766363114, 64.404582158254996 ], [ -15.085186533134047, 64.404434603742516 ], [ -15.08511849280219, 64.404275620707793 ], [ -15.085082483908034, 64.404104400270455 ], [ -15.085104925856145, 64.403947844115493 ], [ -15.085217847900786, 64.403793714814114 ], [ -15.085360928627255, 64.403640394342773 ], [ -15.085445558128832, 64.403472409602273 ], [ -15.085467997479713, 64.403315853395824 ], [ -15.085490436573661, 64.403159297186988 ], [ -15.085605223037851, 64.4029921212408 ], [ -15.085627661080569, 64.402835565013092 ], [ -15.085712286453003, 64.402667580124003 ], [ -15.085825199788033, 64.402513450361894 ], [ -15.085968270411065, 64.402360129304427 ], [ -15.086139628288549, 64.402220663221627 ], [ -15.086312853865996, 64.402068150578032 ], [ -15.086484208156678, 64.401928684092937 ], [ -15.086655560699636, 64.40178921740781 ], [ -15.086768465091913, 64.401635086922795 ], [ -15.086851210593311, 64.401480147749226 ], [ -15.087024427511997, 64.401327634267076 ], [ -15.087225930840582, 64.401188975483421 ], [ -15.087457589287194, 64.401051124906203 ], [ -15.087745822067239, 64.40094098357207 ], [ -15.088062340935153, 64.400844696410616 ], [ -15.088378857574321, 64.400748408563999 ], [ -15.088667083453785, 64.400638265414159 ], [ -15.088981727505356, 64.400555022652526 ], [ -15.089328394119415, 64.400459540913062 ], [ -15.08964490184367, 64.400363250325768 ], [ -15.089931250968592, 64.400266151086655 ], [ -15.090217598060246, 64.400169051286795 ], [ -15.090447365453208, 64.400044242385704 ], [ -15.090648841972079, 64.399905578890113 ], [ -15.090880472295281, 64.399767722894595 ], [ -15.091142255987359, 64.399630674255718 ], [ -15.091400303367735, 64.399519717997322 ], [ -15.091743215063891, 64.399450323381885 ], [ -15.092057836086175, 64.399367074001105 ], [ -15.092429033235831, 64.399311531737411 ], [ -15.092770073538084, 64.399255181150096 ], [ -15.093199712337665, 64.399214298126637 ], [ -15.093595463029498, 64.399198699534637 ], [ -15.093957326769161, 64.39920838564943 ], [ -15.094319190765116, 64.399218070868045 ], [ -15.09468478553573, 64.399201662258406 ], [ -15.095052244948674, 64.399172206263287 ], [ -15.095419703570105, 64.399142749344122 ], [ -15.095764465074685, 64.399060298817588 ], [ -15.096022488321537, 64.398949334399575 ], [ -15.096280509474735, 64.398838369526473 ], [ -15.096538528534296, 64.398727404198311 ], [ -15.096796545500244, 64.398616438415061 ], [ -15.097026269827765, 64.398491619178429 ], [ -15.097257856031684, 64.398353753082944 ], [ -15.097546020918021, 64.398243592432692 ], [ -15.097892628335167, 64.398148090386158 ], [ -15.098209079158392, 64.398051781259539 ], [ -15.098495373678261, 64.39795466524879 ], [ -15.098838247749811, 64.397885253988122 ], [ -15.099152829172548, 64.397801989336912 ], [ -15.099469271554119, 64.397705677482477 ], [ -15.099810277327052, 64.397649310467756 ], [ -15.100177710363878, 64.397619841585211 ], [ -15.100547004960287, 64.397577325238828 ], [ -15.100888006911958, 64.397520955709126 ], [ -15.101229007458087, 64.397464585383716 ], [ -15.101594574643689, 64.397448159486856 ], [ -15.10195641805368, 64.397457825790966 ], [ -15.102318261719407, 64.397467491198981 ], [ -15.103738123077484, 64.397225257210039 ], [ -15.106187826472908, 64.396839012519663 ], [ -15.107961272947563, 64.396673792105005 ], [ -15.110197220141382, 64.396494313859293 ], [ -15.112658975404962, 64.396453650366581 ], [ -15.11507696680491, 64.396504762901856 ], [ -15.119194000620098, 64.396481483128284 ], [ -15.121045943717823, 64.396411176154359 ], [ -15.122260121617039, 64.3960217082425 ] ] ] ] } },
{ "type": "Feature", "properties": { "fid": 60, "rock_type_unit": "Felsite sheet", "name_unit": "Kvosatindur Felsite Sheet", "volcanic_system": "Slaufrudalur", "formation_geology_type": "Intrusion", "feature_type": "Sheet", "geological_age": null, "geological_group": "Hornafjörður Intrusive Suite", "geological_formation": "Kvosir Sheet Swarm", "notes": null, "citation": "Askew et al. 2026", "date_reference": null, "date_input": "2026-07-22", "username": "Robert Alexander Askew - NATT", "unit_code": null, "scale_precision": "5", "rock_type": "Felsite" }, "geometry": { "type": "MultiPolygon", "coordinates": [ [ [ [ -15.07150323054406, 64.398317512685367 ], [ -15.071706666523662, 64.398165829155801 ], [ -15.071966654931316, 64.398041861058331 ], [ -15.072196487726634, 64.397917080872347 ], [ -15.072367887986541, 64.397777630969031 ], [ -15.072569439457039, 64.397638992421349 ], [ -15.072829418946585, 64.397515022791637 ], [ -15.073115797937923, 64.397417956520243 ], [ -15.073402174896684, 64.397320889687961 ], [ -15.073792284184798, 64.397344483310917 ], [ -15.074016630703882, 64.397468389320053 ], [ -15.074146770504274, 64.397615953738708 ], [ -15.074124271029516, 64.397772508164977 ], [ -15.073981158013755, 64.397925817593062 ], [ -15.073719304660665, 64.39806283547145 ], [ -15.073459323997477, 64.398186806687605 ], [ -15.073229494696921, 64.398311588861503 ], [ -15.0730580954838, 64.398451039778877 ], [ -15.072886694522898, 64.398590490496076 ], [ -15.072715291814189, 64.398729941013059 ], [ -15.072632474556517, 64.398884872159584 ], [ -15.072487471523765, 64.399051226315905 ], [ -15.072340590810253, 64.399230626509606 ], [ -15.072227615039306, 64.399384745826993 ], [ -15.072205103124016, 64.399541299970011 ], [ -15.072241025392385, 64.399712523542547 ], [ -15.072371166290916, 64.39986008955745 ], [ -15.072497556801482, 64.400033747822505 ], [ -15.07265785637744, 64.400182125148717 ], [ -15.072755970033359, 64.40034192547067 ], [ -15.072791896802126, 64.400513148913817 ], [ -15.072767511375345, 64.400682749337975 ], [ -15.072592343132486, 64.400848292096541 ], [ -15.072419048771641, 64.401000788464273 ], [ -15.072130615219899, 64.400901349066487 ], [ -15.072002346847993, 64.400740736653972 ], [ -15.072024860911222, 64.400584182533876 ], [ -15.071987062683805, 64.400426005077819 ], [ -15.071762701098443, 64.400302095936055 ], [ -15.07140833651196, 64.400240170181775 ], [ -15.071053973530226, 64.400178243568277 ], [ -15.070701488913624, 64.400103269936139 ], [ -15.070345252381047, 64.400054387763802 ], [ -15.0700229267675, 64.399980224503921 ], [ -15.069666693050454, 64.399931340677568 ], [ -15.069308583198099, 64.399895502124366 ], [ -15.068920318985127, 64.399858850390814 ], [ -15.068560333298407, 64.399836056140387 ], [ -15.068168315038168, 64.399825494672385 ], [ -15.067806452297457, 64.399815744691523 ], [ -15.067448346396484, 64.399779901579521 ], [ -15.067092119890678, 64.399731011477058 ], [ -15.066803719098882, 64.399631561570743 ], [ -15.06651532040445, 64.399532111095624 ], [ -15.066196769059935, 64.399431847186918 ], [ -15.065915890635706, 64.399280211124804 ], [ -15.065661411528822, 64.399155479692908 ], [ -15.065438968220912, 64.39901851475507 ], [ -15.065308868729073, 64.398870942572543 ], [ -15.065303144876143, 64.398700530358695 ], [ -15.065325695605303, 64.398543977285797 ], [ -15.065497134823501, 64.39840453543934 ], [ -15.065579991044265, 64.398249608341359 ], [ -15.065355676338587, 64.39812568937478 ], [ -15.064993837089515, 64.398115932429349 ], [ -15.06467154883131, 64.398041757371743 ], [ -15.064383174652709, 64.397942302695512 ], [ -15.064062769869103, 64.397855080218676 ], [ -15.064055174228777, 64.397697714036468 ], [ -15.064077731274077, 64.397541161163247 ], [ -15.064192625028506, 64.397374002086892 ], [ -15.064482792253857, 64.397250860589594 ], [ -15.064740925305161, 64.397139951433118 ], [ -15.065029208325971, 64.397029854933024 ], [ -15.065259064264451, 64.396905085665978 ], [ -15.065519069909211, 64.396781129048833 ], [ -15.065750800407297, 64.396643312918698 ], [ -15.065952377057082, 64.396504683506734 ], [ -15.066184103030002, 64.396366866691096 ], [ -15.066385675446526, 64.396228236683058 ], [ -15.066647547970705, 64.396091231959801 ], [ -15.066905661301215, 64.395980318984698 ], [ -15.067250468860522, 64.395897935756253 ], [ -15.067565123542257, 64.395814739132064 ], [ -15.067906171442607, 64.395758446590023 ], [ -15.068281123859874, 64.395676873441914 ], [ -15.068629678327987, 64.395568394708036 ], [ -15.068887778687902, 64.395457478233851 ], [ -15.069089330700882, 64.39531884450156 ], [ -15.06926073052024, 64.395179398259756 ], [ -15.06934355565623, 64.395024469050455 ], [ -15.06948855646292, 64.394858118044525 ], [ -15.069659951360329, 64.394718671337273 ], [ -15.06989164352431, 64.394580848652751 ], [ -15.070121456705856, 64.394456071750426 ], [ -15.070379540522083, 64.394345152646551 ], [ -15.070609349498067, 64.394220374978062 ], [ -15.070897578131449, 64.394110266914211 ], [ -15.071185804444543, 64.394000158282282 ], [ -15.071502301281306, 64.393903907023926 ], [ -15.071794274596991, 64.393767704860394 ], [ -15.072139039544028, 64.393685310103194 ], [ -15.072400858910187, 64.39354829508423 ], [ -15.072658924919917, 64.393437371958328 ], [ -15.073001807900036, 64.393368021346944 ], [ -15.073363587201785, 64.393377758459025 ], [ -15.073730991322984, 64.393348356092019 ], [ -15.074075745151655, 64.393265956765902 ], [ -15.074362075239573, 64.393168888070548 ], [ -15.074678551283231, 64.393072629934835 ], [ -15.074993150875869, 64.392989417324344 ], [ -15.075279474814135, 64.392892346832141 ], [ -15.075622344319486, 64.392822990071863 ], [ -15.075963338340353, 64.392766678729799 ], [ -15.076319490010327, 64.392815547189485 ], [ -15.07663800140832, 64.392915788998664 ], [ -15.076862324497261, 64.393039690613108 ], [ -15.076689103404664, 64.393192191990593 ], [ -15.076402781330028, 64.393289265246963 ], [ -15.076173006602053, 64.393414052022877 ], [ -15.076333287323328, 64.393562425272435 ], [ -15.076653680946942, 64.393649620822899 ], [ -15.077043740684591, 64.393673205760436 ], [ -15.077430054872691, 64.393722882140764 ], [ -15.077750453871444, 64.393810075286467 ], [ -15.078006811221089, 64.393921739382151 ], [ -15.078163359289483, 64.394096203126608 ], [ -15.078169162292694, 64.394266614797615 ], [ -15.078206987756293, 64.394424790609946 ], [ -15.078184514143212, 64.394581345638414 ], [ -15.078158294602824, 64.394763993168695 ], [ -15.078133947573239, 64.394933594443984 ], [ -15.078051172499874, 64.395088528634602 ], [ -15.077998546968383, 64.395244273214772 ], [ -15.077855468894032, 64.395397586419804 ], [ -15.077684111523599, 64.395537042744991 ], [ -15.07751275240593, 64.395676498870074 ], [ -15.077309367137113, 64.395828190465863 ], [ -15.07713613087823, 64.395980692392939 ], [ -15.076876185490816, 64.396104669676888 ], [ -15.076557808401937, 64.396213978819162 ], [ -15.076182873308014, 64.39629557320994 ], [ -15.075813558174058, 64.396338027970145 ], [ -15.075444241893694, 64.396380481796896 ], [ -15.075082422136763, 64.396370749836052 ], [ -15.074722477222204, 64.396347970770279 ], [ -15.074402058148758, 64.396260770973697 ], [ -15.074209745954439, 64.396124630578583 ], [ -15.074292545921336, 64.39596969855738 ], [ -15.074582652778066, 64.395846537011408 ], [ -15.074872757022359, 64.395723374890053 ], [ -15.075132707866407, 64.395599401172817 ], [ -15.075390782148704, 64.395488473210776 ], [ -15.075562150906547, 64.395349019575789 ], [ -15.0756750912221, 64.395194897708492 ], [ -15.075759754074896, 64.395026918642017 ], [ -15.075782241931297, 64.394870363983458 ], [ -15.075744429872378, 64.394712187540222 ], [ -15.075587893706279, 64.394537721198887 ], [ -15.075395587723733, 64.39440158237538 ], [ -15.075237181366671, 64.394240161877036 ], [ -15.075048627770679, 64.394077930170297 ], [ -15.07482430438278, 64.393954025764913 ], [ -15.074509536571762, 64.393827687587191 ], [ -15.07425506900603, 64.393702971153871 ], [ -15.07389328508607, 64.393693236249334 ], [ -15.073527751481244, 64.393709592832948 ], [ -15.073269686426432, 64.393820517495016 ], [ -15.073038017721707, 64.3939583455318 ], [ -15.072691376646764, 64.394053788593069 ], [ -15.072376757811844, 64.394136996250651 ], [ -15.072001838715082, 64.394218579903949 ], [ -15.071683464101216, 64.394327878414614 ], [ -15.071397112377314, 64.394424941864969 ], [ -15.071167305276099, 64.394549720773782 ], [ -15.070907346436202, 64.394673687429304 ], [ -15.070592715045064, 64.394756891247155 ], [ -15.070274328535726, 64.394866186689626 ], [ -15.069986089428712, 64.394976293527634 ], [ -15.069727998062406, 64.395087211939654 ], [ -15.06952645099296, 64.395225846551568 ], [ -15.069383325532371, 64.39537915145813 ], [ -15.069211925086334, 64.39551859784504 ], [ -15.069040522892744, 64.395658044031748 ], [ -15.068752270475224, 64.395768148439473 ], [ -15.06849416663446, 64.395879064675825 ], [ -15.068175758678519, 64.395988355550443 ], [ -15.067879987977683, 64.396150642737538 ], [ -15.067734970536673, 64.396316992156699 ], [ -15.067557921784882, 64.396495574966764 ], [ -15.067412900556462, 64.396661924068837 ], [ -15.067152904627337, 64.396785884055475 ], [ -15.066838237520129, 64.396869079795508 ], [ -15.066580115529405, 64.396979992655986 ], [ -15.066263565779355, 64.397076233263846 ], [ -15.065977166050878, 64.397173286102571 ], [ -15.065954620180547, 64.397329839266362 ], [ -15.065901921459146, 64.397485579502202 ], [ -15.065969833200771, 64.397644571428657 ], [ -15.066194146743216, 64.397768489449703 ], [ -15.066386430597246, 64.397904640404619 ], [ -15.066578716365584, 64.398040791107306 ], [ -15.066646633419932, 64.398199782723154 ], [ -15.066622211949991, 64.398369382103539 ], [ -15.066479053761228, 64.398522684186531 ], [ -15.066801352588147, 64.398596855258774 ], [ -15.067161320498801, 64.398619653841365 ], [ -15.067530679867977, 64.398577220947985 ], [ -15.067896282111269, 64.398560879366158 ], [ -15.068261883917673, 64.398544536869579 ], [ -15.068653883854253, 64.398555098085978 ], [ -15.069051516416517, 64.398526519838626 ], [ -15.069422748853613, 64.398471036025171 ], [ -15.069737426529088, 64.398387834712963 ], [ -15.070110532612237, 64.398319303006303 ], [ -15.070397054801266, 64.398431792534637 ], [ -15.070527179657077, 64.39857936018339 ], [ -15.070889027009498, 64.398589103425991 ], [ -15.071282904977835, 64.3985866114282 ], [ -15.07150323054406, 64.398317512685367 ] ] ] ] } },
{ "type": "Feature", "properties": { "fid": 61, "rock_type_unit": "Felsite intrusion", "name_unit": "Vondagil Felsite Sheet", "volcanic_system": null, "formation_geology_type": "Intrusion", "feature_type": "Sheet", "geological_age": null, "geological_group": "Hornafjörður Intrusive Suite", "geological_formation": "Hvammsheiði Intrusive Complex", "notes": null, "citation": "Askew et al. 2026", "date_reference": null, "date_input": "2026-07-22", "username": "Robert Alexander Askew - NATT", "unit_code": null, "scale_precision": "25", "rock_type": "Felsite" }, "geometry": { "type": "MultiPolygon", "coordinates": [ [ [ [ -14.973266029661762, 64.404524077578927 ], [ -14.973138988701514, 64.404577057455398 ], [ -14.972907406990931, 64.404722931662405 ], [ -14.972607840831133, 64.404790797640302 ], [ -14.972330530861903, 64.404861733100404 ], [ -14.972062724806797, 64.404945209719472 ], [ -14.971901390961031, 64.404999698101605 ], [ -14.971668947770915, 64.404958900539029 ], [ -14.971493051425991, 64.404919663388753 ], [ -14.971276851647724, 64.404884225260048 ], [ -14.97115497632065, 64.404863669938337 ], [ -14.971151606005533, 64.404809547679619 ], [ -14.971242559320194, 64.404770308491095 ], [ -14.971466454258801, 64.404715091796135 ], [ -14.971714409767493, 64.404650715378352 ], [ -14.971919049679627, 64.404533569796286 ], [ -14.972033458513858, 64.404450771834973 ], [ -14.972113939625586, 64.40436703746991 ], [ -14.972146415951373, 64.404262331282041 ], [ -14.972142439934323, 64.404173810185299 ], [ -14.972158195663784, 64.404105480615954 ], [ -14.972193322271975, 64.404059788482598 ], [ -14.97240145444918, 64.404072899929758 ], [ -14.972727121185731, 64.404020490024763 ], [ -14.972872333090896, 64.404036776297829 ], [ -14.97248374603681, 64.404092361945345 ], [ -14.972398451215797, 64.404131757947326 ], [ -14.972426488904462, 64.404211119539937 ], [ -14.972568581662092, 64.404325554826173 ], [ -14.972687813727182, 64.404402521076378 ], [ -14.97269539869874, 64.404466582995028 ], [ -14.972786836502715, 64.404501032399651 ], [ -14.972922778570206, 64.404426195598759 ], [ -14.973017218469712, 64.404401786830007 ], [ -14.973139093137995, 64.404422340598359 ], [ -14.97324292241095, 64.404449763991323 ], [ -14.973266029661762, 64.404524077578927 ] ] ] ] } },
{ "type": "Feature", "properties": { "fid": 62, "rock_type_unit": "Felsite sheet", "name_unit": "", "volcanic_system": "Slaufrudalur", "formation_geology_type": "Intrusion", "feature_type": "Sheet", "geological_age": null, "geological_group": "Hornafjörður Intrusive Suite", "geological_formation": "Skálatindur sheets", "notes": null, "citation": "Askew et al. 2026", "date_reference": null, "date_input": "2026-07-22", "username": "Robert Alexander Askew - NATT", "unit_code": null, "scale_precision": "10", "rock_type": "Felsite" }, "geometry": { "type": "MultiPolygon", "coordinates": [ [ [ [ -15.066397499632206, 64.302551874806184 ], [ -15.066111549661642, 64.302495026900871 ], [ -15.065676274103671, 64.302375203323308 ], [ -15.065284669799262, 64.302266382540722 ], [ -15.064722614345945, 64.302084190259933 ], [ -15.064203559413313, 64.30199647346457 ], [ -15.063747899707295, 64.301939938401446 ], [ -15.063540106612077, 64.301811531785603 ], [ -15.06336682121275, 64.301679147760453 ], [ -15.063268169335279, 64.301499671394893 ], [ -15.063252580964473, 64.301214395896736 ], [ -15.06328138640767, 64.301013813830409 ], [ -15.06334683031322, 64.300873158892642 ], [ -15.063551723849336, 64.300785391830459 ], [ -15.06392632845947, 64.300697307321926 ], [ -15.064217845254689, 64.300636440535541 ], [ -15.064575559826467, 64.300587187379023 ], [ -15.065174801465215, 64.300510090720977 ], [ -15.065777550272163, 64.300408530310122 ], [ -15.06606274141045, 64.300391690147251 ], [ -15.066247264092148, 64.300445794796957 ], [ -15.066457902948359, 64.300633209468614 ], [ -15.066538987334445, 64.30085640921601 ], [ -15.066624320830302, 64.301128836329696 ], [ -15.066797025872022, 64.301501851673706 ], [ -15.066909849894698, 64.301819223327229 ], [ -15.066860640176458, 64.302004519790145 ], [ -15.066808621921583, 64.302209385290894 ], [ -15.066774927142834, 64.30244421391275 ], [ -15.066725679144904, 64.302550929351995 ], [ -15.066662318508355, 64.302598328051417 ], [ -15.066397499632206, 64.302551874806184 ] ], [ [ -15.065211124719191, 64.301517881372234 ], [ -15.065133592083923, 64.301348800581209 ], [ -15.064969462661539, 64.301231400137354 ], [ -15.06462719174038, 64.301173024718082 ], [ -15.064375794212557, 64.301190776967729 ], [ -15.064216702039921, 64.30135345383674 ], [ -15.064216760167508, 64.301510615797568 ], [ -15.064276668983331, 64.301644841381133 ], [ -15.064301340937366, 64.301709355553683 ], [ -15.06442955981618, 64.301840518631934 ], [ -15.064604225897138, 64.301884535906098 ], [ -15.064817612285802, 64.301895221994371 ], [ -15.065063366322777, 64.301838026033977 ], [ -15.065247832725278, 64.301734969991216 ], [ -15.065211124719191, 64.301517881372234 ] ] ] ] } },
{ "type": "Feature", "properties": { "fid": 63, "rock_type_unit": "Basaltic lava and interbeds", "name_unit": "Hornafjörður Plateau Basalt Lavas", "volcanic_system": null, "formation_geology_type": "Lava", "feature_type": "Lava", "geological_age": null, "geological_group": "Hornafjörður Group", "geological_formation": "Hornafjörður Plateau Basalt Formation", "notes": null, "citation": "Askew et al. 2026", "date_reference": null, "date_input": "2026-07-22", "username": "Robert Alexander Askew - NATT", "unit_code": null, "scale_precision": "25", "rock_type": "Basalt" }, "geometry": { "type": "MultiPolygon", "coordinates": [ [ [ [ -15.065063366322777, 64.301838026033977 ], [ -15.064817612285802, 64.301895221994371 ], [ -15.064604225897138, 64.301884535906098 ], [ -15.06442955981618, 64.301840518631934 ], [ -15.064301340937366, 64.301709355553683 ], [ -15.064276668983331, 64.301644841381133 ], [ -15.064216760167508, 64.301510615797568 ], [ -15.064216702039921, 64.30135345383674 ], [ -15.064375794212557, 64.301190776967729 ], [ -15.06462719174038, 64.301173024718082 ], [ -15.064969462661539, 64.301231400137354 ], [ -15.065133592083923, 64.301348800581209 ], [ -15.065211124719191, 64.301517881372234 ], [ -15.065247832725278, 64.301734969991216 ], [ -15.065063366322777, 64.301838026033977 ] ] ] ] } },
{ "type": "Feature", "properties": { "fid": 64, "rock_type_unit": "Felsite sheet", "name_unit": "", "volcanic_system": "Slaufrudalur", "formation_geology_type": "Intrusion", "feature_type": "Sheet", "geological_age": null, "geological_group": "Hornafjörður Intrusive Suite", "geological_formation": "Skálatindur sheets", "notes": null, "citation": "Askew et al. 2026", "date_reference": null, "date_input": "2026-07-22", "username": "Robert Alexander Askew - NATT", "unit_code": null, "scale_precision": "10", "rock_type": "Felsite" }, "geometry": { "type": "MultiPolygon", "coordinates": [ [ [ [ -15.124599313889949, 64.313033680832064 ], [ -15.12450252095171, 64.312701179317642 ], [ -15.12467218099861, 64.312518445410745 ], [ -15.124810952932219, 64.312263553885131 ], [ -15.124399607538809, 64.311976173735346 ], [ -15.124017897322025, 64.311769833388013 ], [ -15.123910170560046, 64.311659960932573 ], [ -15.123912320371375, 64.311499515052887 ], [ -15.123992569450845, 64.31136790066914 ], [ -15.124366895348636, 64.311190620452322 ], [ -15.124517179069215, 64.311435378901308 ], [ -15.124847535799466, 64.31156901530295 ], [ -15.125271070314726, 64.311624881285198 ], [ -15.126120281425276, 64.311576163642613 ], [ -15.126809517235705, 64.311496431372632 ], [ -15.128070578737658, 64.311440834008479 ], [ -15.12871761596266, 64.311368886555854 ], [ -15.129027135141477, 64.311359289652017 ], [ -15.129417268559337, 64.31136075385777 ], [ -15.129903465782142, 64.311409356697183 ], [ -15.130037955605339, 64.311475352141059 ], [ -15.129851633981733, 64.311630897521326 ], [ -15.129172832697845, 64.31178225606844 ], [ -15.128380389678895, 64.312010838460182 ], [ -15.128275926539921, 64.312168560725837 ], [ -15.128333951087766, 64.31233952429875 ], [ -15.128292145943123, 64.312489997373476 ], [ -15.127783337114879, 64.312601290287049 ], [ -15.127229821166559, 64.312738141823417 ], [ -15.126323314267557, 64.312901259903882 ], [ -15.125621481556472, 64.313069823661309 ], [ -15.125223787125028, 64.313121649535987 ], [ -15.124599313889949, 64.313033680832064 ] ] ] ] } },
{ "type": "Feature", "properties": { "fid": 65, "rock_type_unit": "Felsite sheet", "name_unit": "", "volcanic_system": "Slaufrudalur", "formation_geology_type": "Intrusion", "feature_type": "Sheet", "geological_age": null, "geological_group": "Hornafjörður Intrusive Suite", "geological_formation": "Skálatindur sheets", "notes": null, "citation": "Askew et al. 2026", "date_reference": null, "date_input": "2026-07-22", "username": "Robert Alexander Askew - NATT", "unit_code": null, "scale_precision": "10", "rock_type": "Felsite" }, "geometry": { "type": "MultiPolygon", "coordinates": [ [ [ [ -15.114097866632415, 64.31160326676202 ], [ -15.113605085148748, 64.311456348351598 ], [ -15.113195436669494, 64.311302732483 ], [ -15.113013447799995, 64.311137364884061 ], [ -15.113101001008342, 64.310809777726348 ], [ -15.113125893209991, 64.310489433186291 ], [ -15.112849445030692, 64.310410710553015 ], [ -15.112507819413501, 64.310356996319399 ], [ -15.112162112273619, 64.310187251896295 ], [ -15.112356388542416, 64.310121108763767 ], [ -15.112807901594749, 64.310124258388811 ], [ -15.113266022030883, 64.310225669432185 ], [ -15.11353869011427, 64.310331041089626 ], [ -15.113724456074118, 64.310469758201961 ], [ -15.114249649170933, 64.310822631749573 ], [ -15.114691413561426, 64.311039520934202 ], [ -15.115328720882554, 64.311181378393712 ], [ -15.115660288967632, 64.311306152341203 ], [ -15.115750353288965, 64.311540396980973 ], [ -15.115462873112861, 64.311684308102855 ], [ -15.115172553453162, 64.311703306055463 ], [ -15.114637885586042, 64.311706860424053 ], [ -15.114097866632415, 64.31160326676202 ] ] ] ] } },
{ "type": "Feature", "properties": { "fid": 70, "rock_type_unit": "Basaltic lava and interbeds", "name_unit": "Endilausidalur Porphyrytic Basalt Lava", "volcanic_system": null, "formation_geology_type": "Lava", "feature_type": "Lava", "geological_age": null, "geological_group": "Hornafjörður Group", "geological_formation": "Hornafjörður Plateau Basalt Formation", "notes": null, "citation": "Askew et al. 2026", "date_reference": null, "date_input": "2026-07-22", "username": "Robert Alexander Askew - NATT", "unit_code": null, "scale_precision": "10", "rock_type": "Porphyrytic Basalt" }, "geometry": { "type": "MultiPolygon", "coordinates": [ [ [ [ -15.0577607850701, 64.326648788083631 ], [ -15.058310491357107, 64.326805416531002 ], [ -15.058772972778753, 64.327012652268749 ], [ -15.059315700633627, 64.327266026114302 ], [ -15.059793542278477, 64.32756788917672 ], [ -15.060325512790921, 64.327996835602747 ], [ -15.06101074130334, 64.328367117225582 ], [ -15.062207199422652, 64.328908251439614 ], [ -15.063204422672104, 64.329324647457355 ], [ -15.06393659519669, 64.329671059108691 ], [ -15.064712960661273, 64.330012380378761 ], [ -15.06546917, 64.33029519 ], [ -15.065747245772542, 64.330473725659886 ], [ -15.065941198103081, 64.330736487341042 ], [ -15.066145041338078, 64.330930425306988 ], [ -15.066654523605543, 64.331113778892401 ], [ -15.06687280050402, 64.331308105636282 ], [ -15.067272327308805, 64.331551295464905 ], [ -15.067365270522499, 64.331710830419397 ], [ -15.067530394765818, 64.331972810561027 ], [ -15.06746559979339, 64.332222298630569 ], [ -15.067276357513368, 64.332430739040859 ], [ -15.066822941455074, 64.332663446911866 ], [ -15.066346911356108, 64.332751080263051 ], [ -15.065782520639885, 64.332848886172187 ], [ -15.065033276916603, 64.332922850617948 ], [ -15.064134329456401, 64.332929954168961 ], [ -15.062936920786086, 64.332897575830984 ], [ -15.061913533548511, 64.332863614239685 ], [ -15.060889248751989, 64.332835902110176 ], [ -15.060356367570792, 64.332815201081786 ], [ -15.059476351019905, 64.332791383103711 ], [ -15.058625188925477, 64.332768340988594 ], [ -15.057642388655054, 64.332754291062543 ], [ -15.05661631013025, 64.332739062160755 ], [ -15.055729089126967, 64.33276527452152 ], [ -15.055119574166433, 64.332773883037191 ], [ -15.054600223420907, 64.332759808509735 ], [ -15.053836526383767, 64.332732827707176 ], [ -15.053186437982189, 64.332721485143537 ], [ -15.052780696129245, 64.332723046284784 ], [ -15.052179292982169, 64.332775829845957 ], [ -15.051858296105776, 64.332892745636769 ], [ -15.051769030981392, 64.33290916784506 ], [ -15.051843149129414, 64.332762020576368 ], [ -15.052200040724429, 64.332631928210603 ], [ -15.052433567641543, 64.332619417802334 ], [ -15.05294931110399, 64.332558029731189 ], [ -15.053697674373968, 64.332590880710583 ], [ -15.054354973579761, 64.332652664853001 ], [ -15.054712927770547, 64.332681209458826 ], [ -15.05695171127965, 64.332622526646389 ], [ -15.058065244686254, 64.332633840435335 ], [ -15.060301339345372, 64.332694372772195 ], [ -15.062611375842577, 64.332744308470325 ], [ -15.064055827452949, 64.332770807191679 ], [ -15.065175663609395, 64.332738269998828 ], [ -15.065794164332372, 64.3326670526653 ], [ -15.066377471901601, 64.332538353130516 ], [ -15.066843518572451, 64.332318549787061 ], [ -15.067094062941779, 64.332086642207486 ], [ -15.067106548454742, 64.331798055218854 ], [ -15.066953159242839, 64.331555234413401 ], [ -15.066516649105735, 64.331267077532999 ], [ -15.065949418623624, 64.330981667332892 ], [ -15.065832578988257, 64.330786940018939 ], [ -15.065685991246729, 64.33059768951702 ], [ -15.065571894133337, 64.33048468866555 ], [ -15.065403713476915, 64.330395349725521 ], [ -15.065249530167829, 64.330359777205658 ], [ -15.064982662353072, 64.330352563242172 ], [ -15.064815852800681, 64.330304086964105 ], [ -15.064455183456072, 64.330193840484156 ], [ -15.063199992372304, 64.329556924128653 ], [ -15.062548982507058, 64.329250389923047 ], [ -15.062018810606189, 64.329009931641039 ], [ -15.061500372939236, 64.328788631682883 ], [ -15.060734906388999, 64.328472710281844 ], [ -15.060177717444766, 64.32821895126952 ], [ -15.059766578728885, 64.327956581662463 ], [ -15.05962499917556, 64.327732913593223 ], [ -15.059336484034944, 64.327524110209453 ], [ -15.058571978151377, 64.327201920839713 ], [ -15.057916573038217, 64.326926649139963 ], [ -15.057360713160458, 64.326815890620878 ], [ -15.0577607850701, 64.326648788083631 ] ] ] ] } },
{ "type": "Feature", "properties": { "fid": 74, "rock_type_unit": "Basaltic lava and interbeds", "name_unit": "Hornafjörður Plateau Basalt Lavas", "volcanic_system": null, "formation_geology_type": "Lava", "feature_type": "Lava", "geological_age": null, "geological_group": "Hornafjörður Group", "geological_formation": "Hornafjörður Plateau Basalt Formation", "notes": "Plateau basalts, interbeds, including some thin fluvial units. Mostly altered to chlorite-epitode facies.", "citation": "Askew et al. 2026", "date_reference": null, "date_input": "2026-07-22", "username": "Robert Alexander Askew - NATT", "unit_code": "H-PB", "scale_precision": "25", "rock_type": "Basalt" }, "geometry": { "type": "MultiPolygon", "coordinates": [ [ [ [ -15.201917841749253, 64.330910382141738 ], [ -15.19691306489211, 64.333395159337499 ], [ -15.195376159944797, 64.336564857909806 ], [ -15.194484088401493, 64.339038101298001 ], [ -15.195264073931609, 64.341317269083135 ], [ -15.194760346866184, 64.342968477503746 ], [ -15.19221889604119, 64.343496476876936 ], [ -15.189754622878013, 64.343508286383781 ], [ -15.188377136977149, 64.343514869543284 ], [ -15.186066578720951, 64.342384420739151 ], [ -15.185201117466237, 64.342233475655846 ], [ -15.184478061637707, 64.341359919725321 ], [ -15.184286506612901, 64.340713939878938 ], [ -15.183812089996117, 64.339572195894434 ], [ -15.183161585026612, 64.339188883635714 ], [ -15.181507982463511, 64.338931878064557 ], [ -15.180398526624806, 64.338811215227949 ], [ -15.179036229962607, 64.338989130561288 ], [ -15.177670895017663, 64.339667717013683 ], [ -15.175975909682652, 64.340740129741519 ], [ -15.175754910817068, 64.341314248364739 ], [ -15.175905863043836, 64.341745523050847 ], [ -15.176498411216178, 64.341906525717818 ], [ -15.176651956624402, 64.341948245203099 ], [ -15.177976202132452, 64.342044048526446 ], [ -15.179815580205545, 64.341982817071624 ], [ -15.180002651136304, 64.342155573290214 ], [ -15.181273111844606, 64.343328778937746 ], [ -15.18049525591878, 64.344972776225632 ], [ -15.179728512585845, 64.345630587751899 ], [ -15.179199230598647, 64.345891403766387 ], [ -15.17884219205558, 64.346431435932189 ], [ -15.178695610396492, 64.346976988865023 ], [ -15.178330000944406, 64.34721909234483 ], [ -15.177143663299846, 64.346997311298921 ], [ -15.176437845814529, 64.347009307916366 ], [ -15.175000708475588, 64.347215754714526 ], [ -15.17292717263029, 64.348102926365215 ], [ -15.170831945151816, 64.349355614654186 ], [ -15.169870351721528, 64.350163706916931 ], [ -15.170376322586467, 64.350651388562937 ], [ -15.172019934470566, 64.35040334084934 ], [ -15.173036272278118, 64.350185864711634 ], [ -15.175657089515875, 64.349456581802841 ], [ -15.177746893508465, 64.348942787579659 ], [ -15.17926215542129, 64.347912568815673 ], [ -15.179007620798842, 64.347723215703709 ], [ -15.181017509359526, 64.347126402522349 ], [ -15.184362785185773, 64.346738530578747 ], [ -15.186565330503504, 64.34688799685668 ], [ -15.184588338439703, 64.348674679639515 ], [ -15.174112760113625, 64.354938645223882 ], [ -15.169059314172031, 64.359680206801087 ], [ -15.167368340905385, 64.363915662786212 ], [ -15.168958529926789, 64.368237381720732 ], [ -15.169861724818045, 64.369265437726455 ], [ -15.166694708733697, 64.369100921167075 ], [ -15.164573299988131, 64.368569574092291 ], [ -15.162584939718034, 64.367090595378087 ], [ -15.161334008110771, 64.366225447332084 ], [ -15.16051365267691, 64.366203841043841 ], [ -15.160073892912363, 64.367381133252735 ], [ -15.162285753363054, 64.369222694259392 ], [ -15.164307482096856, 64.370464777142786 ], [ -15.165218748479827, 64.371796506743678 ], [ -15.164315145658959, 64.3723671714082 ], [ -15.163397591305644, 64.372450027944723 ], [ -15.161256598964771, 64.372643337156816 ], [ -15.152777638714513, 64.372419844393406 ], [ -15.146660239589453, 64.372971626027137 ], [ -15.142697340505396, 64.373817954870006 ], [ -15.141743051793043, 64.374743823623348 ], [ -15.142463382011213, 64.375476223338424 ], [ -15.145215498571927, 64.375430115934705 ], [ -15.149211912693126, 64.374346824133497 ], [ -15.153228855533621, 64.3737788399837 ], [ -15.158171941717296, 64.375058736968299 ], [ -15.16253198006755, 64.375292436547014 ], [ -15.167322953740928, 64.376369543159711 ], [ -15.170779657201718, 64.377173676701659 ], [ -15.17215750732278, 64.377209851719869 ], [ -15.172394840640868, 64.376547948247875 ], [ -15.17196708485992, 64.37607888382783 ], [ -15.170668949129423, 64.37528173858486 ], [ -15.170043339157932, 64.374715903694948 ], [ -15.169390134320393, 64.373844116005586 ], [ -15.169443461313691, 64.372960366066266 ], [ -15.169818070362117, 64.372298714005424 ], [ -15.171458779564054, 64.371151434320836 ], [ -15.17227209652215, 64.370436335337189 ], [ -15.17332276402119, 64.37092567060111 ], [ -15.175195563031044, 64.37428304308412 ], [ -15.177968042543547, 64.376439203243493 ], [ -15.179626851653779, 64.380287002721545 ], [ -15.179312292403489, 64.382537584487778 ], [ -15.176103626775527, 64.383880124936695 ], [ -15.171352335327661, 64.384468803026479 ], [ -15.160556704559465, 64.383115044048267 ], [ -15.149164871629647, 64.382101384762606 ], [ -15.145466271693071, 64.382811442879458 ], [ -15.140663131728468, 64.390907391312794 ], [ -15.141797381033275, 64.393438972949667 ], [ -15.142379968620567, 64.399042192344766 ], [ -15.140751344191491, 64.402698303353318 ], [ -15.142069846328912, 64.405536716366257 ], [ -15.144542622382732, 64.408634460411719 ], [ -15.152962353552253, 64.413662623871062 ], [ -15.160530819660096, 64.41723748338535 ], [ -15.165416527943396, 64.419196706988672 ], [ -15.169272025967144, 64.420957090832303 ], [ -15.172280828332548, 64.423095671170458 ], [ -15.173779450067642, 64.426567759035223 ], [ -15.173955360769135, 64.429089770427694 ], [ -15.171493009935611, 64.43154267604659 ], [ -15.165564370688148, 64.43321806458485 ], [ -15.158483251239293, 64.435549514778998 ], [ -15.152337307582801, 64.4368754094195 ], [ -15.149777386936583, 64.438123934216051 ], [ -15.150400110467187, 64.439341854588818 ], [ -15.152865539434549, 64.441580938958268 ], [ -15.155427802538894, 64.443135940816774 ], [ -15.159805919434271, 64.444967462105197 ], [ -15.164888360774526, 64.447446672337875 ], [ -15.16573161410799, 64.449929002035361 ], [ -15.165227094653611, 64.451632198048088 ], [ -15.16449425722258, 64.454015977129771 ], [ -15.163309723974185, 64.454900333136635 ], [ -15.161157173314034, 64.455129914955563 ], [ -15.159200865038605, 64.45490690357083 ], [ -15.154608775737982, 64.453641926085709 ], [ -15.150141075024953, 64.452437283572536 ], [ -15.141737796429032, 64.450957050263156 ], [ -15.124603988580994, 64.449556159529962 ], [ -15.117931137387451, 64.447773655753053 ], [ -15.107336261245097, 64.445238609374925 ], [ -15.098761640844547, 64.44354534879912 ], [ -15.090194997080363, 64.442167241247546 ], [ -15.081093459279277, 64.440886936655289 ], [ -15.07608504173194, 64.440166675337849 ], [ -15.066961664188069, 64.437960971536882 ], [ -15.064704423606457, 64.43697630370103 ], [ -15.060664822411923, 64.436416776878616 ], [ -15.056083117316, 64.435639694547589 ], [ -15.053725803216492, 64.434990156478534 ], [ -15.053082921185679, 64.434747448555925 ], [ -15.050978960557986, 64.434510325965448 ], [ -15.048680245000744, 64.434177767578817 ], [ -15.044897991196144, 64.433286725825866 ], [ -15.042570450943773, 64.432434989567412 ], [ -15.038235823257311, 64.43189163876427 ], [ -15.035873051163447, 64.431870336567329 ], [ -15.033535310191558, 64.432167446041873 ], [ -15.031567662232698, 64.432429502571665 ], [ -15.027113153740485, 64.432578862102218 ], [ -15.023337151927784, 64.432724021335986 ], [ -15.020783324481377, 64.432813921351169 ], [ -15.018181057626739, 64.433034295602454 ], [ -15.017190336158952, 64.433390390762426 ], [ -15.016451772871093, 64.43451955286136 ], [ -15.015561593564744, 64.434900915392546 ], [ -15.015197440373747, 64.435251548974406 ], [ -15.014762928309368, 64.435782769509416 ], [ -15.014409783732118, 64.436245224639492 ], [ -15.01435566248974, 64.436785575727157 ], [ -15.014907021591878, 64.437176136919902 ], [ -15.015490579888931, 64.437631829663545 ], [ -15.014497887190606, 64.437433093854096 ], [ -15.01366767946095, 64.437287830688774 ], [ -15.012936271704069, 64.437243352687204 ], [ -15.012035256672972, 64.437194242314916 ], [ -15.01132171359469, 64.437027625525928 ], [ -15.010943821766054, 64.436894691915953 ], [ -15.010325500441258, 64.436853287539833 ], [ -15.009537574161278, 64.436807248940951 ], [ -15.008866295519756, 64.436739868404374 ], [ -15.008368200437978, 64.436652691901159 ], [ -15.007923068678826, 64.436591484281095 ], [ -15.007311909618739, 64.436501215085755 ], [ -15.006531150768243, 64.436406308243178 ], [ -15.005701016625961, 64.436260999882379 ], [ -15.005044070442356, 64.436095897860199 ], [ -15.004507354878825, 64.435885032714651 ], [ -15.004041493427456, 64.435578007858567 ], [ -15.003685128142074, 64.435298499828903 ], [ -15.003290132635943, 64.43489531498372 ], [ -15.003338029184933, 64.43478143192695 ], [ -15.003143045887914, 64.434609629784902 ], [ -15.002903302263043, 64.434555509026609 ], [ -15.002637885721214, 64.434488794866567 ], [ -15.002208015007001, 64.434417580621016 ], [ -15.001970010670391, 64.434351615196547 ], [ -15.001708070106416, 64.434261213081513 ], [ -15.001500949222796, 64.434172310671812 ], [ -15.00131603052059, 64.434119687466904 ], [ -15.001129376435218, 64.434078907152625 ], [ -15.000997540559791, 64.434039626962942 ], [ -15.000763014936712, 64.433949973330485 ], [ -15.000470200849691, 64.433882505016754 ], [ -15.000254404578309, 64.433852816425016 ], [ -14.999553938315429, 64.433750404751152 ], [ -14.999129298076346, 64.433643652145449 ], [ -14.998535000061647, 64.433567923860707 ], [ -14.998019455117353, 64.433518131559822 ], [ -14.997423425247772, 64.433454241847159 ], [ -14.996837825645954, 64.433319291268646 ], [ -14.996276163382779, 64.433208775541999 ], [ -14.995498720757681, 64.433068562054089 ], [ -14.994966215341638, 64.432946949445864 ], [ -14.994433714666998, 64.432825334899917 ], [ -14.993206447898807, 64.432375507133116 ], [ -14.992836667492863, 64.432270239529942 ], [ -14.991975309301072, 64.43213959520908 ], [ -14.991144846454585, 64.431986011832919 ], [ -14.990464906271951, 64.431931680689999 ], [ -14.988891007630317, 64.431781460593399 ], [ -14.988181929306927, 64.431738209370906 ], [ -14.987012175883759, 64.431646629036138 ], [ -14.98624654968879, 64.431613705785338 ], [ -14.985893757060701, 64.431580231252909 ], [ -14.985164254250163, 64.431488840628688 ], [ -14.984816693565641, 64.431419834698772 ], [ -14.98447262092516, 64.431327142093181 ], [ -14.983534346616137, 64.431158659467769 ], [ -14.982750052270058, 64.431065749900569 ], [ -14.982215898560781, 64.430955933798458 ], [ -14.980753466334546, 64.430796797997957 ], [ -14.979678209087863, 64.430624520736174 ], [ -14.979005307464966, 64.430522764864421 ], [ -14.978209354405017, 64.430322490923572 ], [ -14.977700891821673, 64.430225255631484 ], [ -14.977137624365239, 64.430126509290716 ], [ -14.976382532106751, 64.430022477395298 ], [ -14.975879321944113, 64.429889707288709 ], [ -14.975293905203227, 64.429754670500742 ], [ -14.974698563286138, 64.429500448190723 ], [ -14.974171462486888, 64.429343231491472 ], [ -14.97369742648997, 64.429199366279846 ], [ -14.972561045479194, 64.428882657284746 ], [ -14.971812998897487, 64.428731230679261 ], [ -14.971352399239702, 64.428682855697261 ], [ -14.970782190923028, 64.428631455959945 ], [ -14.970325092972613, 64.428559392222226 ], [ -14.969518764137785, 64.428430127540111 ], [ -14.968871606907197, 64.428340923879702 ], [ -14.968255355973172, 64.428228788209239 ], [ -14.968012836516472, 64.428008055767563 ], [ -14.967821623991783, 64.427812521166359 ], [ -14.967330748518723, 64.427596822590957 ], [ -14.966899327816757, 64.427537347350381 ], [ -14.966132090200915, 64.427516161549306 ], [ -14.965508864665127, 64.427451385128705 ], [ -14.964998749392144, 64.427365948394652 ], [ -14.964327734326616, 64.427252282331111 ], [ -14.963759320941719, 64.427189012537681 ], [ -14.963365827452284, 64.427059227968186 ], [ -14.96319329500524, 64.426923657903743 ], [ -14.962842978589233, 64.426688045160432 ], [ -14.962211656826236, 64.426492228058066 ], [ -14.962084059027413, 64.426238987553489 ], [ -14.961838917734157, 64.425292813064331 ], [ -14.961815198149479, 64.42470949307048 ], [ -14.961952361532461, 64.424154403422861 ], [ -14.962245946295951, 64.422913954562233 ], [ -14.962831940562049, 64.422299926471993 ], [ -14.963617804530308, 64.421822223002209 ], [ -14.963790440691461, 64.421398915431425 ], [ -14.964142575422374, 64.421063806079147 ], [ -14.965028584100432, 64.420838576646929 ], [ -14.966057939299764, 64.420759994653253 ], [ -14.966879169450326, 64.420972933918279 ], [ -14.967234092853646, 64.421363248738757 ], [ -14.967214779226561, 64.422052395715156 ], [ -14.968349064683967, 64.422380988892954 ], [ -14.969247893732014, 64.422441471958265 ], [ -14.970301196018728, 64.422387301692268 ], [ -14.971331766700848, 64.422487079779074 ], [ -14.972601355897973, 64.42283126134906 ], [ -14.973237909969894, 64.422991505215109 ], [ -14.974617136069927, 64.423338690756339 ], [ -14.977433981148884, 64.424010846345467 ], [ -14.979802114602201, 64.424741939236995 ], [ -14.981294597926157, 64.425068392635254 ], [ -14.982475757449212, 64.425267358401356 ], [ -14.983525434793979, 64.42598589589295 ], [ -14.985095306744572, 64.426908976786279 ], [ -14.986553132086081, 64.427472235161432 ], [ -14.988596460281519, 64.428170464901143 ], [ -14.990047462871232, 64.428781060366802 ], [ -14.992166662549579, 64.429338628813213 ], [ -14.994358145363147, 64.429779239004475 ], [ -14.997738141512354, 64.430371286638021 ], [ -14.999707079570049, 64.430829496412926 ], [ -15.001080093919036, 64.431223804883189 ], [ -15.005378369940084, 64.431935923578592 ], [ -15.00811212943804, 64.432058206274533 ], [ -15.012778845826508, 64.431757582089858 ], [ -15.015454884731209, 64.431521437844196 ], [ -15.017795084296228, 64.431323653966317 ], [ -15.019532308904447, 64.431109406413853 ], [ -15.02076928488208, 64.430929076013868 ], [ -15.022554366857573, 64.430763658934424 ], [ -15.024267356744829, 64.430715162424377 ], [ -15.025206067799942, 64.430693143592933 ], [ -15.026871135170751, 64.430595751673081 ], [ -15.028436910748963, 64.430424300018785 ], [ -15.030307411780294, 64.430427576692779 ], [ -15.030681788435666, 64.429828701719131 ], [ -15.030117436689279, 64.429399529036132 ], [ -15.031454512804446, 64.43006041726052 ], [ -15.032570808603451, 64.43070903071397 ], [ -15.035009581565312, 64.431345970147476 ], [ -15.037921392870617, 64.431757890681283 ], [ -15.040504773342754, 64.431399879586593 ], [ -15.044266791875247, 64.430503016081772 ], [ -15.049412632294558, 64.429167887814899 ], [ -15.052584881160181, 64.427779275095574 ], [ -15.054544229343904, 64.425644446727162 ], [ -15.055825136493038, 64.423633961326573 ], [ -15.056585347894988, 64.422180130682165 ], [ -15.056961960733723, 64.421096421224604 ], [ -15.057153677868973, 64.420530878591677 ], [ -15.057256332608047, 64.419820251848591 ], [ -15.056619289207619, 64.418899413429045 ], [ -15.055359095380032, 64.41848489905648 ], [ -15.054523552600966, 64.418176966786859 ], [ -15.0539482733924, 64.417590702268029 ], [ -15.053345620683885, 64.417193935221263 ], [ -15.052263590295953, 64.417069566615382 ], [ -15.050839145464636, 64.417031049970433 ], [ -15.048928415610398, 64.417312284179346 ], [ -15.046675200944337, 64.417679343639492 ], [ -15.044182176947084, 64.418182555401444 ], [ -15.041784899317197, 64.418783443616491 ], [ -15.038579197454627, 64.41964773244014 ], [ -15.035174734269541, 64.420636146045936 ], [ -15.034913946330922, 64.419934694168973 ], [ -15.03491792056551, 64.41915004674533 ], [ -15.03518895364984, 64.418420211371185 ], [ -15.035288731026656, 64.417733287189748 ], [ -15.035326837151175, 64.417092249566707 ], [ -15.035179946065464, 64.416588871663222 ], [ -15.034912904898796, 64.416534059624908 ], [ -15.034121834273392, 64.41667903969406 ], [ -15.033457248125343, 64.417089037081766 ], [ -15.032357795491951, 64.417463436319849 ], [ -15.030977811603268, 64.417497275694743 ], [ -15.029070986669453, 64.416993603150217 ], [ -15.028554508324589, 64.416385041723117 ], [ -15.028157957344755, 64.415708398269558 ], [ -15.027597451432435, 64.414646802587924 ], [ -15.027282931242961, 64.414162632410282 ], [ -15.026721729860368, 64.413861993611079 ], [ -15.026252857678861, 64.413682768591727 ], [ -15.025479066252165, 64.413709267755578 ], [ -15.023691665588364, 64.413898407188881 ], [ -15.021729998510663, 64.413773627202133 ], [ -15.020210496154153, 64.413256600034444 ], [ -15.01895802284114, 64.412794398740715 ], [ -15.017643906598636, 64.412378065865411 ], [ -15.016870661435705, 64.412024039426171 ], [ -15.015912907207827, 64.411427164181134 ], [ -15.015331684252887, 64.410888121151629 ], [ -15.014284654910917, 64.410526605897687 ], [ -15.012744144341534, 64.410532100426039 ], [ -15.012198727298788, 64.411254413406795 ], [ -15.011845284269585, 64.411791721497451 ], [ -15.011371302089968, 64.412777575303181 ], [ -15.01010270610888, 64.413931964162245 ], [ -15.008250928745211, 64.415688710952907 ], [ -15.005838545628766, 64.416764235358286 ], [ -15.002855265313691, 64.417229568374097 ], [ -15.000639615103585, 64.417335369294818 ], [ -14.997386521888707, 64.417388921791868 ], [ -14.99495865190633, 64.417441257365155 ], [ -14.992196835539234, 64.41677094316718 ], [ -14.986351368119932, 64.418697218271021 ], [ -14.986872044798316, 64.42001951690051 ], [ -14.987569444762974, 64.420514312210102 ], [ -14.987188467883483, 64.420860568137215 ], [ -14.985489011763208, 64.421194366988175 ], [ -14.983122544318631, 64.421200640454359 ], [ -14.980564819679296, 64.421011357735637 ], [ -14.977874176839661, 64.420604332144919 ], [ -14.974775642140642, 64.420352485653964 ], [ -14.972239027499567, 64.420020943664326 ], [ -14.969891317943258, 64.419528095376009 ], [ -14.968703501258894, 64.419376398954213 ], [ -14.968378281286757, 64.419343638421267 ], [ -14.96736183821225, 64.419149097810717 ], [ -14.965585415506473, 64.418885990660897 ], [ -14.963397510950978, 64.41880174412168 ], [ -14.962109424610823, 64.418956389030171 ], [ -14.960069239597148, 64.419732338215354 ], [ -14.959395137546281, 64.420569849054417 ], [ -14.958255946495505, 64.42120422854228 ], [ -14.956944507889718, 64.421144144667949 ], [ -14.95454921122286, 64.420602162822703 ], [ -14.952924539200623, 64.420057715784921 ], [ -14.951241632561903, 64.419535416771083 ], [ -14.950096093773121, 64.419099348666265 ], [ -14.948885261072242, 64.418732806694763 ], [ -14.947626710703997, 64.418317364448555 ], [ -14.945707293633403, 64.417907344975106 ], [ -14.944233223655862, 64.417462104197213 ], [ -14.942612464514207, 64.416893857787016 ], [ -14.941347050646543, 64.416525731190589 ], [ -14.939415355958783, 64.41582988881116 ], [ -14.937483759621596, 64.415134020930623 ], [ -14.935746676119484, 64.41461001954427 ], [ -14.931686154051356, 64.4138072231178 ], [ -14.92184497559407, 64.411833632184965 ], [ -14.919084689431592, 64.410983540099394 ], [ -14.917583351083829, 64.409990230744668 ], [ -14.917159669000087, 64.40914596628707 ], [ -14.9174470914185, 64.408143216401143 ], [ -14.918971273985139, 64.406223722733017 ], [ -14.91993419447709, 64.405299315689177 ], [ -14.922235113591492, 64.403698800411462 ], [ -14.923242030809984, 64.402478317558433 ], [ -14.922880167665754, 64.401219593783296 ], [ -14.922416835614911, 64.399720201434349 ], [ -14.921763655140399, 64.398572247442758 ], [ -14.92081914492034, 64.397535060375148 ], [ -14.918546943447403, 64.396213380695343 ], [ -14.917320350373538, 64.396310180755179 ], [ -14.91611977774355, 64.396232874306136 ], [ -14.915052345811853, 64.395940754371352 ], [ -14.91419913171333, 64.395567212731791 ], [ -14.914076081616489, 64.39503929122364 ], [ -14.91415420261656, 64.394517003690581 ], [ -14.914232320633573, 64.393994716128248 ], [ -14.914518103581612, 64.393434538134059 ], [ -14.915212691765364, 64.392842101100328 ], [ -14.915800168037141, 64.392290369020557 ], [ -14.91656925070229, 64.391874837500069 ], [ -14.917526446871163, 64.391551979555928 ], [ -14.918577689870215, 64.391275453445459 ], [ -14.919735982694752, 64.390958208729245 ], [ -14.92108888996756, 64.390690103603902 ], [ -14.922240632781614, 64.390416363298641 ], [ -14.923291784495763, 64.390139803278416 ], [ -14.924436989608244, 64.389909570022056 ], [ -14.925394024171108, 64.389586660556574 ], [ -14.926256960473561, 64.38921741173543 ], [ -14.927119873484187, 64.388848157822764 ], [ -14.927794612052793, 64.388386234683182 ], [ -14.928469327839245, 64.387924308436894 ], [ -14.92904994663847, 64.387416047796691 ], [ -14.929536470744535, 64.386861453888059 ], [ -14.929815382785321, 64.386344770802992 ], [ -14.929993731409938, 64.385825281175599 ], [ -14.933903911153244, 64.383151731271724 ], [ -14.933478345746554, 64.381330700158529 ], [ -14.932653898105833, 64.380302481885039 ], [ -14.931729918601571, 64.379973417083804 ], [ -14.930627168340587, 64.379538260404203 ], [ -14.928880602376207, 64.378984023475809 ], [ -14.925937716439503, 64.37836264242425 ], [ -14.924601325156026, 64.378190499148474 ], [ -14.923197453530685, 64.377949058298015 ], [ -14.922007400769772, 64.377578787509847 ], [ -14.921373633505551, 64.377392564404701 ], [ -14.920172425982814, 64.376836619987941 ], [ -14.919493747311652, 64.37643008657551 ], [ -14.91861014163428, 64.375832467201732 ], [ -14.917870386304651, 64.375053523680336 ], [ -14.916414710702874, 64.373597387413312 ], [ -14.916454813066007, 64.3733289166708 ], [ -14.916494914642598, 64.373060445921027 ], [ -14.916535015432681, 64.372791975163992 ], [ -14.916575115436268, 64.372523504399709 ], [ -14.916460232697206, 64.372250692169303 ], [ -14.916345352247713, 64.371977879852395 ], [ -14.916152984690635, 64.371702896535908 ], [ -14.915878119301899, 64.371459300733889 ], [ -14.915685760081308, 64.371184316809206 ], [ -14.91525091594678, 64.370969936194683 ], [ -14.914733577640103, 64.370786941403168 ], [ -14.914211231251699, 64.370637503541417 ], [ -14.913688890565382, 64.370488063811607 ], [ -14.913084053964514, 64.370370008396748 ], [ -14.912561724533846, 64.370220564635517 ], [ -14.911961916365014, 64.370068945868653 ], [ -14.911439598802799, 64.369919498094291 ], [ -14.911004808004007, 64.369705104845295 ], [ -14.910730008474276, 64.369461499375817 ], [ -14.910465252503812, 64.369150776132258 ], [ -14.910350444793217, 64.368877959143347 ], [ -14.910158159221965, 64.368602967973047 ], [ -14.910043356868069, 64.36833015075058 ], [ -14.909851078227865, 64.368055159183797 ], [ -14.909576305521167, 64.367811551563733 ], [ -14.909141562783253, 64.36759715278869 ], [ -14.908619307764617, 64.36744769494193 ], [ -14.908097058447167, 64.36729823522758 ], [ -14.90757911630894, 64.367249993098667 ], [ -14.906318346357631, 64.367096637313338 ], [ -14.905814228918606, 64.366956103091397 ], [ -14.904945358767007, 64.366653670211278 ], [ -14.904394460328451, 64.366435991939881 ], [ -14.90405159450561, 64.36625785787561 ], [ -14.903877501941585, 64.365991792410171 ], [ -14.903830930364627, 64.365653486617845 ], [ -14.903796926916366, 64.36523128483357 ], [ -14.903741560760471, 64.364951706214057 ], [ -14.903621810749295, 64.364712442386349 ], [ -14.903489720685343, 64.364295908134551 ], [ -14.90295368133431, 64.363589994695872 ], [ -14.902568079885549, 64.363048382365477 ], [ -14.902223466566946, 64.362103524449964 ], [ -14.902201552818154, 64.361471038216024 ], [ -14.902187657540367, 64.360265882056297 ], [ -14.90181040954085, 64.359539152435076 ], [ -14.901361264147765, 64.358903073116409 ], [ -14.901141728082989, 64.358551474657645 ], [ -14.900542243579748, 64.35775108838034 ], [ -14.900225160739579, 64.357531542381224 ], [ -14.899213572431837, 64.357275598921362 ], [ -14.898528634597678, 64.357045694137909 ], [ -14.897775069508143, 64.35675487867266 ], [ -14.897543502744096, 64.356613558574352 ], [ -14.897406227892334, 64.356491743322778 ], [ -14.897252881252987, 64.356217825781215 ], [ -14.897193825233591, 64.355963413432562 ], [ -14.897022381363119, 64.355680560869843 ], [ -14.896857717787045, 64.355482148743704 ], [ -14.896679214004481, 64.355376021290752 ], [ -14.896322693029987, 64.355290154034947 ], [ -14.895765019372618, 64.355249168807376 ], [ -14.895347904560587, 64.355178441890317 ], [ -14.895062059917327, 64.355010312811942 ], [ -14.894834606607477, 64.354582653747798 ], [ -14.894519960960844, 64.353958761940689 ], [ -14.894322902749897, 64.353717308197176 ], [ -14.894042116223618, 64.353515619089691 ], [ -14.893741504431343, 64.353186995440936 ], [ -14.893735526598809, 64.352967776872276 ], [ -14.893987820919902, 64.352452538671244 ], [ -14.894970672747121, 64.351991590612442 ], [ -14.896065085073012, 64.351693854757499 ], [ -14.897465421512873, 64.35143000303475 ], [ -14.898372498335894, 64.351084849943362 ], [ -14.899301424307895, 64.350723457083546 ], [ -14.899815029529773, 64.350409342885044 ], [ -14.899993771696485, 64.350254300400834 ], [ -14.900143855277079, 64.350031051509674 ], [ -14.900531496508684, 64.349519616020487 ], [ -14.900776090039669, 64.349054703560554 ], [ -14.900902027411124, 64.348603301342422 ], [ -14.900751203675153, 64.348312608473449 ], [ -14.900469168289685, 64.348119321365871 ], [ -14.900042851007374, 64.347980946596081 ], [ -14.8993274681192, 64.347826006832008 ], [ -14.89895747441714, 64.347571265092299 ], [ -14.898699079691916, 64.347479739175569 ], [ -14.898680489081132, 64.347344416341869 ], [ -14.898504546228162, 64.347221512081617 ], [ -14.898289895755507, 64.347097517408571 ], [ -14.898031507727309, 64.347005990311686 ], [ -14.897814345715222, 64.346898774020076 ], [ -14.897638409608327, 64.346775868718197 ], [ -14.897423766545652, 64.346651872773691 ], [ -14.897211641130136, 64.346511097448953 ], [ -14.897074418361498, 64.346389281957144 ], [ -14.896978420608137, 64.346251777836542 ], [ -14.896882423818168, 64.346114273653896 ], [ -14.896863843104656, 64.345978950599743 ], [ -14.896806555208459, 64.345842536949277 ], [ -14.896826682228161, 64.345708304487673 ], [ -14.896885516039289, 64.345575162608739 ], [ -14.896983056084698, 64.345443111265581 ], [ -14.897080595190083, 64.345311059858247 ], [ -14.897100720477138, 64.345176827363105 ], [ -14.897120845567034, 64.3450425948663 ], [ -14.897140970459779, 64.344908362367761 ], [ -14.89708368342211, 64.344771948834975 ], [ -14.897026396954757, 64.344635535280787 ], [ -14.896969111057713, 64.344499121705226 ], [ -14.896793194146865, 64.344376215401482 ], [ -14.896576057818047, 64.344268997282981 ], [ -14.896273965064426, 64.344209934523917 ], [ -14.895974389856908, 64.344134092097747 ], [ -14.895636111509551, 64.344057158150903 ], [ -14.895334023116812, 64.343998093445407 ], [ -14.894998265066352, 64.343904378989279 ], [ -14.89469617973239, 64.343845312962998 ], [ -14.894435317219358, 64.343770558531801 ], [ -14.894259416348518, 64.343647649176987 ], [ -14.894044813074297, 64.343523648282968 ], [ -14.893907619340071, 64.343401829833539 ], [ -14.893770426825474, 64.343280011255942 ], [ -14.893674456540172, 64.343142504986545 ], [ -14.893578487217887, 64.343004998655132 ], [ -14.893598627964186, 64.342870766662273 ], [ -14.893734877080245, 64.34273980895982 ], [ -14.893871124894229, 64.342608851131089 ], [ -14.894043556636415, 64.342495763520418 ], [ -14.894182318939379, 64.342348026396493 ], [ -14.894354747756546, 64.342234938419622 ], [ -14.894679466401413, 64.342142993994401 ], [ -14.894965480930901, 64.342049957763109 ], [ -14.8952514935186, 64.341956920971313 ], [ -14.895532471555395, 64.341897441682306 ], [ -14.895813448372643, 64.34183796185205 ], [ -14.896125577767449, 64.341829909389787 ], [ -14.896262773491207, 64.341951725740714 ], [ -14.896320050548157, 64.342088139572596 ], [ -14.896336110093348, 64.342240241709902 ], [ -14.896390872292157, 64.342393434562283 ], [ -14.896409448239535, 64.342528757647273 ], [ -14.896425508539052, 64.342680859778824 ], [ -14.896444084852256, 64.342816182861782 ], [ -14.896540067890779, 64.34295368730551 ], [ -14.896633536149292, 64.343107970739069 ], [ -14.896688301744501, 64.343261163487867 ], [ -14.896745583656161, 64.343397577163486 ], [ -14.896841570243593, 64.34353508141362 ], [ -14.89701748197219, 64.343657987652762 ], [ -14.897193395278604, 64.343780893680588 ], [ -14.897328090123201, 64.343919488105939 ], [ -14.89754019607714, 64.344060263239314 ], [ -14.897757334524098, 64.344167479920827 ], [ -14.898015694873955, 64.344259007487835 ], [ -14.89827154209368, 64.344367313679001 ], [ -14.898532420750882, 64.344442061250163 ], [ -14.898788271721688, 64.344550366535941 ], [ -14.898925492900505, 64.344672180401631 ], [ -14.899062715299221, 64.344793994139053 ], [ -14.899158718404015, 64.344931496875503 ], [ -14.899295943137902, 64.3450533103954 ], [ -14.899391948321368, 64.345190812980448 ], [ -14.899487954468261, 64.345328315503451 ], [ -14.899545254637088, 64.345464728096232 ], [ -14.899682483759317, 64.345586541256324 ], [ -14.899858421398083, 64.345709444083454 ], [ -14.900155510742065, 64.345802057652875 ], [ -14.900460143066631, 64.345844333255926 ], [ -14.900762262859329, 64.345903387348585 ], [ -14.901108118193196, 64.345929972016876 ], [ -14.901412753409277, 64.345972245630321 ], [ -14.901758610243219, 64.345998828756052 ], [ -14.902065759916018, 64.346024321862416 ], [ -14.90237542265929, 64.346033035168162 ], [ -14.902685085599478, 64.346041747816386 ], [ -14.902999772970112, 64.346016901478038 ], [ -14.903353167606275, 64.345993143328442 ], [ -14.903667853812994, 64.345968295548573 ], [ -14.904064977950124, 64.345912066094783 ], [ -14.904384685088008, 64.345853658402689 ], [ -14.904701879811867, 64.345812029203586 ], [ -14.905021584425162, 64.345753620115602 ], [ -14.905343798324571, 64.345678431122423 ], [ -14.905660989563167, 64.345636799837663 ], [ -14.906021907668823, 64.345562697591646 ], [ -14.906305409337941, 64.345486418315303 ], [ -14.906593929143629, 64.345376580036699 ], [ -14.9068412299934, 64.345282432487025 ], [ -14.907016134608417, 64.345152550290194 ], [ -14.90718852810766, 64.345039447120257 ], [ -14.907360920183908, 64.344926343747318 ], [ -14.907533310837179, 64.344813240171348 ], [ -14.907705700067481, 64.344700136392376 ], [ -14.907841890862855, 64.344569165497347 ], [ -14.907980589275892, 64.344421415227501 ], [ -14.90811928619339, 64.344273664827057 ], [ -14.908257981615373, 64.344125914296015 ], [ -14.908355461703737, 64.343993855360154 ], [ -14.90849164588408, 64.343862883863906 ], [ -14.908591632391438, 64.343714045515497 ], [ -14.90869663461492, 64.343531648579784 ], [ -14.908799127122196, 64.343366030832158 ], [ -14.908819193584675, 64.343231796737967 ], [ -14.908839259850586, 64.3430975626421 ], [ -14.908898029698621, 64.342964415940386 ], [ -14.909034206170817, 64.342833443945665 ], [ -14.909172889372027, 64.34268569255741 ], [ -14.90927035992941, 64.342553633021552 ], [ -14.909442727778329, 64.34244052720473 ], [ -14.909757367671698, 64.342415666290222 ], [ -14.910105695150472, 64.342425450337146 ], [ -14.910410305288009, 64.342467705146163 ], [ -14.910671198964801, 64.342542430991529 ], [ -14.910973304356864, 64.342601463917802 ], [ -14.911231694074303, 64.342692968059296 ], [ -14.911492592134973, 64.342767692436041 ], [ -14.911707268423836, 64.342891667642135 ], [ -14.911844538716037, 64.343013469336469 ], [ -14.912061724823831, 64.343120664708763 ], [ -14.912363839584973, 64.343179694756202 ], [ -14.912670967523425, 64.343205165521823 ], [ -14.912980601780369, 64.343213856307202 ], [ -14.913266565346509, 64.343120784176207 ], [ -14.913477624292739, 64.343008759812136 ], [ -14.913649977640484, 64.342895649019098 ], [ -14.913786131061865, 64.342764672587577 ], [ -14.913922283181899, 64.342633696029992 ], [ -14.914094632335841, 64.342520584713967 ], [ -14.91430568327532, 64.342408559155487 ], [ -14.914516732489467, 64.342296533292313 ], [ -14.914802681267766, 64.342203458154117 ], [ -14.91508612374774, 64.342127161824166 ], [ -14.915367060470896, 64.342067644316856 ], [ -14.915679186721302, 64.342059549998211 ], [ -14.915991312787344, 64.342051455011443 ], [ -14.91630093506269, 64.342060138745822 ], [ -14.916610557534234, 64.342068821822764 ], [ -14.916920180201956, 64.342077504242241 ], [ -14.917229803065844, 64.342086186004281 ], [ -14.917578129022171, 64.342095952200708 ], [ -14.917885249660905, 64.342121411982191 ], [ -14.918228571430094, 64.342164735457857 ], [ -14.918530688934579, 64.342223752724891 ], [ -14.918835309816757, 64.342265989933239 ], [ -14.919144935416474, 64.342274667628786 ], [ -14.919459564601118, 64.342249785779586 ], [ -14.919776694709418, 64.342208123802507 ], [ -14.920026423011841, 64.342097174464584 ], [ -14.920276149292388, 64.341986224699738 ], [ -14.92044846815147, 64.341873105878818 ], [ -14.920545881488032, 64.341741038814561 ], [ -14.920643293885799, 64.341608971686298 ], [ -14.920663301053263, 64.341474735979006 ], [ -14.920683308024751, 64.341340500270064 ], [ -14.920703314800267, 64.341206264559503 ], [ -14.920723321379807, 64.341072028847293 ], [ -14.920745828547549, 64.340921013669117 ], [ -14.920768335467274, 64.340769998488852 ], [ -14.92082704237446, 64.340636847000738 ], [ -14.920926950126933, 64.340488000226614 ], [ -14.920946955086947, 64.340353764489663 ], [ -14.920969460432747, 64.340202749283662 ], [ -14.920991965530552, 64.340051734075587 ], [ -14.921011969853749, 64.339917498333321 ], [ -14.921031973981012, 64.339783262589449 ], [ -14.921051977912336, 64.339649026843944 ], [ -14.920994582870893, 64.339512622757908 ], [ -14.920898489211725, 64.33937513445035 ], [ -14.920802396516557, 64.339237646080633 ], [ -14.920626406518851, 64.339114768576238 ], [ -14.920450418099026, 64.338991890860356 ], [ -14.920313129706786, 64.338870097298667 ], [ -14.920175842534574, 64.338748303608625 ], [ -14.920002359515712, 64.338608645902482 ], [ -14.919826377142858, 64.338485767437234 ], [ -14.919609197395417, 64.338378583661139 ], [ -14.919350820383617, 64.338287094389827 ], [ -14.919089943548945, 64.338212384094291 ], [ -14.918952665105682, 64.338090589257476 ], [ -14.918776690764286, 64.337967709529167 ], [ -14.918600718000594, 64.337844829589386 ], [ -14.918383548123773, 64.337737643991872 ], [ -14.918207578599361, 64.337614763579325 ], [ -14.918070307069437, 64.337492967916248 ], [ -14.917933036759349, 64.337371172124861 ], [ -14.917795767669071, 64.33724937620515 ], [ -14.917699697987647, 64.337111885808909 ], [ -14.917719716287296, 64.336977650543133 ], [ -14.917966903151711, 64.33688348417661 ], [ -14.918281471528125, 64.33685860487769 ], [ -14.918591035876084, 64.336867283746386 ], [ -14.918900600420052, 64.336875961957801 ], [ -14.919328753270134, 64.336871113989361 ], [ -14.919638318090868, 64.336879790634285 ], [ -14.919989079626498, 64.336872771626958 ], [ -14.920308647401814, 64.336814329059649 ], [ -14.920625713338328, 64.336772665250052 ], [ -14.920950279136786, 64.336680662360763 ], [ -14.921231147309042, 64.336621133575605 ], [ -14.921480818828046, 64.336510181785272 ], [ -14.921727988557047, 64.33641600904464 ], [ -14.922011351920482, 64.336339699280899 ], [ -14.922297213114472, 64.336246609480682 ], [ -14.922544377662417, 64.336152435357462 ], [ -14.922825236960916, 64.336092903503157 ], [ -14.923106095039564, 64.336033371107959 ], [ -14.923386951898356, 64.335973838171924 ], [ -14.92371399747784, 64.335865049630044 ], [ -14.923886263674026, 64.335751926789627 ], [ -14.923710282231095, 64.335629053034651 ], [ -14.92340822625431, 64.335570046523785 ], [ -14.9231036727319, 64.335527818886419 ], [ -14.922791623043894, 64.335535929094419 ], [ -14.922574455072349, 64.335428749755408 ], [ -14.92255575478076, 64.335293430074969 ], [ -14.922614441278517, 64.335160277912792 ], [ -14.922786707583256, 64.33504715637676 ], [ -14.923067555032024, 64.334987624059735 ], [ -14.923384595648324, 64.334945954254749 ], [ -14.923699136874648, 64.334921063269064 ], [ -14.924008681057854, 64.334929730632822 ], [ -14.924318225436782, 64.3349383973393 ], [ -14.924625272148207, 64.334963842913126 ], [ -14.924932319429614, 64.334989287840244 ], [ -14.92523686978595, 64.33503151165587 ], [ -14.925543918392897, 64.335056955294917 ], [ -14.925964550497635, 64.335102426459997 ], [ -14.926348987388687, 64.335130034103429 ], [ -14.926656038131227, 64.335155475400171 ], [ -14.926963089443669, 64.335180916050248 ], [ -14.927267645056483, 64.335223135623778 ], [ -14.927615887382155, 64.335232877837342 ], [ -14.927925436323861, 64.335241536884382 ], [ -14.928273679117014, 64.335251277526595 ], [ -14.928583228474228, 64.335259935176865 ], [ -14.928895273305898, 64.335251812571784 ], [ -14.930042337171074, 64.335115392467856 ], [ -14.930464819404149, 64.334843205921118 ], [ -14.930643907672634, 64.334727825301059 ], [ -14.931313492288986, 64.334239142594711 ], [ -14.931733415188534, 64.333932659961064 ], [ -14.932336033364187, 64.332753198568298 ], [ -14.932324666437433, 64.332045209598419 ], [ -14.931651931120125, 64.331283477539131 ], [ -14.928239401655674, 64.32875488005412 ], [ -14.92673945222324, 64.328131604347703 ], [ -14.925449180622305, 64.327926992863681 ], [ -14.924500831036543, 64.327774068381544 ], [ -14.923778984377755, 64.327534809563332 ], [ -14.923390338483474, 64.327144810695003 ], [ -14.92342659303525, 64.32664034230605 ], [ -14.923991887786732, 64.326234939771609 ], [ -14.92488406446143, 64.325981909652981 ], [ -14.926062581464574, 64.325762164918743 ], [ -14.926847416214143, 64.325708311550486 ], [ -14.927369598334526, 64.325722926056031 ], [ -14.929735965525122, 64.325873377581928 ], [ -14.930990589697654, 64.325925312187294 ], [ -14.933352544721187, 64.325713320788893 ], [ -14.93444732481516, 64.325272129905628 ], [ -14.935681764107747, 64.324674764543033 ], [ -14.936259951984171, 64.324311803875531 ], [ -14.936992167462302, 64.323826772836654 ], [ -14.938552076874114, 64.323128954110388 ], [ -14.939715196724652, 64.322487446238895 ], [ -14.940766653300509, 64.321943910545698 ], [ -14.941329797758486, 64.321681608544893 ], [ -14.941854256766225, 64.321418225735641 ], [ -14.942248317227451, 64.321117506600388 ], [ -14.942533256301839, 64.320897989369328 ], [ -14.942915421165921, 64.320546389764246 ], [ -14.9432365370153, 64.320344729343006 ], [ -14.94340668391855, 64.320113585632768 ], [ -14.943804594574937, 64.320048858152788 ], [ -14.944249332246866, 64.320061255899063 ], [ -14.944757048051374, 64.320041709403412 ], [ -14.944871119034394, 64.319926945070762 ], [ -14.94497330490703, 64.31976130217619 ], [ -14.945456536387645, 64.319513608471155 ], [ -14.946071385497607, 64.319294854365452 ], [ -14.94673855226783, 64.318984885655553 ], [ -14.947337050618829, 64.318614029909469 ], [ -14.947593181550245, 64.318326306054544 ], [ -14.94770279167753, 64.318110321568156 ], [ -14.947926449349577, 64.317779570294633 ], [ -14.948126523630066, 64.31760822780241 ], [ -14.949190242652856, 64.317241897500452 ], [ -14.950478503726391, 64.316932357566017 ], [ -14.951444990427097, 64.316698097648285 ], [ -14.951837135941402, 64.316540520405823 ], [ -14.952271663832743, 64.31635884802769 ], [ -14.95313078754126, 64.316062619351698 ], [ -14.954519072682835, 64.315469397321976 ], [ -14.955603195122192, 64.315095167882532 ], [ -14.955931584565306, 64.314843139467712 ], [ -14.95615958885339, 64.314613593301672 ], [ -14.956809671478505, 64.314286261113622 ], [ -14.957302603549554, 64.313971408012989 ], [ -14.957549921358433, 64.313742396953742 ], [ -14.958487173368679, 64.313178730199581 ], [ -14.960036347250837, 64.312808967759466 ], [ -14.961451723023684, 64.312688207232512 ], [ -14.962596445231211, 64.312559921257318 ], [ -14.963303504575544, 64.312503725315466 ], [ -14.967384549371463, 64.312338918551262 ], [ -14.969303718981516, 64.312223624982309 ], [ -14.970661029739704, 64.312101167929967 ], [ -14.974176024630419, 64.311756128917054 ], [ -14.983327249088207, 64.309022423187031 ], [ -14.989611100768647, 64.306135405239743 ], [ -14.991107022314546, 64.304038045695137 ], [ -14.990763360428463, 64.301742476964606 ], [ -14.987504664430038, 64.300730808055206 ], [ -14.983795916320851, 64.300089263853891 ], [ -14.97953154241468, 64.299533347835279 ], [ -14.976273623622955, 64.29846600691657 ], [ -14.975068143052154, 64.297691302892588 ], [ -14.974369214607121, 64.29716649453286 ], [ -14.973515748835332, 64.296637401977264 ], [ -14.972405823398439, 64.296269684419471 ], [ -14.971106845576998, 64.29613259883152 ], [ -14.969354069364146, 64.295915525310548 ], [ -14.968735832503024, 64.295898382552295 ], [ -14.968117596414052, 64.295881237168402 ], [ -14.967499361097349, 64.295864089158883 ], [ -14.966876189589867, 64.29588049892287 ], [ -14.96625795506537, 64.295863345641095 ], [ -14.965639721313496, 64.29584618973368 ], [ -14.965021488334353, 64.295829031200668 ], [ -14.964403256128062, 64.295811870042058 ], [ -14.963785024694742, 64.295794706257823 ], [ -14.963089515256343, 64.295775393862158 ], [ -14.962471285465966, 64.295758224498528 ], [ -14.961857999527457, 64.295707492281011 ], [ -14.961244715855603, 64.295656757479932 ], [ -14.960626489890869, 64.295639580281644 ], [ -14.960008264699814, 64.295622400457773 ], [ -14.959390040282555, 64.295605218008362 ], [ -14.958771816639208, 64.295588032933395 ], [ -14.958153593769891, 64.295570845232845 ], [ -14.957540319997529, 64.295520094825633 ], [ -14.957019172762353, 64.295370810903293 ], [ -14.956498031194762, 64.295221525116858 ], [ -14.955976895294729, 64.295072237466385 ], [ -14.955378489292885, 64.294920797872621 ], [ -14.954857365188928, 64.294771506217529 ], [ -14.954336246752471, 64.294622212698471 ], [ -14.953984540193945, 64.294376539220991 ], [ -14.953468387061594, 64.294193682642373 ], [ -14.952952240804574, 64.294010824236054 ], [ -14.952358828971951, 64.293825812319909 ], [ -14.951750559971702, 64.293741477626753 ], [ -14.951142294708299, 64.293657140392312 ], [ -14.950534033181819, 64.293572800616545 ], [ -14.949925775392344, 64.293488458299507 ], [ -14.949317521339955, 64.293404113441213 ], [ -14.94870927102472, 64.293319766041705 ], [ -14.948105983883401, 64.293201856346755 ], [ -14.947502701923709, 64.293083944152443 ], [ -14.946889503395864, 64.29303314888368 ], [ -14.946281268758252, 64.292948791340422 ], [ -14.945668075508697, 64.292897990926491 ], [ -14.945059847618065, 64.292813628280101 ], [ -14.944446659647177, 64.292762822721087 ], [ -14.94382850937523, 64.292745574186355 ], [ -14.943210359879997, 64.292728323026395 ], [ -14.942592211161589, 64.292711069241264 ], [ -14.941979030047808, 64.292660253287011 ], [ -14.941360883635838, 64.292642994272654 ], [ -14.940742738001047, 64.292625732633098 ], [ -14.940124593143551, 64.292608468368371 ], [ -14.939501479226134, 64.292624760937827 ], [ -14.938940721031244, 64.292743887999706 ], [ -14.938302689338714, 64.292860853758384 ], [ -14.937669624356509, 64.292944257323768 ], [ -14.926221391444312, 64.293090932829159 ], [ -14.923851112363895, 64.292995482464733 ], [ -14.921326239990384, 64.292756160351928 ], [ -14.917375645431612, 64.292712647417218 ], [ -14.915800323780832, 64.292870585633906 ], [ -14.914242241726736, 64.293433381888974 ], [ -14.912813621854168, 64.294168299681559 ], [ -14.912033126896945, 64.294719238673139 ], [ -14.90906769906395, 64.295850374564722 ], [ -14.908988801616939, 64.295880467192802 ], [ -14.90648672128391, 64.296049837601757 ], [ -14.904074905153957, 64.296025607562441 ], [ -14.903083042525834, 64.295254646136328 ], [ -14.903539775823592, 64.294218562193535 ], [ -14.907074280543132, 64.292788406902474 ], [ -14.908626595826492, 64.29182686646908 ], [ -14.909306633645242, 64.289966639948489 ], [ -14.908118797547456, 64.288711712961941 ], [ -14.906930694955186, 64.287835770625051 ], [ -14.906078818944355, 64.287306283376893 ], [ -14.90301308671946, 64.285919487327931 ], [ -14.906608478061781, 64.286264555017823 ], [ -14.908564255193255, 64.286319634089494 ], [ -14.914513588810912, 64.286487017721711 ], [ -14.919033678718668, 64.285543785661531 ], [ -14.924045824370578, 64.284970968495827 ], [ -14.93171324926017, 64.284948008339072 ], [ -14.93955598856679, 64.283740414034597 ], [ -14.94412729932235, 64.282441134836446 ], [ -14.945647644568766, 64.281413354944661 ], [ -14.946121596199056, 64.280122229376701 ], [ -14.946305089164705, 64.278880522175697 ], [ -14.947060327436112, 64.277705314352445 ], [ -14.94767983818118, 64.276661110292082 ], [ -14.948224558983334, 64.27559796995007 ], [ -14.948608811764336, 64.27483363471741 ], [ -14.949340518066457, 64.274078988789441 ], [ -14.950373613092916, 64.273383290220522 ], [ -14.952329259241068, 64.272477413093526 ], [ -14.953495856953888, 64.272189789769612 ], [ -14.955261647582205, 64.2718369145108 ], [ -14.957023780972351, 64.272930948828801 ], [ -14.957562041231855, 64.274848500786362 ], [ -14.957178144506667, 64.27745385763788 ], [ -14.957531223746443, 64.278771702029246 ], [ -14.957651762822353, 64.280291850758488 ], [ -14.957729579603278, 64.28081632923579 ], [ -14.95782376385859, 64.281492902338641 ], [ -14.958028867583666, 64.282206258558375 ], [ -14.958515754236849, 64.283112788983004 ], [ -14.959921579634486, 64.283573103444567 ], [ -14.962223188103417, 64.284007751120356 ], [ -14.963925063318836, 64.284038183277573 ], [ -14.965183213984471, 64.283921485603912 ], [ -14.966530937368933, 64.283723020366978 ], [ -14.967540908221087, 64.283447775877221 ], [ -14.968433367237846, 64.282916534954495 ], [ -14.969666810551525, 64.282175716048201 ], [ -14.970505777396147, 64.281744072572621 ], [ -14.971679971054829, 64.281405962467275 ], [ -14.973088313688326, 64.281057484885153 ], [ -14.974759564206176, 64.280766824188362 ], [ -14.976408627860534, 64.280627167373183 ], [ -14.979028056665401, 64.280480653613822 ], [ -14.981545639490761, 64.280499760803679 ], [ -14.984390854349627, 64.280348928304221 ], [ -14.989707849857171, 64.279544527774902 ], [ -14.994449001872846, 64.277059378472899 ], [ -14.994249789628418, 64.274675755250826 ], [ -14.992891541979088, 64.272735793403413 ], [ -14.991266700054387, 64.271821878147861 ], [ -14.990433311268877, 64.27115864120421 ], [ -14.98939776295072, 64.270287636993686 ], [ -14.989008088398574, 64.269771427869671 ], [ -14.988717068475774, 64.26937588008893 ], [ -14.98866438994296, 64.269205942344684 ], [ -14.988686464876087, 64.269054917548829 ], [ -14.989087845577483, 64.268695341133565 ], [ -14.993634327059082, 64.26834908255897 ], [ -14.995188204831241, 64.268324547517182 ], [ -14.996920964721175, 64.268136445359175 ], [ -14.999403719307592, 64.26812061813159 ], [ -15.002067258497853, 64.268193965686905 ], [ -15.003263925660489, 64.268226903054028 ], [ -15.004074572787344, 64.268249209869296 ], [ -15.005008356419845, 64.268224355419704 ], [ -15.006060387281742, 64.268185898981883 ], [ -15.006808480514163, 64.268105382410013 ], [ -15.007959676741025, 64.267918007462853 ], [ -15.010071454085651, 64.267521146823697 ], [ -15.012205114453067, 64.266973227202143 ], [ -15.013795851307362, 64.266427224690233 ], [ -15.015130565423982, 64.266042659638998 ], [ -15.017749239509875, 64.265452868598729 ], [ -15.021040157880766, 64.264781676281373 ], [ -15.021586788779176, 64.265882721841621 ], [ -15.023288830542528, 64.266973897660435 ], [ -15.025034755985962, 64.267762993112214 ], [ -15.026245191473249, 64.268503719002155 ], [ -15.027865512622482, 64.269626291320407 ], [ -15.028941434883098, 64.270749104987161 ], [ -15.030062547492108, 64.272588727982409 ], [ -15.031183810232198, 64.274428342611031 ], [ -15.032672449346904, 64.276127230304709 ], [ -15.034852341665953, 64.277844965644647 ], [ -15.037745308257843, 64.27943136206045 ], [ -15.040314706432737, 64.280858128065475 ], [ -15.044007772079834, 64.281712453598928 ], [ -15.04767943249613, 64.282716842467082 ], [ -15.051718589704594, 64.283580372030755 ], [ -15.055369187276893, 64.28473472463709 ], [ -15.06224185894674, 64.285842630772947 ], [ -15.068524456630167, 64.286922460855081 ], [ -15.073329894941368, 64.288029493068777 ], [ -15.083346895626631, 64.289580125348024 ], [ -15.090098900770371, 64.290098841584381 ], [ -15.093677356021614, 64.290026589555282 ], [ -15.096101481178982, 64.289889558599114 ], [ -15.098265113847471, 64.28994765338642 ], [ -15.100361937055174, 64.290475623742978 ], [ -15.102609559073548, 64.290728775302767 ], [ -15.102617447997549, 64.290740379891446 ], [ -15.102883381497969, 64.290915973943953 ], [ -15.103323190209204, 64.291096228613426 ], [ -15.103731519529322, 64.29122509886588 ], [ -15.104625467227338, 64.29148490682104 ], [ -15.104869468115803, 64.291541984390392 ], [ -15.105809225788093, 64.291752472957413 ], [ -15.106441073095747, 64.291946284930432 ], [ -15.106827727235602, 64.29209141154881 ], [ -15.107228940680701, 64.292270619579696 ], [ -15.107634923655146, 64.292416261426169 ], [ -15.107801658489613, 64.292471264798365 ], [ -15.10799843286671, 64.292451263791591 ], [ -15.108001740990158, 64.292291312333148 ], [ -15.107879337598932, 64.292060609768114 ], [ -15.107735497987807, 64.291980949978935 ], [ -15.107253433329912, 64.291824847703538 ], [ -15.106883717726255, 64.291697022163163 ], [ -15.106395705834275, 64.291582873367872 ], [ -15.105702334324295, 64.291412682259406 ], [ -15.105101992173996, 64.291270249888072 ], [ -15.104660977075431, 64.291098391836556 ], [ -15.104385945231451, 64.290897647148824 ], [ -15.106404700014236, 64.291075618176606 ], [ -15.108645724784374, 64.291135628544012 ], [ -15.111861675975996, 64.290884759760175 ], [ -15.11353205158092, 64.290592505456118 ], [ -15.115920421894243, 64.289611880425625 ], [ -15.117058037763339, 64.288698889609492 ], [ -15.117678457054694, 64.287603616377311 ], [ -15.118086035086183, 64.286367887974819 ], [ -15.118219043515207, 64.285428056552334 ], [ -15.118285544316064, 64.284958140821274 ], [ -15.118207025020849, 64.284416967036549 ], [ -15.117576700135823, 64.283534592466594 ], [ -15.117952485665622, 64.282927707140757 ], [ -15.11802247950255, 64.281885116178984 ], [ -15.118233976754867, 64.281486458809653 ], [ -15.11878643598375, 64.280321987027435 ], [ -15.119160620896199, 64.279321214194098 ], [ -15.119864024146651, 64.2787335400308 ], [ -15.12244965274073, 64.27799395502818 ], [ -15.123461909163492, 64.277414508790443 ], [ -15.12347003182977, 64.276808267889777 ], [ -15.122749829625088, 64.27641843643525 ], [ -15.122633302046301, 64.276145789655288 ], [ -15.123598067883915, 64.275901997819403 ], [ -15.126668530818467, 64.276118659116563 ], [ -15.131312176713413, 64.276175003060587 ], [ -15.133831079243375, 64.274254242584036 ], [ -15.134946966601008, 64.272936267102622 ], [ -15.136242436028819, 64.271993671083393 ], [ -15.138059481162292, 64.271199700352113 ], [ -15.139824488636775, 64.270774933777844 ], [ -15.141050602084931, 64.270874895478173 ], [ -15.140035923175711, 64.272027139235476 ], [ -15.138934485080085, 64.273244455505917 ], [ -15.138682504028576, 64.274484346584899 ], [ -15.138695271712635, 64.275495433558561 ], [ -15.139195083338121, 64.276351006121445 ], [ -15.139852444984978, 64.276638005728273 ], [ -15.140714531633241, 64.276020769046298 ], [ -15.14138263512185, 64.275128844298891 ], [ -15.143183837208717, 64.273896398279433 ], [ -15.144427193701478, 64.273322957355433 ], [ -15.145497183930102, 64.272879672666249 ], [ -15.146731020055057, 64.27237334461816 ], [ -15.148528944322667, 64.271713508268903 ], [ -15.149088361602567, 64.271593574602562 ], [ -15.149722166195374, 64.272048361374772 ], [ -15.150177992269704, 64.272666884232024 ], [ -15.150985130370046, 64.272991493124337 ], [ -15.152880981168241, 64.272738492674577 ], [ -15.155172342142819, 64.272428555013164 ], [ -15.156272337476418, 64.272322900852203 ], [ -15.157037232893998, 64.272949575643892 ], [ -15.15704395397997, 64.273455118230672 ], [ -15.156959340635508, 64.274059317704214 ], [ -15.156825696077844, 64.27446007421922 ], [ -15.156684658611326, 64.275467073201312 ], [ -15.156825038918589, 64.27944632529352 ], [ -15.158291527237633, 64.281708709143516 ], [ -15.161852038762138, 64.282308157326042 ], [ -15.166815473269885, 64.281192609997291 ], [ -15.168538681814288, 64.27995781164141 ], [ -15.170259455129466, 64.27818388374105 ], [ -15.171553960195894, 64.277240972948832 ], [ -15.173337562883372, 64.2766815310559 ], [ -15.174491500172488, 64.276745609299965 ], [ -15.17624706257476, 64.277499320461459 ], [ -15.176886130134751, 64.277920421766851 ], [ -15.178297678218787, 64.278361839760805 ], [ -15.181485967092179, 64.278849946078481 ], [ -15.182712592287519, 64.278949556591542 ], [ -15.184292790917251, 64.279294272708512 ], [ -15.184948595079048, 64.280153745140126 ], [ -15.185663026598853, 64.28114951283834 ], [ -15.187637531921361, 64.28312165880952 ], [ -15.188537287687554, 64.284459169379716 ], [ -15.189427804753235, 64.285863809952161 ], [ -15.191309829699081, 64.29094978413562 ], [ -15.192322647007783, 64.292593431848545 ], [ -15.193045058685055, 64.294094705946264 ], [ -15.194484603929967, 64.296019024709437 ], [ -15.195192364730769, 64.296509205122291 ], [ -15.199526809456673, 64.297700635203057 ], [ -15.203434981877875, 64.298611281006075 ], [ -15.207770116241869, 64.299802465832926 ], [ -15.212705576729228, 64.301143904696787 ], [ -15.215884946001671, 64.302843750836502 ], [ -15.218418341364169, 64.304728857759841 ], [ -15.219244838067624, 64.307175957686439 ], [ -15.225595766365274, 64.317413870224087 ], [ -15.228963597938103, 64.321712288279954 ], [ -15.23718045169211, 64.33255370502269 ], [ -15.23543867266628, 64.331380109739115 ], [ -15.234525324978552, 64.330396363197735 ], [ -15.233283999188865, 64.329538878013878 ], [ -15.23168406757731, 64.328183611185267 ], [ -15.229246907651955, 64.326705570418426 ], [ -15.225857680039677, 64.325657598556319 ], [ -15.223855629752364, 64.3252519384734 ], [ -15.221118526448096, 64.32482716713497 ], [ -15.219885077496919, 64.324761448900489 ], [ -15.219147652186432, 64.324759139586035 ], [ -15.218876125839181, 64.325038443585214 ], [ -15.219360567250561, 64.325185784092014 ], [ -15.222461444054865, 64.325788474726821 ], [ -15.227595767871636, 64.327134431932336 ], [ -15.23377158927725, 64.330511620283644 ], [ -15.235812055076055, 64.332619398162279 ], [ -15.23782254626604, 64.333816774509884 ], [ -15.239621727568114, 64.334857063383339 ], [ -15.241217832748717, 64.336245813120897 ], [ -15.242425157935273, 64.33735500250225 ], [ -15.243191533815663, 64.337998011338385 ], [ -15.24469360839068, 64.34007489904468 ], [ -15.245195181232559, 64.341233234782365 ], [ -15.245622502825515, 64.341800108331739 ], [ -15.246277779540398, 64.343821452078998 ], [ -15.246917042548723, 64.345960287012375 ], [ -15.248093938557645, 64.348146652966435 ], [ -15.250067078436375, 64.35133045950289 ], [ -15.25192642439386, 64.354780806170609 ], [ -15.254203825400614, 64.359724139176819 ], [ -15.244744886855637, 64.36065980670098 ], [ -15.244207979947129, 64.360039580425607 ], [ -15.243329796109251, 64.359073670551979 ], [ -15.242296722709289, 64.358103759987031 ], [ -15.24155977994816, 64.357242543708395 ], [ -15.239501327573532, 64.355527871613106 ], [ -15.241533138690523, 64.355421364392342 ], [ -15.24282383936916, 64.354924888536416 ], [ -15.243556829183776, 64.353592895243821 ], [ -15.243470399058555, 64.351551085434352 ], [ -15.242373381653582, 64.349748093541862 ], [ -15.241519359680238, 64.348401657434366 ], [ -15.240626281954818, 64.346895277535353 ], [ -15.239133201973848, 64.344419825227988 ], [ -15.238214995091237, 64.343098192616907 ], [ -15.236720732804876, 64.341523274208072 ], [ -15.236531399583686, 64.340120092540317 ], [ -15.237481791891542, 64.339351119050733 ], [ -15.2375662911793, 64.338224047080843 ], [ -15.237539766397781, 64.336880463855636 ], [ -15.237694387893342, 64.335755204150317 ], [ -15.237790497560518, 64.335055718345146 ], [ -15.236938237472977, 64.334087561796025 ], [ -15.23511264590188, 64.333033191998936 ], [ -15.233026627335423, 64.332338304004381 ], [ -15.232467654282715, 64.331286141752344 ], [ -15.232032222652569, 64.330359256151453 ], [ -15.231055789010288, 64.329784609887739 ], [ -15.229555097226109, 64.329440543330008 ], [ -15.227703870506266, 64.329087377187804 ], [ -15.226587346958464, 64.328509067144694 ], [ -15.226034824933144, 64.328433702316161 ], [ -15.22445996605885, 64.32811817766904 ], [ -15.223503561879905, 64.3279102437277 ], [ -15.222385978308958, 64.327850724512416 ], [ -15.220851931477396, 64.327749864144778 ], [ -15.218744418431738, 64.327725654575104 ], [ -15.217552542635348, 64.327694688919919 ], [ -15.215527753231939, 64.327581019114234 ], [ -15.213466506364036, 64.327222203722144 ], [ -15.211842750556862, 64.326532596837481 ], [ -15.207260411137099, 64.327958735301095 ], [ -15.201917841749253, 64.330910382141738 ] ], [ [ -15.195753193643718, 64.319141056629377 ], [ -15.195743190509333, 64.319156204053513 ], [ -15.195297984286926, 64.319830052948376 ], [ -15.194544529449647, 64.320850499741084 ], [ -15.194248332040781, 64.322982657912462 ], [ -15.195514775660746, 64.323729069233622 ], [ -15.196565890542882, 64.323775201307612 ], [ -15.199346167054019, 64.32351209516348 ], [ -15.202448941429536, 64.322952138722698 ], [ -15.204577907642046, 64.322565115389935 ], [ -15.205152075623291, 64.322317314587849 ], [ -15.206111754957087, 64.321903118827464 ], [ -15.207463980350838, 64.321282156931119 ], [ -15.208459372769036, 64.320697669433258 ], [ -15.209582280750841, 64.320208061229849 ], [ -15.210185112082872, 64.319155521104747 ], [ -15.209931105779399, 64.318838756551571 ], [ -15.209885157543969, 64.318781454892601 ], [ -15.208154763583668, 64.31832433831292 ], [ -15.206160182337083, 64.317997657642678 ], [ -15.20372829150271, 64.317781625305543 ], [ -15.19989227429374, 64.31770396101858 ], [ -15.198715499044697, 64.318001698735173 ], [ -15.195753193643718, 64.319141056629377 ] ], [ [ -15.090068021797377, 64.298938418328262 ], [ -15.089964700902168, 64.298949145532532 ], [ -15.089849615298547, 64.298982884188874 ], [ -15.089749161955437, 64.299032977465927 ], [ -15.089666655395414, 64.299076186628341 ], [ -15.089546982167265, 64.299102434984377 ], [ -15.089407191999291, 64.299091308652891 ], [ -15.089340437386094, 64.299063729771007 ], [ -15.089216126955291, 64.299043197305636 ], [ -15.089195362980911, 64.299050005534653 ], [ -15.089163905726844, 64.2990921319157 ], [ -15.089037028131127, 64.299129236160326 ], [ -15.088952500942257, 64.299107317976237 ], [ -15.088903655802378, 64.299082408696407 ], [ -15.088881334696699, 64.299071025707846 ], [ -15.088799624543443, 64.299049183202087 ], [ -15.088740473173551, 64.299047592049234 ], [ -15.088640666078197, 64.299053501716344 ], [ -15.088567784679881, 64.299095451600678 ], [ -15.088533704275198, 64.299109558070015 ], [ -15.088465055534808, 64.299115078033182 ], [ -15.088450947236561, 64.299095053917981 ], [ -15.088438758550698, 64.299061575795349 ], [ -15.088389728780259, 64.298989045194872 ], [ -15.08829461662765, 64.298894636808626 ], [ -15.088273872706239, 64.298829999491446 ], [ -15.088286039676415, 64.298705092626832 ], [ -15.088293718224511, 64.298651276611778 ], [ -15.088265802449531, 64.298569491689037 ], [ -15.088187584602617, 64.298523187016315 ], [ -15.088087231385162, 64.298513120338853 ], [ -15.087898189344132, 64.298530134216179 ], [ -15.087744692559562, 64.298535826414778 ], [ -15.087458089834266, 64.298523203290415 ], [ -15.08722572611593, 64.298526772672673 ], [ -15.08700347743725, 64.29857593682037 ], [ -15.086879788854223, 64.298652519467211 ], [ -15.086750268094745, 64.298688322822386 ], [ -15.086600215376304, 64.298630261548766 ], [ -15.086526585979378, 64.298591446141018 ], [ -15.086395272807197, 64.298600189594111 ], [ -15.086265751662687, 64.298635992518115 ], [ -15.086156319163939, 64.298689525128054 ], [ -15.085973348663176, 64.298782822923911 ], [ -15.085884249930885, 64.298818140725629 ], [ -15.085793520167647, 64.298854104901537 ], [ -15.085659062150224, 64.298884863279696 ], [ -15.085498979992522, 64.298873880299055 ], [ -15.085341495375481, 64.298891047101037 ], [ -15.085209786512118, 64.298862945181995 ], [ -15.085136901546557, 64.298858527198917 ], [ -15.085070393014806, 64.298888658989995 ], [ -15.085070437393684, 64.298927949468677 ], [ -15.084931742091086, 64.298948770794368 ], [ -15.084828244481603, 64.298960717440579 ], [ -15.084838507368621, 64.299007649823764 ], [ -15.084982137822475, 64.298991872621073 ], [ -15.085039170775588, 64.298988497110045 ], [ -15.085160661116221, 64.299008957302817 ], [ -15.085233985012859, 64.29908951005693 ], [ -15.085387225790555, 64.299164847639375 ], [ -15.085611607099343, 64.299256833723007 ], [ -15.08579725385982, 64.299342865539501 ], [ -15.086105791694584, 64.299439571816094 ], [ -15.086359346803791, 64.299485685941207 ], [ -15.086611110252896, 64.29950474003806 ], [ -15.086888597682616, 64.299541675012804 ], [ -15.086997522402458, 64.299650196128226 ], [ -15.087114572893924, 64.299781035987024 ], [ -15.08710533516453, 64.300004244767791 ], [ -15.087027001939088, 64.300156838053482 ], [ -15.086811806620318, 64.300396604484291 ], [ -15.086673015527317, 64.300582581699175 ], [ -15.086563992046562, 64.300745993776403 ], [ -15.086526138143789, 64.300892309625254 ], [ -15.086453433024802, 64.301045054237406 ], [ -15.086378539222718, 64.301133894915537 ], [ -15.086283204767131, 64.301207451949807 ], [ -15.086277083295808, 64.301215839086794 ], [ -15.086233988788411, 64.301274883487423 ], [ -15.086297431541382, 64.301276591034338 ], [ -15.086414273836601, 64.3012797357446 ], [ -15.086651596467235, 64.301281211635271 ], [ -15.086836723345831, 64.301212526377782 ], [ -15.087019310766989, 64.301082383175611 ], [ -15.087102280329729, 64.300976570510869 ], [ -15.087261980480138, 64.300848266773187 ], [ -15.087482302277731, 64.300770705551557 ], [ -15.087747344097039, 64.300696802809057 ], [ -15.087978024372356, 64.300638007332381 ], [ -15.088290275637428, 64.300440805781648 ], [ -15.088912418548412, 64.300256156491784 ], [ -15.08940278107166, 64.300244381859301 ], [ -15.089775051448125, 64.300254393273818 ], [ -15.089982548611047, 64.300211787710353 ], [ -15.090117008283283, 64.300181025336215 ], [ -15.090269415350447, 64.300143378717621 ], [ -15.090352770346328, 64.300074408500777 ], [ -15.090306749771509, 64.300027381950756 ], [ -15.090288602948791, 64.300008838403869 ], [ -15.090013548436239, 64.299954786600139 ], [ -15.089729721153599, 64.299922598451602 ], [ -15.089325393473347, 64.299823324096138 ], [ -15.089147858963193, 64.299759615486167 ], [ -15.089122083476497, 64.299702444092091 ], [ -15.089158626529818, 64.299644493279004 ], [ -15.089251904513787, 64.299624901959689 ], [ -15.089401219821678, 64.29964856239566 ], [ -15.08957416736796, 64.299704780631657 ], [ -15.08977064569709, 64.299714975624681 ], [ -15.089892789287656, 64.299691249017627 ], [ -15.090004712125742, 64.299659880766924 ], [ -15.090111052712773, 64.29966765142305 ], [ -15.090191261213194, 64.299653984004934 ], [ -15.090273677539978, 64.299637646335142 ], [ -15.090216441208877, 64.299566415648769 ], [ -15.090196448145049, 64.29954471369696 ], [ -15.090189367397972, 64.299515056483713 ], [ -15.090209356145532, 64.299454204769205 ], [ -15.090279348977363, 64.299399608755309 ], [ -15.090437785925062, 64.29939895773343 ], [ -15.090590641600617, 64.299437445549657 ], [ -15.090715678712288, 64.299472729704263 ], [ -15.09094717683546, 64.299493324169347 ], [ -15.09125604994485, 64.299549486729958 ], [ -15.091269393219948, 64.29955191292477 ], [ -15.091928896449907, 64.299563399336947 ], [ -15.092600805628331, 64.299487844737726 ], [ -15.093425776363734, 64.299447603599646 ], [ -15.093519113554366, 64.299443713930842 ], [ -15.093697211453806, 64.29940429862441 ], [ -15.093876151689521, 64.299339122371734 ], [ -15.09404010731836, 64.299260037816765 ], [ -15.094165672880164, 64.299172555185564 ], [ -15.094323470437544, 64.299096988277739 ], [ -15.094385700908171, 64.299037270911796 ], [ -15.094418718258236, 64.29898413551517 ], [ -15.09443814562982, 64.298907307280714 ], [ -15.094382972960574, 64.298857941914122 ], [ -15.094348272180167, 64.298843504238135 ], [ -15.0942293502297, 64.298851351581533 ], [ -15.093609687817784, 64.299031122752211 ], [ -15.093456406158332, 64.299050367346737 ], [ -15.09332509299888, 64.299059117050604 ], [ -15.093238735553937, 64.298990496614152 ], [ -15.093196749057329, 64.298927979458767 ], [ -15.093189260637201, 64.298861478111277 ], [ -15.093169055044415, 64.298765168329325 ], [ -15.093096754519573, 64.29867728099218 ], [ -15.093011500400991, 64.298640612315936 ], [ -15.092955166368929, 64.298639098562631 ], [ -15.092937973189649, 64.298680381101306 ], [ -15.092927514839467, 64.298753766910338 ], [ -15.092893476819068, 64.298833885786379 ], [ -15.092789689910003, 64.298887574761665 ], [ -15.092590775872701, 64.298894507193523 ], [ -15.092522367046646, 64.298819001924912 ], [ -15.092490603337955, 64.298764125930632 ], [ -15.092393036943806, 64.298734492680396 ], [ -15.092221135761605, 64.298670939221267 ], [ -15.092170380574949, 64.298630286093513 ], [ -15.092054868766789, 64.298607536970849 ], [ -15.091749461973675, 64.298554905085851 ], [ -15.091642128886683, 64.298527687179458 ], [ -15.091650846974169, 64.298466532416597 ], [ -15.091666593252809, 64.298395744317773 ], [ -15.091658759964465, 64.298331689084733 ], [ -15.091625254933071, 64.298289043856144 ], [ -15.091493944831836, 64.298297791907913 ], [ -15.09141902137328, 64.298347344685595 ], [ -15.09133138261519, 64.298367088830844 ], [ -15.091219762144755, 64.298356721433876 ], [ -15.091226737327162, 64.298307797644483 ], [ -15.091278430256393, 64.298262531581727 ], [ -15.091380822783954, 64.298218628445625 ], [ -15.091377281939753, 64.298203799869285 ], [ -15.091339592542774, 64.298190508853054 ], [ -15.09120305143338, 64.298235949488202 ], [ -15.09101725799959, 64.298309532660184 ], [ -15.090866309977525, 64.298376685777228 ], [ -15.090749858926342, 64.298439855135982 ], [ -15.09077912462554, 64.298472564352224 ], [ -15.090894233304132, 64.298458470200089 ], [ -15.09111951449602, 64.298425237796991 ], [ -15.091355766455342, 64.298434044587324 ], [ -15.091403327926345, 64.298457423232591 ], [ -15.091285884775106, 64.298567222065813 ], [ -15.091096601257863, 64.298657860055599 ], [ -15.091027082511813, 64.298676903881741 ], [ -15.090972860601413, 64.29870530176612 ], [ -15.090944579033563, 64.298720113767217 ], [ -15.090833210613441, 64.298767458693547 ], [ -15.090663911685692, 64.298804651504241 ], [ -15.090446405340469, 64.29886264802748 ], [ -15.090452439692191, 64.29889964378998 ], [ -15.090466924235516, 64.29893686676165 ], [ -15.090444991796645, 64.298991527303116 ], [ -15.090342542964141, 64.298996139306254 ], [ -15.090227554415302, 64.298969719451904 ], [ -15.090164513986595, 64.29895574645964 ], [ -15.090068021797377, 64.298938418328262 ] ], [ [ -15.083596318181407, 64.302556893505141 ], [ -15.083358580779986, 64.302534142235814 ], [ -15.083239227609988, 64.302522720077292 ], [ -15.082787056729266, 64.302481073376285 ], [ -15.082439138838966, 64.30246187854587 ], [ -15.082214822554644, 64.3024484685305 ], [ -15.081927442352839, 64.30240143636226 ], [ -15.081766500642489, 64.302379910805811 ], [ -15.081421771064383, 64.302377988526558 ], [ -15.081195008033994, 64.30238170010692 ], [ -15.081093555442799, 64.30233967661448 ], [ -15.081101637309171, 64.302333350310633 ], [ -15.081157240265714, 64.302289825471334 ], [ -15.081203672924399, 64.302241964974144 ], [ -15.081218360343994, 64.302139225995916 ], [ -15.081234796135556, 64.302024256186101 ], [ -15.081363601384743, 64.301954059573561 ], [ -15.081483353744522, 64.301986753671798 ], [ -15.081558112831862, 64.302096814116467 ], [ -15.0816014763267, 64.302149549973578 ], [ -15.081640215429635, 64.30215550501309 ], [ -15.081738092413236, 64.302143408820086 ], [ -15.081723908278917, 64.302044803071027 ], [ -15.081722780136191, 64.30197356059584 ], [ -15.081695969075303, 64.301923726380139 ], [ -15.081631468376678, 64.301860598626689 ], [ -15.081523683715311, 64.301823315954962 ], [ -15.081425807778661, 64.301835412003541 ], [ -15.081061112989937, 64.301933629877482 ], [ -15.080649632654351, 64.302082153338105 ], [ -15.080381410382753, 64.302178058644316 ], [ -15.080185729670044, 64.302280830119997 ], [ -15.079902111778312, 64.302484365747887 ], [ -15.079628358609295, 64.302697989260679 ], [ -15.079446811328401, 64.302860075214113 ], [ -15.079131739975587, 64.302949431915778 ], [ -15.078830408968569, 64.302849971209326 ], [ -15.078628733620064, 64.302766805039383 ], [ -15.078276442090615, 64.302580501725842 ], [ -15.078073510318031, 64.302457160111231 ], [ -15.077872014448724, 64.302363324072886 ], [ -15.077680071808645, 64.302321312970548 ], [ -15.077370897908061, 64.302308062112914 ], [ -15.076852563749298, 64.302294079077129 ], [ -15.076306791944409, 64.302313732277426 ], [ -15.075993829739602, 64.302405967175829 ], [ -15.075722117102288, 64.302565615929112 ], [ -15.075591574336219, 64.302687328809441 ], [ -15.075486780359814, 64.30286621539814 ], [ -15.0754516662751, 64.30299295916781 ], [ -15.075444342163014, 64.303083618862289 ], [ -15.075500014593112, 64.303129322190273 ], [ -15.075592325163903, 64.303195659062567 ], [ -15.075679001924653, 64.303261843831791 ], [ -15.075659359312073, 64.303359537907568 ], [ -15.075583054187867, 64.303497448152712 ], [ -15.075382473288171, 64.30367374981769 ], [ -15.075303714165692, 64.303828782986585 ], [ -15.075184553264048, 64.304107961615415 ], [ -15.0750794009366, 64.304289294081386 ], [ -15.075119953280293, 64.304361601091259 ], [ -15.075215129742046, 64.304486949987663 ], [ -15.075199367792605, 64.304597026833747 ], [ -15.07521423033773, 64.30469074093179 ], [ -15.075355505246876, 64.304770677281184 ], [ -15.075402713816597, 64.304796507316382 ], [ -15.075621380527991, 64.30477048528347 ], [ -15.075876305654372, 64.304728252074412 ], [ -15.07596485864628, 64.304704380289735 ], [ -15.076099874005283, 64.304667983170233 ], [ -15.076224852864376, 64.304624698787578 ], [ -15.076381823809978, 64.304515976188455 ], [ -15.076543345393507, 64.304375453401903 ], [ -15.076821755982284, 64.304208616628202 ], [ -15.077225837773552, 64.303993601771168 ], [ -15.077460282434965, 64.303896790413077 ], [ -15.077686957037404, 64.303775213164201 ], [ -15.077869288952829, 64.303686818066069 ], [ -15.078046335355799, 64.303595824628133 ], [ -15.078217746264647, 64.303504679028919 ], [ -15.078363434312726, 64.303395650408632 ], [ -15.078438010268364, 64.303309259999111 ], [ -15.078578062144508, 64.303200079227324 ], [ -15.078705165301324, 64.303181406253231 ], [ -15.078752409631104, 64.303246525692344 ], [ -15.078676820246161, 64.303379545236538 ], [ -15.078550521216078, 64.303511197346879 ], [ -15.078433005023129, 64.303620985850031 ], [ -15.078408787500463, 64.30371118988144 ], [ -15.078420036196572, 64.303754921379365 ], [ -15.078434229353453, 64.303810099842437 ], [ -15.078478604498475, 64.303816207662095 ], [ -15.07858915738397, 64.30379463281767 ], [ -15.07873379567484, 64.303692942304892 ], [ -15.078916402441909, 64.303523518748037 ], [ -15.079075070155989, 64.303363271956897 ], [ -15.079156677651861, 64.30326724844808 ], [ -15.079512854513851, 64.303070581259135 ], [ -15.079706057758976, 64.302945643328727 ], [ -15.079867626955881, 64.302883697853986 ], [ -15.080233775281361, 64.302814988798261 ], [ -15.080541093728433, 64.302722592927225 ], [ -15.080764285752094, 64.302664763035196 ], [ -15.080985728205983, 64.302619163629714 ], [ -15.081201885484711, 64.302570965890254 ], [ -15.08136065157052, 64.302528588089956 ], [ -15.081552872269455, 64.302489567193604 ], [ -15.081732115494567, 64.302501763749873 ], [ -15.081888472686455, 64.302515799036399 ], [ -15.082310024783734, 64.302573812771357 ], [ -15.082669602841518, 64.302630155780179 ], [ -15.082985856690081, 64.302673052957388 ], [ -15.083308095233852, 64.302713655026437 ], [ -15.083544731097508, 64.302720028323961 ], [ -15.083669113586394, 64.302734583350244 ], [ -15.083817311660439, 64.302751925076763 ], [ -15.084069146257074, 64.302810274064214 ], [ -15.084150863842501, 64.302832119230928 ], [ -15.08418536802014, 64.302828137183084 ], [ -15.084174755377548, 64.302783650914066 ], [ -15.084040828290936, 64.30270114496318 ], [ -15.083899207505928, 64.302614162252198 ], [ -15.083762197569124, 64.302583461116228 ], [ -15.083596318181407, 64.302556893505141 ] ], [ [ -15.111948335454214, 64.302917757365648 ], [ -15.111925322504911, 64.302826651974343 ], [ -15.111884021755703, 64.302763140760561 ], [ -15.111759889631911, 64.302675572396197 ], [ -15.111697110043027, 64.302611486817412 ], [ -15.11153398902522, 64.302494792579722 ], [ -15.111134701404611, 64.302421708307648 ], [ -15.111180409832194, 64.302454134152953 ], [ -15.111322827493423, 64.302514108902614 ], [ -15.111425919023183, 64.302597994720983 ], [ -15.111550049730591, 64.302685563369579 ], [ -15.111674726969863, 64.30281995174694 ], [ -15.111725055847636, 64.302921148614502 ], [ -15.111805998592235, 64.303110533756666 ], [ -15.111812045845594, 64.303219907660903 ], [ -15.111790650038445, 64.303472083893141 ], [ -15.111822145959215, 64.303554055063827 ], [ -15.111850114586169, 64.303660894710177 ], [ -15.111890534743697, 64.303730623058456 ], [ -15.111667458095024, 64.30383387101314 ], [ -15.111572066881475, 64.303796996642475 ], [ -15.111528119649853, 64.30375213667979 ], [ -15.111517958590611, 64.303709723822564 ], [ -15.111510062613975, 64.303676765462072 ], [ -15.111480772366543, 64.303579251427635 ], [ -15.111438044202771, 64.303475137364927 ], [ -15.111283065240221, 64.303402345569424 ], [ -15.111089096251137, 64.303300427773621 ], [ -15.110626681569736, 64.303216293186637 ], [ -15.110514327513011, 64.303197686476778 ], [ -15.110127146649827, 64.303140525214459 ], [ -15.109713736003036, 64.303166910798566 ], [ -15.109567448769536, 64.303184839847503 ], [ -15.109355738752393, 64.303157333475397 ], [ -15.109352526944097, 64.302673592281835 ], [ -15.109340653431165, 64.302554701066811 ], [ -15.109338788073556, 64.302517206882115 ], [ -15.109208929387645, 64.302470047525233 ], [ -15.109019686945214, 64.302486826641768 ], [ -15.108922197521823, 64.302515421690075 ], [ -15.108688230840116, 64.302543485114043 ], [ -15.10816625317128, 64.30242342435885 ], [ -15.108053462682742, 64.302407924300027 ], [ -15.107661540303496, 64.302434878912379 ], [ -15.107344746038081, 64.302438880660077 ], [ -15.107097590324566, 64.302357375789825 ], [ -15.10696852294355, 64.302254068949509 ], [ -15.106854658813358, 64.302144928263289 ], [ -15.105811622425394, 64.301898574660513 ], [ -15.105445506766625, 64.301845084683549 ], [ -15.105214447766636, 64.301751525952852 ], [ -15.105057635592072, 64.301641233305745 ], [ -15.104804125462303, 64.301503387308728 ], [ -15.104611611053617, 64.30144206367676 ], [ -15.104292878047408, 64.301358636148834 ], [ -15.103444350618801, 64.301261012289743 ], [ -15.103243887274159, 64.301255640466081 ], [ -15.10349809113057, 64.301287415320957 ], [ -15.103905384946923, 64.301354495280378 ], [ -15.104215098986469, 64.301400237601641 ], [ -15.104707076850778, 64.301528870994289 ], [ -15.104768512529343, 64.30160228519641 ], [ -15.104960237625045, 64.30171975409354 ], [ -15.105032367386668, 64.301768491644836 ], [ -15.105252198334798, 64.301839907372113 ], [ -15.105521705937589, 64.301915773523433 ], [ -15.105698581668117, 64.301986038108495 ], [ -15.105873597714094, 64.30201880825139 ], [ -15.106125162333747, 64.302069229771959 ], [ -15.106274285061462, 64.302132509714269 ], [ -15.106342349323851, 64.302159295110172 ], [ -15.106432334250854, 64.302183547029458 ], [ -15.106557234689772, 64.302214974449427 ], [ -15.106658890353119, 64.302258260877366 ], [ -15.106736859769573, 64.302316514906579 ], [ -15.106784866169344, 64.302383327804463 ], [ -15.106932763876625, 64.302505861103484 ], [ -15.107153143698053, 64.302624093815481 ], [ -15.107399322108666, 64.302661887290014 ], [ -15.107549677922554, 64.302665911893058 ], [ -15.107764472018877, 64.302671661056635 ], [ -15.108034337909892, 64.302694485617991 ], [ -15.108132368589247, 64.302712711010642 ], [ -15.108197788096776, 64.302758146832943 ], [ -15.108330735651876, 64.302783547246875 ], [ -15.108381737148068, 64.302778671378817 ], [ -15.108482317186668, 64.302728316843002 ], [ -15.108619578489304, 64.302672703099333 ], [ -15.108794944107853, 64.302652432786843 ], [ -15.108936275450963, 64.302618770182974 ], [ -15.109076282749841, 64.302594433096829 ], [ -15.109138073543209, 64.302614808514335 ], [ -15.109186527531477, 64.302678512070003 ], [ -15.109264162706124, 64.302789801694729 ], [ -15.109268334474864, 64.302861681515353 ], [ -15.109252992275071, 64.303020409239508 ], [ -15.109290958520043, 64.303208646412742 ], [ -15.109322787366787, 64.303237581173093 ], [ -15.109506299277955, 64.303261212851481 ], [ -15.109764058286633, 64.30326810834643 ], [ -15.110104649276126, 64.303299061514053 ], [ -15.110311847770696, 64.303307723956308 ], [ -15.110515076664214, 64.303344363108934 ], [ -15.110786818847791, 64.303404676741891 ], [ -15.111031789820119, 64.303501718144588 ], [ -15.111112418155813, 64.303541318489351 ], [ -15.111233024089211, 64.303653755878244 ], [ -15.111248954027827, 64.303677526322303 ], [ -15.111316066444346, 64.30377767011322 ], [ -15.111343151335804, 64.303890726976036 ], [ -15.111387098487008, 64.303935586994982 ], [ -15.111374750657864, 64.304022626644098 ], [ -15.111284418422072, 64.304051414733024 ], [ -15.111064216727597, 64.304033045058446 ], [ -15.110968384591381, 64.303999278849702 ], [ -15.110887314068634, 64.303962786981273 ], [ -15.110819578707613, 64.303882966751175 ], [ -15.11078632117021, 64.303813429589951 ], [ -15.110734670929062, 64.303721558062037 ], [ -15.110701413802371, 64.303652020882211 ], [ -15.110458750703751, 64.303589364539818 ], [ -15.11022908545176, 64.303536416484462 ], [ -15.110024532098466, 64.303509102596209 ], [ -15.109815024938266, 64.303466054117862 ], [ -15.109692320957755, 64.303419086721362 ], [ -15.109570940964637, 64.303362793561817 ], [ -15.109374431971075, 64.303329453198572 ], [ -15.109460452601411, 64.303381680222543 ], [ -15.109584920771781, 64.303416213600997 ], [ -15.109706301029822, 64.303472506749102 ], [ -15.109794087405326, 64.303512299361614 ], [ -15.109845632629883, 64.303554242824077 ], [ -15.110034983745811, 64.303587391030277 ], [ -15.110206384080589, 64.303595096009019 ], [ -15.110332177478556, 64.303620303083463 ], [ -15.110359206007857, 64.30362818964781 ], [ -15.110532321119932, 64.30367870210236 ], [ -15.11057141471006, 64.303757756485737 ], [ -15.1104568530007, 64.30375469251274 ], [ -15.110237536479801, 64.303730104476315 ], [ -15.109883943293113, 64.303689442897635 ], [ -15.109786891668634, 64.303714929973097 ], [ -15.109762764358603, 64.303733006692951 ], [ -15.109726522704868, 64.303735157566081 ], [ -15.109038612702895, 64.303669948540872 ], [ -15.108818415572271, 64.303651575470596 ], [ -15.108537849076422, 64.303653429167426 ], [ -15.10833957392655, 64.303632521607696 ], [ -15.108178423394936, 64.303603246201206 ], [ -15.108122810080365, 64.303539350690073 ], [ -15.108157972089696, 64.303443560517138 ], [ -15.108317060251482, 64.303335484949571 ], [ -15.108498167354796, 64.303274803850442 ], [ -15.108532886411565, 64.303182122138807 ], [ -15.108473004413851, 64.302996418523776 ], [ -15.107944937971963, 64.302969805065246 ], [ -15.107586943909649, 64.302960223393384 ], [ -15.107213790679049, 64.30296558289885 ], [ -15.106773750911, 64.303119436213208 ], [ -15.106394561161119, 64.303259061756393 ], [ -15.106119833726492, 64.3032704281257 ], [ -15.105733196603445, 64.30326007503561 ], [ -15.10527672708494, 64.303235369216281 ], [ -15.10522670061712, 64.303283955316374 ], [ -15.10524650685427, 64.303346893150135 ], [ -15.10525923217649, 64.303358992339298 ], [ -15.105347816266386, 64.303443217437334 ], [ -15.105532396680443, 64.303560493844287 ], [ -15.105843021555524, 64.30360001562785 ], [ -15.106155413646359, 64.303627102576996 ], [ -15.106534991502834, 64.303687191252635 ], [ -15.106818060692303, 64.303776988991416 ], [ -15.107374970003702, 64.303946824852503 ], [ -15.107543281839124, 64.303976292793479 ], [ -15.107824390897955, 64.304021260865454 ], [ -15.108317460603745, 64.303990771236116 ], [ -15.10864859294821, 64.303987150552388 ], [ -15.108978842673224, 64.303989746218903 ], [ -15.109448765977069, 64.304021040641857 ], [ -15.10968868227264, 64.304052421592573 ], [ -15.109881226335158, 64.304113738522943 ], [ -15.110200890585714, 64.304190936722932 ], [ -15.110704076467849, 64.30429176439219 ], [ -15.110841988725049, 64.304332896789532 ], [ -15.111119578601624, 64.30440272695995 ], [ -15.111457098252355, 64.304455436874079 ], [ -15.111738218631046, 64.304500397391763 ], [ -15.111971968632988, 64.304575294422918 ], [ -15.112022196387841, 64.304626562800578 ], [ -15.111979445043048, 64.304725271049477 ], [ -15.112103462971637, 64.304965733003414 ], [ -15.112068206586995, 64.305041198626057 ], [ -15.112090340652713, 64.305108918243832 ], [ -15.112303056232056, 64.305180131921503 ], [ -15.112688947803772, 64.305246613095719 ], [ -15.112820589015291, 64.305281335104112 ], [ -15.113095548589, 64.305369812893801 ], [ -15.113178937815388, 64.305440689115116 ], [ -15.113265520810989, 64.305539733736666 ], [ -15.11330242091236, 64.305634330222219 ], [ -15.113303077258971, 64.305731078462685 ], [ -15.11331772193906, 64.305881246394023 ], [ -15.113351870001139, 64.305944565856791 ], [ -15.113321443032785, 64.306103678242565 ], [ -15.113382541627557, 64.306188669291942 ], [ -15.113607048235897, 64.306281996331506 ], [ -15.113871358042667, 64.306352569867514 ], [ -15.114061955577601, 64.306298120816209 ], [ -15.114338600311639, 64.306281695381273 ], [ -15.114587033656328, 64.306311018984729 ], [ -15.114860217098133, 64.306343263381805 ], [ -15.115027129782435, 64.306391385771931 ], [ -15.115208338436151, 64.306467675852687 ], [ -15.115358154538209, 64.306507402304518 ], [ -15.115496059337646, 64.306566657634747 ], [ -15.115476301161399, 64.306641549185315 ], [ -15.115455421948408, 64.30672434966479 ], [ -15.115417444460373, 64.306798754608849 ], [ -15.115447859564346, 64.306906741681075 ], [ -15.115597393579884, 64.306819438389525 ], [ -15.115606435567749, 64.306811892822225 ], [ -15.115721839777223, 64.306715587233299 ], [ -15.115766684146932, 64.306657243357165 ], [ -15.115850207870645, 64.306584054702057 ], [ -15.116093378298196, 64.30661275163709 ], [ -15.11627218963778, 64.30663898712649 ], [ -15.116358657788895, 64.306609540583437 ], [ -15.116363140440619, 64.306577904831158 ], [ -15.116352205804775, 64.30652601024866 ], [ -15.11633324372897, 64.306507550442802 ], [ -15.116255780220147, 64.306432138514182 ], [ -15.116288567882544, 64.306329808825765 ], [ -15.116509290119621, 64.306256313966017 ], [ -15.116856712248119, 64.306321162219348 ], [ -15.117315422444422, 64.306504093952682 ], [ -15.11741882498694, 64.306541157474072 ], [ -15.117506868025272, 64.306572715410837 ], [ -15.117783808411907, 64.306683312922758 ], [ -15.117992355316618, 64.306760328998607 ], [ -15.117801431341157, 64.306834066654872 ], [ -15.117167578443782, 64.306964084664401 ], [ -15.117181103054412, 64.307013425109218 ], [ -15.11751100997906, 64.307037816291924 ], [ -15.117907487280961, 64.306990514523761 ], [ -15.118213482878071, 64.306894043867473 ], [ -15.118315188115709, 64.306827741912045 ], [ -15.118320296428536, 64.30674500477383 ], [ -15.118451071476283, 64.306785938856862 ], [ -15.118579088192805, 64.306795595907715 ], [ -15.118599259226531, 64.306789356308272 ], [ -15.118736951793554, 64.306746763077328 ], [ -15.11878343906084, 64.306723040979833 ], [ -15.119004988029445, 64.306732073236745 ], [ -15.119009507927879, 64.306750915813012 ], [ -15.119157365326979, 64.306823508328748 ], [ -15.119186127677338, 64.306874201021685 ], [ -15.119297741060482, 64.30694894661454 ], [ -15.11942135752545, 64.306989688760225 ], [ -15.119613648353871, 64.307011154504906 ], [ -15.119808731664854, 64.307096753726498 ], [ -15.120027763612573, 64.307174364341179 ], [ -15.120226633672752, 64.307242075806784 ], [ -15.120360174730008, 64.30731428506158 ], [ -15.12045382989646, 64.307363588032473 ], [ -15.12052016091822, 64.307402801158574 ], [ -15.120822369781482, 64.307451425752575 ], [ -15.120978473316072, 64.307415024842939 ], [ -15.121089287993428, 64.307343092445464 ], [ -15.121093565518025, 64.307262078152888 ], [ -15.12104275418141, 64.307163993081844 ], [ -15.121042070514239, 64.307067244867042 ], [ -15.121070030928065, 64.30697126057288 ], [ -15.121198807148017, 64.306924769741997 ], [ -15.121343347066471, 64.306919263361678 ], [ -15.12146916592987, 64.306944460820503 ], [ -15.121545420533108, 64.307015141298308 ], [ -15.121532101000025, 64.307058470606307 ], [ -15.121482536244187, 64.307103953712854 ], [ -15.121441190575492, 64.307201647923577 ], [ -15.121504387512186, 64.307254311793244 ], [ -15.121626249082263, 64.307307486429224 ], [ -15.12168981932467, 64.307315422164109 ], [ -15.121754269348987, 64.307317140689207 ], [ -15.121931977679411, 64.307331239995094 ], [ -15.122182177087321, 64.307341031163631 ], [ -15.122327158808794, 64.30733241521439 ], [ -15.12244733646175, 64.307264199488131 ], [ -15.122674161283127, 64.307216853295458 ], [ -15.123004765493747, 64.307166380157227 ], [ -15.1232978043482, 64.307127386307329 ], [ -15.123573316132935, 64.307059841932229 ], [ -15.123847947301227, 64.306998514230756 ], [ -15.124120067108967, 64.307005765998838 ], [ -15.124418761446474, 64.307079251913038 ], [ -15.124701598349668, 64.307165503467303 ], [ -15.125038077759754, 64.307223685657917 ], [ -15.125354175446171, 64.307275791015499 ], [ -15.125577179465433, 64.307325415867282 ], [ -15.125809673052268, 64.307409616506561 ], [ -15.125874254206751, 64.307461261607173 ], [ -15.125943799793685, 64.307528640437596 ], [ -15.126128803964257, 64.307592853761022 ], [ -15.12619061867175, 64.307613221948529 ], [ -15.126440514505326, 64.307676042804957 ], [ -15.12652029866145, 64.30772185183919 ], [ -15.126582685224021, 64.307789039654295 ], [ -15.126652365450024, 64.307906346547639 ], [ -15.126856968124452, 64.307933637084716 ], [ -15.127019788413547, 64.307900528999383 ], [ -15.127097160154793, 64.307859669848213 ], [ -15.1271829145418, 64.307814383725528 ], [ -15.127308915595572, 64.307736610735276 ], [ -15.127336415526146, 64.307643733841729 ], [ -15.127198901171448, 64.307599508450451 ], [ -15.127047943386808, 64.307548684345292 ], [ -15.127065207913398, 64.307477377067698 ], [ -15.1274372742953, 64.30741302021552 ], [ -15.12753568896426, 64.307352610719789 ], [ -15.127819097907668, 64.307229103358878 ], [ -15.127973738928073, 64.307152092383532 ], [ -15.128014810186851, 64.307123834377862 ], [ -15.128109091538384, 64.307058966295486 ], [ -15.128436947050043, 64.306824310297046 ], [ -15.128566756282112, 64.306668630330705 ], [ -15.128151384124605, 64.306810468113596 ], [ -15.127835957572417, 64.307008010804324 ], [ -15.127777854257936, 64.307038244819736 ], [ -15.127641997889715, 64.307108937227156 ], [ -15.127333458779367, 64.307206812696649 ], [ -15.127120208718488, 64.307291623371498 ], [ -15.12679633242316, 64.307345405156951 ], [ -15.126717559705504, 64.307343307460783 ], [ -15.126629165193783, 64.307256705249827 ], [ -15.126575258815036, 64.307180382349401 ], [ -15.126562737511122, 64.307014672713308 ], [ -15.126574159873787, 64.306933848970999 ], [ -15.126559134666691, 64.306836719366089 ], [ -15.126464899276964, 64.306740600532919 ], [ -15.126308236071104, 64.306730187530334 ], [ -15.126110934977438, 64.306753015352285 ], [ -15.125913942227868, 64.306722805907256 ], [ -15.12597285684906, 64.306661969014272 ], [ -15.126053693454979, 64.306598595698233 ], [ -15.126214849511484, 64.306555758469969 ], [ -15.126318825351317, 64.306502687228388 ], [ -15.126733895238642, 64.30641389167576 ], [ -15.126300725883958, 64.306427317831947 ], [ -15.125992058792253, 64.306475262059621 ], [ -15.125983914849135, 64.306473562326047 ], [ -15.125615036311526, 64.306396572480466 ], [ -15.125492668991027, 64.306298711249212 ], [ -15.125485880232278, 64.30629328202879 ], [ -15.125466904321984, 64.306224129733934 ], [ -15.125266761178027, 64.306012857448835 ], [ -15.124926301069411, 64.305878974352652 ], [ -15.124471272715445, 64.305742037514463 ], [ -15.124203412495778, 64.305722592509454 ], [ -15.12372423329963, 64.305687805748278 ], [ -15.123486924561591, 64.305637796344797 ], [ -15.122902197518847, 64.305706458425519 ], [ -15.122863126571609, 64.305830229518307 ], [ -15.122652511882571, 64.305896382078075 ], [ -15.122504774746952, 64.305873721511986 ], [ -15.122416713682806, 64.305734079764818 ], [ -15.122402583390942, 64.305630732554334 ], [ -15.122147753763777, 64.305552170893151 ], [ -15.121757559711387, 64.305566729085939 ], [ -15.121509258819986, 64.305594431225501 ], [ -15.121242114841998, 64.30560290849597 ], [ -15.121678644757063, 64.305418549691794 ], [ -15.121777229404502, 64.305376914111562 ], [ -15.12163858043912, 64.305412188209417 ], [ -15.121277673600314, 64.305504006553591 ], [ -15.120901922645213, 64.30556887278702 ], [ -15.120632457764163, 64.305542963482935 ], [ -15.120528567985378, 64.305515229736201 ], [ -15.120296986665332, 64.305424803505204 ], [ -15.120039964802656, 64.305361781087569 ], [ -15.119758919013405, 64.305274682097348 ], [ -15.119654374559371, 64.305242282412891 ], [ -15.119477442116334, 64.305172034766272 ], [ -15.119342034608701, 64.305062330650159 ], [ -15.11935787848839, 64.304950421653601 ], [ -15.119423845397925, 64.304839850086339 ], [ -15.119387924302339, 64.304788966385956 ], [ -15.119199670834758, 64.304849469964367 ], [ -15.119098899179477, 64.305002797284175 ], [ -15.119099575945045, 64.305099545493718 ], [ -15.119094734425158, 64.305133739901194 ], [ -15.119158417322767, 64.305191605136272 ], [ -15.119406954691682, 64.305263763798678 ], [ -15.119459654433223, 64.305299250714455 ], [ -15.119571005820266, 64.30537423207079 ], [ -15.11961740773368, 64.305503403484337 ], [ -15.119605525390311, 64.305587335256334 ], [ -15.119501434478359, 64.305662566156116 ], [ -15.119333658326905, 64.305679931849028 ], [ -15.119012072265201, 64.305565259622014 ], [ -15.118850340965588, 64.305489176207303 ], [ -15.11864432640537, 64.305421271772417 ], [ -15.118345988857897, 64.305294737045685 ], [ -15.118054660024315, 64.305158344504719 ], [ -15.117773677021273, 64.305123444511594 ], [ -15.117546626698726, 64.305051856521473 ], [ -15.117459149150207, 64.304959031604113 ], [ -15.117155978203565, 64.30486668879584 ], [ -15.117365527877041, 64.305112548882192 ], [ -15.117475252484635, 64.305149801773624 ], [ -15.117455322550338, 64.305239759366984 ], [ -15.117259020474664, 64.305306286436391 ], [ -15.117075063218394, 64.305350241428741 ], [ -15.117035836654061, 64.305359614228095 ], [ -15.116945505956254, 64.305388405831593 ], [ -15.116804170175229, 64.305422076216075 ], [ -15.116676160490313, 64.305412417605879 ], [ -15.116600477075243, 64.305388554410911 ], [ -15.11653007898685, 64.305327388279252 ], [ -15.116466060741546, 64.305119736698344 ], [ -15.116551645757838, 64.304972245946814 ], [ -15.116574775121752, 64.304910456852625 ], [ -15.116647017750962, 64.304603472731614 ], [ -15.116465266082297, 64.304770237914269 ], [ -15.116386287862282, 64.304871099999261 ], [ -15.116238686510016, 64.305101183641625 ], [ -15.116134475291643, 64.305126483733289 ], [ -15.11609206559484, 64.305172156220507 ], [ -15.116063976810608, 64.305218211147093 ], [ -15.11604482499296, 64.305238238403064 ], [ -15.115915367766975, 64.305201761043818 ], [ -15.115752325643095, 64.305134999909072 ], [ -15.115516246047283, 64.305025723402935 ], [ -15.115117863735829, 64.304875415595887 ], [ -15.11501908649741, 64.304831463977521 ], [ -15.114906171557642, 64.304766040826181 ], [ -15.114791054060017, 64.304716160434509 ], [ -15.114455728083271, 64.304647915405411 ], [ -15.114110267802843, 64.304651166652803 ], [ -15.113898210053415, 64.304676703848244 ], [ -15.113674916377777, 64.304680098087545 ], [ -15.113597366273483, 64.304618739198219 ], [ -15.113595827412556, 64.304528208098304 ], [ -15.11361257591072, 64.304410082600228 ], [ -15.113679005406807, 64.30429640507451 ], [ -15.11370016074963, 64.30414719390933 ], [ -15.113608338002177, 64.304042353832685 ], [ -15.113582627758602, 64.304012998600996 ], [ -15.11353548345885, 64.303939970805999 ], [ -15.113512356238283, 64.303798937262883 ], [ -15.113542984123024, 64.303684303045443 ], [ -15.113562044269669, 64.303600563128668 ], [ -15.113506859173373, 64.303533561108722 ], [ -15.113433162711132, 64.303597118799786 ], [ -15.113421703039064, 64.303677941490207 ], [ -15.113356596275533, 64.30378229319895 ], [ -15.113264170714082, 64.303876553735861 ], [ -15.113195429003563, 64.303955845494144 ], [ -15.113144974446703, 64.304007542881237 ], [ -15.113013779743355, 64.303969712605451 ], [ -15.112841828526653, 64.303915191097587 ], [ -15.11269276956245, 64.303812362212099 ], [ -15.112691251789006, 64.303811315165675 ], [ -15.112380508576454, 64.303721879594278 ], [ -15.112210323750274, 64.303654923094228 ], [ -15.112138617187076, 64.303603080531374 ], [ -15.111994006893468, 64.303355827234711 ], [ -15.111979706362064, 64.303152622242436 ], [ -15.11195614688612, 64.303014697020757 ], [ -15.111948335454214, 64.302917757365648 ] ], [ [ -15.115172553453162, 64.311703306055463 ], [ -15.115462873112861, 64.311684308102855 ], [ -15.115750353288965, 64.311540396980973 ], [ -15.115660288967632, 64.311306152341203 ], [ -15.115328720882554, 64.311181378393712 ], [ -15.114691413561426, 64.311039520934202 ], [ -15.114249649170933, 64.310822631749573 ], [ -15.113724456074118, 64.310469758201961 ], [ -15.11353869011427, 64.310331041089626 ], [ -15.113266022030883, 64.310225669432185 ], [ -15.112807901594749, 64.310124258388811 ], [ -15.112356388542416, 64.310121108763767 ], [ -15.112162112273619, 64.310187251896295 ], [ -15.112507819413501, 64.310356996319399 ], [ -15.112849445030692, 64.310410710553015 ], [ -15.113125893209991, 64.310489433186291 ], [ -15.113101001008342, 64.310809777726348 ], [ -15.113013447799995, 64.311137364884061 ], [ -15.113195436669494, 64.311302732483 ], [ -15.113605085148748, 64.311456348351598 ], [ -15.114097866632415, 64.31160326676202 ], [ -15.114637885586042, 64.311706860424053 ], [ -15.115172553453162, 64.311703306055463 ] ], [ [ -15.088256714553802, 64.309797725029881 ], [ -15.088102905421492, 64.310016940435034 ], [ -15.088002346182694, 64.310120594031389 ], [ -15.0878857998506, 64.310250407119909 ], [ -15.087869918316537, 64.310361655931985 ], [ -15.087873804488103, 64.31042025737294 ], [ -15.087854792926274, 64.310467607180783 ], [ -15.087725934838533, 64.310512002634582 ], [ -15.087600857953348, 64.310529910168896 ], [ -15.087488742424259, 64.310542848321646 ], [ -15.087508614720322, 64.310575290255173 ], [ -15.087589513072837, 64.310609373585564 ], [ -15.087646001189411, 64.310642800327898 ], [ -15.087616296490634, 64.310679226709524 ], [ -15.087531719983005, 64.310756720453512 ], [ -15.087451681159843, 64.310802428786133 ], [ -15.087296141065769, 64.310862059961892 ], [ -15.087389245327635, 64.310896471705618 ], [ -15.087517349417519, 64.310857374109318 ], [ -15.087641567402082, 64.310759674951768 ], [ -15.087747528886149, 64.310704027921531 ], [ -15.087852733662615, 64.310653678376909 ], [ -15.087903067103415, 64.310644396264394 ], [ -15.087971760911715, 64.310678151131043 ], [ -15.087957392001586, 64.310778804829695 ], [ -15.088001024602248, 64.310902290006879 ], [ -15.0880256459091, 64.311073125004214 ], [ -15.087995395430031, 64.311285027544002 ], [ -15.087900986379394, 64.31143138983083 ], [ -15.087904221418745, 64.31158037809864 ], [ -15.087970753874664, 64.311715114918314 ], [ -15.088082979462719, 64.311787265654743 ], [ -15.088375917126617, 64.311795143024526 ], [ -15.088442239197304, 64.311759701107476 ], [ -15.088590113175904, 64.311667955110551 ], [ -15.088587630561744, 64.311513669290449 ], [ -15.088598216769959, 64.311439503357661 ], [ -15.088538487372698, 64.311257088730926 ], [ -15.088489558611357, 64.311170686673577 ], [ -15.088447435733238, 64.311036606509006 ], [ -15.088459534474973, 64.310951845457396 ], [ -15.088464827650972, 64.310914762497177 ], [ -15.088480057656247, 64.310893900437378 ], [ -15.088486863115586, 64.310846222344864 ], [ -15.088479194770859, 64.310814108747465 ], [ -15.08839602617995, 64.310795918606857 ], [ -15.08832592542165, 64.310857848325554 ], [ -15.088205384647496, 64.31084397098931 ], [ -15.088151164109307, 64.310794651771204 ], [ -15.088167906727232, 64.310763194616058 ], [ -15.088222777517979, 64.310722127008034 ], [ -15.08822655855634, 64.31069563918588 ], [ -15.088315776252699, 64.310671448904102 ], [ -15.088404993791745, 64.310647258567698 ], [ -15.088571979325788, 64.310593251970332 ], [ -15.08862684917192, 64.310552184210593 ], [ -15.088753330120147, 64.310438591407674 ], [ -15.088799018615534, 64.310376005135183 ], [ -15.088806471742613, 64.310237940210172 ], [ -15.088789622495291, 64.310184308185868 ], [ -15.088671245450847, 64.310069449283304 ], [ -15.088590347346525, 64.310035366555084 ], [ -15.088476615312565, 64.30997381134938 ], [ -15.088485688956812, 64.309910240563681 ], [ -15.088551143267301, 64.309795006917597 ], [ -15.088652455336867, 64.309686055378464 ], [ -15.088740805767825, 64.309582073156136 ], [ -15.08883682391011, 64.309510204456885 ], [ -15.088909944235061, 64.309427084228162 ], [ -15.088941157927085, 64.309380062450629 ], [ -15.089015033605376, 64.309291644602283 ], [ -15.089127143302584, 64.309278705275787 ], [ -15.089273061261698, 64.309458119045374 ], [ -15.08919270234043, 64.309248560591868 ], [ -15.089210954773298, 64.309206508182456 ], [ -15.089396937975918, 64.309105150664337 ], [ -15.089548573984157, 64.308986915862093 ], [ -15.089532479960832, 64.30892798635783 ], [ -15.089445536776319, 64.308936284671617 ], [ -15.089248106338401, 64.309032016543597 ], [ -15.089140642381615, 64.309098259796116 ], [ -15.088979067463393, 64.30920027331068 ], [ -15.08885108106089, 64.309324461434002 ], [ -15.088647597032084, 64.309462573032107 ], [ -15.088465495961223, 64.309622531017752 ], [ -15.088256714553802, 64.309797725029881 ] ], [ [ -15.061619452422352, 64.308554826838389 ], [ -15.061767234487069, 64.308519876895502 ], [ -15.062012480977364, 64.308464107061411 ], [ -15.062208046235616, 64.308403871297372 ], [ -15.062398236120238, 64.308331007764423 ], [ -15.062612156317376, 64.308293111924101 ], [ -15.062748214467085, 64.308296795082569 ], [ -15.06303556219811, 64.308348260293499 ], [ -15.063073616130481, 64.308383615824411 ], [ -15.063074955740642, 64.308374290586386 ], [ -15.063093312935827, 64.308396630967081 ], [ -15.063277712516031, 64.308414104084761 ], [ -15.063607152912919, 64.3085228763495 ], [ -15.063760694894469, 64.308605044139227 ], [ -15.064099514444877, 64.308648538579675 ], [ -15.06421275214195, 64.308660964273869 ], [ -15.064498729321873, 64.308621894978444 ], [ -15.064682238593063, 64.308645583152227 ], [ -15.064882768020691, 64.308700936505105 ], [ -15.064934254331122, 64.308742895870992 ], [ -15.065014851444381, 64.308832450180745 ], [ -15.065130808452075, 64.308926081519616 ], [ -15.065200208566434, 64.308993489333787 ], [ -15.06528796846303, 64.309083237220349 ], [ -15.065447340972945, 64.309174922216158 ], [ -15.065832282621136, 64.309247744401816 ], [ -15.066006383171855, 64.309236850882428 ], [ -15.066235096216142, 64.309246157105747 ], [ -15.066339837570494, 64.309267712738333 ], [ -15.066491138465111, 64.309315491331361 ], [ -15.066770942723844, 64.30946972081 ], [ -15.069581161917991, 64.310076166507415 ], [ -15.070132624552462, 64.310140994260536 ], [ -15.07042894988183, 64.310180204635259 ], [ -15.070555242633125, 64.310302194522961 ], [ -15.070576817373322, 64.310452560230232 ], [ -15.070468591853597, 64.310605660450051 ], [ -15.070344258814002, 64.310770807386604 ], [ -15.070273710749447, 64.31106222641202 ], [ -15.070322266912278, 64.311425513584723 ], [ -15.070398461633088, 64.311596077731338 ], [ -15.070507762464617, 64.311736331344477 ], [ -15.070755846120045, 64.31191153838104 ], [ -15.070719235802905, 64.312066573319314 ], [ -15.070409576219298, 64.312220473501228 ], [ -15.070648748746139, 64.31245784944646 ], [ -15.070844952443458, 64.312694064314996 ], [ -15.071519087328205, 64.312706030089828 ], [ -15.071991725451086, 64.312618937876806 ], [ -15.072621927460171, 64.312536098172444 ], [ -15.072901970285372, 64.312287779890468 ], [ -15.072994151797765, 64.312246581825278 ], [ -15.07300388331352, 64.31207833916875 ], [ -15.072745914842535, 64.311871664817815 ], [ -15.072376099666634, 64.311743102312718 ], [ -15.071868397344248, 64.311573369677362 ], [ -15.071633742066515, 64.311404768240138 ], [ -15.071461731547485, 64.311200412522027 ], [ -15.071527811147396, 64.310940077309695 ], [ -15.071594844507386, 64.310773382075013 ], [ -15.071541880147473, 64.310541036613699 ], [ -15.071564096970185, 64.310285757780036 ], [ -15.071536278457145, 64.310178910366673 ], [ -15.071442255987471, 64.310132684380434 ], [ -15.071260513485996, 64.310096570969705 ], [ -15.071007156715268, 64.310058522939627 ], [ -15.07039121088798, 64.30994202883231 ], [ -15.06828832433736, 64.309666768722266 ], [ -15.06805375826889, 64.309598018414775 ], [ -15.067440499509296, 64.309437897044944 ], [ -15.067102063570328, 64.309291445076184 ], [ -15.066871072645212, 64.309197825464111 ], [ -15.066598900728668, 64.309090609850969 ], [ -15.066405526166369, 64.30903545252697 ], [ -15.066081466711971, 64.308989242395356 ], [ -15.065678614616621, 64.308890972395531 ], [ -15.065435987363461, 64.308778312579065 ], [ -15.065280187529723, 64.308661760217461 ], [ -15.065067993347308, 64.308537440999118 ], [ -15.064754654383391, 64.308416625865263 ], [ -15.0644941421795, 64.308328444328012 ], [ -15.0641566651936, 64.308275625558764 ], [ -15.063829904272927, 64.30814820404936 ], [ -15.063570290539646, 64.308053804031374 ], [ -15.062992921082536, 64.307969525629062 ], [ -15.062384232145835, 64.30790311994437 ], [ -15.062022616543386, 64.307918293529383 ], [ -15.061778282339715, 64.308017774993772 ], [ -15.06160287518235, 64.308137845548003 ], [ -15.061305717405659, 64.308204690902926 ], [ -15.060924414054478, 64.308256774810616 ], [ -15.061619452422352, 64.308554826838389 ] ], [ [ -15.129027135141477, 64.311359289652017 ], [ -15.12871761596266, 64.311368886555854 ], [ -15.128070578737658, 64.311440834008479 ], [ -15.126809517235705, 64.311496431372632 ], [ -15.126120281425276, 64.311576163642613 ], [ -15.125271070314726, 64.311624881285198 ], [ -15.124847535799466, 64.31156901530295 ], [ -15.124517179069215, 64.311435378901308 ], [ -15.124366895348636, 64.311190620452322 ], [ -15.123992569450845, 64.31136790066914 ], [ -15.123912320371375, 64.311499515052887 ], [ -15.123910170560046, 64.311659960932573 ], [ -15.124017897322025, 64.311769833388013 ], [ -15.124399607538809, 64.311976173735346 ], [ -15.124810952932219, 64.312263553885131 ], [ -15.12467218099861, 64.312518445410745 ], [ -15.12450252095171, 64.312701179317642 ], [ -15.124599313889949, 64.313033680832064 ], [ -15.125223787125028, 64.313121649535987 ], [ -15.125621481556472, 64.313069823661309 ], [ -15.126323314267557, 64.312901259903882 ], [ -15.127229821166559, 64.312738141823417 ], [ -15.127783337114879, 64.312601290287049 ], [ -15.128292145943123, 64.312489997373476 ], [ -15.128333951087766, 64.31233952429875 ], [ -15.128275926539921, 64.312168560725837 ], [ -15.128380389678895, 64.312010838460182 ], [ -15.129172832697845, 64.31178225606844 ], [ -15.129851633981733, 64.311630897521326 ], [ -15.130037955605339, 64.311475352141059 ], [ -15.129903465782142, 64.311409356697183 ], [ -15.129417268559337, 64.31136075385777 ], [ -15.129027135141477, 64.311359289652017 ] ], [ [ -15.068053299363919, 64.317934315039309 ], [ -15.068261261030385, 64.317630800677222 ], [ -15.068291856168063, 64.317417611494491 ], [ -15.06798472490307, 64.317266634275825 ], [ -15.067783372445781, 64.317142294763045 ], [ -15.067472846974017, 64.317015004142675 ], [ -15.067332886235018, 64.316844764097794 ], [ -15.067111137629942, 64.316862549640618 ], [ -15.066787192304155, 64.317210486309264 ], [ -15.066705398321966, 64.317398511808534 ], [ -15.066497421201959, 64.317702023944761 ], [ -15.0664668118013, 64.317915212754698 ], [ -15.066439603045744, 64.318104713916284 ], [ -15.066705748975684, 64.318159468077909 ], [ -15.067019684482943, 64.31826307268453 ], [ -15.067118662586566, 64.318337086838724 ], [ -15.067500792911625, 64.318347415316993 ], [ -15.06766292249376, 64.318218460383676 ], [ -15.067829074826621, 64.31814104985996 ], [ -15.068053299363919, 64.317934315039309 ] ], [ [ -15.131341260682724, 64.317559226802459 ], [ -15.131538630419534, 64.317307087522778 ], [ -15.131786425483289, 64.317079687475712 ], [ -15.132013406603413, 64.316617745860697 ], [ -15.132170207763926, 64.316270932416316 ], [ -15.132209696861176, 64.315991196721811 ], [ -15.132031024114699, 64.315729060103536 ], [ -15.131533343754102, 64.315435042649099 ], [ -15.130981957683627, 64.315139595027134 ], [ -15.130155420059069, 64.314883624164267 ], [ -15.128848753925272, 64.314591474750202 ], [ -15.127904940886788, 64.314402566229873 ], [ -15.126840531860559, 64.314304036362174 ], [ -15.126239785669849, 64.314358238563216 ], [ -15.12814057488929, 64.314642826212307 ], [ -15.129124940664394, 64.314926407328969 ], [ -15.130156458507923, 64.31525803311537 ], [ -15.130758263336606, 64.315578223713359 ], [ -15.131198928598236, 64.315894126711711 ], [ -15.131233950403665, 64.316409831795411 ], [ -15.131244878549037, 64.316714306915941 ], [ -15.13112861621431, 64.31715579295161 ], [ -15.130800757541138, 64.317568253581882 ], [ -15.130161474382737, 64.318276616336846 ], [ -15.129548504968904, 64.318798486302356 ], [ -15.128613165601205, 64.319311777921698 ], [ -15.127915756625805, 64.319667603686042 ], [ -15.1273795068096, 64.320027715645807 ], [ -15.12744741526245, 64.320310309720881 ], [ -15.12754168706565, 64.320406414094037 ], [ -15.127793844644028, 64.32053011868571 ], [ -15.128593158060857, 64.320598183813672 ], [ -15.12733203979305, 64.321269519277749 ], [ -15.129830923781384, 64.321523189494997 ], [ -15.130996496984892, 64.321671177130057 ], [ -15.1323166886776, 64.321870062138984 ], [ -15.133123712909667, 64.322265888892673 ], [ -15.134270693140319, 64.322641492821731 ], [ -15.135189075163058, 64.323204055853495 ], [ -15.136128326981801, 64.323714519096171 ], [ -15.136921770592439, 64.324303000636846 ], [ -15.137485195056644, 64.324610438200011 ], [ -15.138286047993613, 64.324859826881806 ], [ -15.13959494666782, 64.325140236095393 ], [ -15.140468753898357, 64.325350599300506 ], [ -15.141008882893949, 64.325440966809779 ], [ -15.141851659204072, 64.325393114002111 ], [ -15.142193781649048, 64.325261791213975 ], [ -15.142570674545608, 64.324979298565935 ], [ -15.143059134305718, 64.324670513594128 ], [ -15.143435400115987, 64.324200814177914 ], [ -15.144512240240676, 64.323351900267284 ], [ -15.146014260467949, 64.322642932292311 ], [ -15.147099474021719, 64.321829322528657 ], [ -15.148427748150658, 64.320437179051439 ], [ -15.149773574644797, 64.319302873951685 ], [ -15.149681453016967, 64.318279681343682 ], [ -15.148373011570365, 64.319531965979252 ], [ -15.147066459822105, 64.32038651836082 ], [ -15.144788619436017, 64.322010882455487 ], [ -15.144024494705233, 64.322458608381709 ], [ -15.143538851996716, 64.322843515124191 ], [ -15.142828416622157, 64.323292658646608 ], [ -15.141916156428584, 64.323642854893507 ], [ -15.141201200139841, 64.323740892960174 ], [ -15.140173690081788, 64.32376044278719 ], [ -15.139323807815554, 64.323667704296511 ], [ -15.138177824167737, 64.323379914530449 ], [ -15.137414564869504, 64.323055476169657 ], [ -15.136791663106749, 64.322500772348349 ], [ -15.13609861589984, 64.32206119633193 ], [ -15.135661083605173, 64.321721996628085 ], [ -15.135374882578969, 64.321457010452903 ], [ -15.134962453464466, 64.321226693979284 ], [ -15.134460393354336, 64.32105834182687 ], [ -15.133771797923368, 64.320969852485405 ], [ -15.132979042146417, 64.320855193099604 ], [ -15.132236729134831, 64.320765268747394 ], [ -15.131071187735957, 64.320617291042765 ], [ -15.130164413761205, 64.320546381978573 ], [ -15.129412237422269, 64.320526377045013 ], [ -15.128874969280535, 64.320512085429357 ], [ -15.128451744089013, 64.320454028249955 ], [ -15.128095426205707, 64.320304154516663 ], [ -15.128077942156253, 64.320046301528109 ], [ -15.128154730593048, 64.319884552515035 ], [ -15.128557163742451, 64.319708068862155 ], [ -15.129194253514324, 64.319397433386968 ], [ -15.129723880779176, 64.31908393727727 ], [ -15.130307219387658, 64.318771867991188 ], [ -15.130729376133969, 64.318455510735447 ], [ -15.130916881678131, 64.31827330611705 ], [ -15.131063830373799, 64.317996427670039 ], [ -15.131194317129321, 64.317836105521053 ], [ -15.131341260682724, 64.317559226802459 ] ], [ [ -15.123881287554015, 64.341464579450587 ], [ -15.124243499956508, 64.341193431725245 ], [ -15.124279805400723, 64.340937008893775 ], [ -15.123929845535669, 64.340740502442415 ], [ -15.123512920640032, 64.34063580852461 ], [ -15.122827170370911, 64.340523956200201 ], [ -15.12201738320179, 64.3405257926959 ], [ -15.122380534828007, 64.340629059241977 ], [ -15.123224282997919, 64.340768518934411 ], [ -15.123570937091804, 64.340988338230318 ], [ -15.123417186958394, 64.341311831826246 ], [ -15.123105431065456, 64.341607720040741 ], [ -15.122228634939828, 64.341701370869146 ], [ -15.122410685424029, 64.341940208824624 ], [ -15.123351160978086, 64.341778054772647 ], [ -15.123881287554015, 64.341464579450587 ] ], [ [ -15.11639843491324, 64.355831272176161 ], [ -15.116375911033145, 64.355685575736658 ], [ -15.116415303024153, 64.355560251694229 ], [ -15.116542273049202, 64.355502789185479 ], [ -15.116793073939071, 64.355486071070487 ], [ -15.117219696628483, 64.355600411971309 ], [ -15.117749959015496, 64.355745596106729 ], [ -15.118462011628891, 64.355979870300303 ], [ -15.118945276046844, 64.35615188075522 ], [ -15.119334344370209, 64.356302658699576 ], [ -15.119642620452465, 64.356413839895581 ], [ -15.120607019983014, 64.356696947239385 ], [ -15.121433527769902, 64.356962335818409 ], [ -15.121950433756879, 64.357125869853405 ], [ -15.122030864068217, 64.357015678605592 ], [ -15.121621570625763, 64.35685500918801 ], [ -15.121227193163726, 64.356741540530209 ], [ -15.120622888559963, 64.356585037732188 ], [ -15.120332161028481, 64.356502409024955 ], [ -15.119583828163766, 64.356295261566558 ], [ -15.118735483326841, 64.355879503554732 ], [ -15.118265631913388, 64.355689127543968 ], [ -15.117723284033707, 64.355552984332618 ], [ -15.117235894737988, 64.355334054278472 ], [ -15.116949161386227, 64.355223441553036 ], [ -15.116807780988252, 64.355154146343835 ], [ -15.116573700115365, 64.355129185389529 ], [ -15.116378689833214, 64.355133348587415 ], [ -15.116139314204807, 64.355145689948202 ], [ -15.115908219978008, 64.355251862105675 ], [ -15.115905910276187, 64.355420299286664 ], [ -15.115957910873153, 64.355814849243259 ], [ -15.116042004745422, 64.356574522802063 ], [ -15.115988536331168, 64.35715775792012 ], [ -15.115429290936369, 64.357791060623242 ], [ -15.114990057157245, 64.358198781212565 ], [ -15.11340477873842, 64.359033499603953 ], [ -15.10629826361499, 64.362933600687768 ], [ -15.10618811773425, 64.363024269266276 ], [ -15.105998786391201, 64.363215794586338 ], [ -15.10587455561145, 64.363329489504878 ], [ -15.105738232506432, 64.36345222237874 ], [ -15.105614663484387, 64.363561254247102 ], [ -15.105468238390886, 64.363679036430142 ], [ -15.105120762311795, 64.363842932074817 ], [ -15.105038112452938, 64.36389220963099 ], [ -15.10491520269972, 64.363996578082379 ], [ -15.105024307387056, 64.364065021893239 ], [ -15.105166892220831, 64.36405011000997 ], [ -15.105379371087432, 64.363999621136998 ], [ -15.105717552993742, 64.363901004500633 ], [ -15.106029558210977, 64.363834451747209 ], [ -15.106692492301212, 64.363655578488832 ], [ -15.107070660572033, 64.363541645148175 ], [ -15.107511343042164, 64.363405977734786 ], [ -15.107740216225118, 64.363316138768951 ], [ -15.108028618665003, 64.363225548911771 ], [ -15.10835461694947, 64.363098517976042 ], [ -15.108609066462776, 64.363018721850665 ], [ -15.109634372903283, 64.362760580908883 ], [ -15.109919779019663, 64.362690970132334 ], [ -15.110242191931855, 64.362627027093282 ], [ -15.11051741775616, 64.362515018589676 ], [ -15.110440263511435, 64.362449772083011 ], [ -15.110200234908838, 64.362504212994054 ], [ -15.109739711748773, 64.362627656789826 ], [ -15.109486851463382, 64.362658351327127 ], [ -15.109171144626103, 64.362713110679792 ], [ -15.10887902805619, 64.362791901996729 ], [ -15.108595608404583, 64.362847522208511 ], [ -15.107610873644083, 64.363048232761798 ], [ -15.1072061376923, 64.363159117351884 ], [ -15.106888833534454, 64.363262975302817 ], [ -15.106718089639285, 64.363323942161287 ], [ -15.106659626138494, 64.363355144350322 ], [ -15.106344829806451, 64.363365456895806 ], [ -15.106280769846689, 64.363284175826692 ], [ -15.106301490130296, 64.363214520894388 ], [ -15.106371237894011, 64.363104050685791 ], [ -15.106553264760832, 64.362963816057146 ], [ -15.115056148820228, 64.358353063542125 ], [ -15.115575861154621, 64.35799832815664 ], [ -15.115950971496437, 64.357798446365322 ], [ -15.116153548800741, 64.357639986290479 ], [ -15.116358330771611, 64.357465979078896 ], [ -15.116489962569119, 64.357172979491025 ], [ -15.116608397128193, 64.356482779838842 ], [ -15.116472947499359, 64.356067284142725 ], [ -15.11639843491324, 64.355831272176161 ] ], [ [ -15.1234084026947, 64.367190272268147 ], [ -15.123432197459563, 64.367022407452438 ], [ -15.123616896942016, 64.366634158316216 ], [ -15.123965897932697, 64.366306444115125 ], [ -15.124150585019157, 64.365918194318581 ], [ -15.123143615757694, 64.365704194957004 ], [ -15.122756090697097, 64.365693887028769 ], [ -15.122334187881076, 64.365926049203168 ], [ -15.122107532293215, 64.366762508418148 ], [ -15.121841027551314, 64.36727027270571 ], [ -15.121491035070525, 64.367757093420678 ], [ -15.121385072209183, 64.367894688960092 ], [ -15.121297406723858, 64.368360406298621 ], [ -15.121016910533463, 64.368661855607868 ], [ -15.120674459012013, 64.368942933802444 ], [ -15.120415118926376, 64.369095169175054 ], [ -15.119994106384462, 64.369168213042258 ], [ -15.118856583748645, 64.369264305677845 ], [ -15.118149692099008, 64.369371857502216 ], [ -15.117708809414472, 64.369584781425161 ], [ -15.117573832263549, 64.369698199622363 ], [ -15.117601008205487, 64.369811255788676 ], [ -15.1177620126566, 64.369895112374451 ], [ -15.118235724814902, 64.369907727024398 ], [ -15.118723512777688, 64.369897312325961 ], [ -15.119117891417062, 64.369935894935168 ], [ -15.119388548879808, 64.370008627148323 ], [ -15.119606217382419, 64.3701501559826 ], [ -15.119751349982744, 64.370345919856064 ], [ -15.119934077169736, 64.370505240080846 ], [ -15.120159872515851, 64.370665706233396 ], [ -15.120343447095177, 64.370895255951268 ], [ -15.119796328604957, 64.371704464141402 ], [ -15.119479688954954, 64.372107921137115 ], [ -15.119173629084049, 64.372436771156728 ], [ -15.118872856875237, 64.372728317401695 ], [ -15.118544895123078, 64.37290680702678 ], [ -15.118267942707222, 64.373030487956711 ], [ -15.117837246136325, 64.373019020249757 ], [ -15.117390658682346, 64.373119460529566 ], [ -15.117067980157916, 64.37326064375408 ], [ -15.116745298305283, 64.373401826266388 ], [ -15.116395438344474, 64.373429951658551 ], [ -15.11602438154403, 64.373607288361313 ], [ -15.115965413639636, 64.373718050091639 ], [ -15.116035657770828, 64.373832253953424 ], [ -15.116493541864958, 64.373956783373373 ], [ -15.116825552145528, 64.37435879015122 ], [ -15.117318574363328, 64.374540418717174 ], [ -15.117461727385253, 64.374750173569396 ], [ -15.117384221764173, 64.374991496699238 ], [ -15.117008541007291, 64.375505710693247 ], [ -15.115742886169256, 64.376501715782794 ], [ -15.106749787614616, 64.384696259744075 ], [ -15.106639699521907, 64.38486182173456 ], [ -15.106291583036514, 64.385180169126301 ], [ -15.105889455637485, 64.38542218478139 ], [ -15.104960949274762, 64.385715672323713 ], [ -15.104292289457913, 64.38600673352731 ], [ -15.103883484656523, 64.386295371961268 ], [ -15.103751827684956, 64.386460356309954 ], [ -15.103760077118505, 64.386554188342458 ], [ -15.103873393796395, 64.38666954910974 ], [ -15.104206153394513, 64.386762687264181 ], [ -15.104611527328345, 64.386801596814379 ], [ -15.10519989862782, 64.386770502271872 ], [ -15.105527066322786, 64.386751154130764 ], [ -15.10629975680447, 64.386640725879474 ], [ -15.106967371879504, 64.386508767107543 ], [ -15.1071530177027, 64.386420110327933 ], [ -15.107315788898507, 64.386340204031001 ], [ -15.107263108958875, 64.386254547938009 ], [ -15.107195526313415, 64.386121688415244 ], [ -15.107288347692723, 64.386077359910701 ], [ -15.107592632516035, 64.386066757853499 ], [ -15.108407354449287, 64.386116579939824 ], [ -15.109390153513461, 64.386049186060333 ], [ -15.110855364031144, 64.38616314880619 ], [ -15.111723136230683, 64.386144158394686 ], [ -15.112799725159897, 64.386177533262014 ], [ -15.113465633381569, 64.386209319327222 ], [ -15.114223027709551, 64.386206095192364 ], [ -15.114707627203272, 64.386144115312746 ], [ -15.115341714234711, 64.386095476160222 ], [ -15.115545066796159, 64.386110252741076 ], [ -15.115986247791994, 64.386201569909687 ], [ -15.116215462802181, 64.386338727878851 ], [ -15.116386840868168, 64.386502428727653 ], [ -15.116556895769204, 64.386675455146843 ], [ -15.116986826126855, 64.386846038342114 ], [ -15.117240074430036, 64.386890223734895 ], [ -15.117693859669568, 64.386892940871263 ], [ -15.117955058061261, 64.386881170340487 ], [ -15.118677988234749, 64.386816158709195 ], [ -15.118955433543352, 64.386842262840005 ], [ -15.119231555067593, 64.386877692238343 ], [ -15.119332662458142, 64.386927187235258 ], [ -15.119467592221996, 64.387043109097419 ], [ -15.119486847771396, 64.387212119792451 ], [ -15.119321815556368, 64.387460477174841 ], [ -15.119214441127763, 64.387607397071719 ], [ -15.118779895466266, 64.387773695452466 ], [ -15.118387113018265, 64.38795046500789 ], [ -15.11819354487019, 64.388095090786521 ], [ -15.117599230828977, 64.388472438454372 ], [ -15.117111311583674, 64.388861977149006 ], [ -15.116935302027521, 64.389035152118794 ], [ -15.116747362779726, 64.389292258835994 ], [ -15.116788150847475, 64.389461843481598 ], [ -15.116912480447629, 64.3896523739066 ], [ -15.117027190616579, 64.389758398708054 ], [ -15.117042947588887, 64.389875831211029 ], [ -15.117031855674204, 64.390029993282965 ], [ -15.117011977324189, 64.390169879921956 ], [ -15.116906567768137, 64.390302809477106 ], [ -15.116748611256293, 64.390424979247342 ], [ -15.116713809318778, 64.390517663401155 ], [ -15.116734866771667, 64.390597792848027 ], [ -15.116783437041873, 64.390636529884773 ], [ -15.116861679883066, 64.390694778800224 ], [ -15.116852402713556, 64.390760059223211 ], [ -15.11690512135073, 64.390845711874746 ], [ -15.117029775958999, 64.390881793365565 ], [ -15.117047349064672, 64.390910344230321 ], [ -15.116966799035882, 64.391020532924159 ], [ -15.116831713052109, 64.39113395055675 ], [ -15.116712702057685, 64.391210351763178 ], [ -15.116659663325249, 64.391279147888696 ], [ -15.116735748108315, 64.391276492552038 ], [ -15.116821110317138, 64.391208556753782 ], [ -15.116995318931901, 64.391124263547894 ], [ -15.117167538644319, 64.391053958801095 ], [ -15.117584083883887, 64.39093867026277 ], [ -15.117754975904354, 64.390877690605393 ], [ -15.117982876596454, 64.390719936809745 ], [ -15.11816984015392, 64.390621940225273 ], [ -15.118493556492762, 64.390550984524822 ], [ -15.118854407544918, 64.390523140714322 ], [ -15.11925504386963, 64.390519756925713 ], [ -15.119392461075703, 64.390542134308845 ], [ -15.119694142192881, 64.390550158631953 ], [ -15.120052885500344, 64.39076564238691 ], [ -15.120170384377992, 64.391461482733405 ], [ -15.120110915919824, 64.392489613598769 ], [ -15.120708045424522, 64.391864262178643 ], [ -15.120808443059319, 64.391614184254507 ], [ -15.121028724798771, 64.390824355070464 ], [ -15.121034977597439, 64.39062794006017 ], [ -15.120785295175939, 64.390405997862658 ], [ -15.120332412669336, 64.390244178578413 ], [ -15.11926823693415, 64.390122264166152 ], [ -15.11877395063255, 64.390099753783957 ], [ -15.118175898364703, 64.390046397568668 ], [ -15.117843051280465, 64.389953291229972 ], [ -15.117826802899655, 64.389915414679081 ], [ -15.117734613401398, 64.389650852208533 ], [ -15.118017660513695, 64.389180971374628 ], [ -15.118360040647879, 64.388750113185978 ], [ -15.119458483979864, 64.388021093943166 ], [ -15.119835010611759, 64.387806445182378 ], [ -15.120141596170532, 64.387627379449583 ], [ -15.120451786078235, 64.387270549732406 ], [ -15.120539890430736, 64.386954618375341 ], [ -15.120434082414357, 64.386633529788867 ], [ -15.119858612131395, 64.386421641780345 ], [ -15.119077324712029, 64.386288524676303 ], [ -15.118500900385266, 64.386235743034177 ], [ -15.117946023464055, 64.386183532520207 ], [ -15.117644042972024, 64.386025718665735 ], [ -15.117561489722984, 64.385845661597756 ], [ -15.116969813623555, 64.385595885640655 ], [ -15.116605861823794, 64.385417697447835 ], [ -15.115931015692068, 64.385296757246181 ], [ -15.115009908232059, 64.385234782242847 ], [ -15.11287203596742, 64.385365045919073 ], [ -15.110140189426447, 64.385413912046516 ], [ -15.109468330363903, 64.385424076494061 ], [ -15.108602571236299, 64.385429064961627 ], [ -15.108184963656464, 64.385324311795671 ], [ -15.107854864231006, 64.385212531332115 ], [ -15.107635144429539, 64.385084973400254 ], [ -15.107510900177235, 64.384894435122433 ], [ -15.119005586282304, 64.375067425941253 ], [ -15.119328276110913, 64.374926238420628 ], [ -15.119470015027359, 64.374536847970447 ], [ -15.119332142424156, 64.374289791931616 ], [ -15.119092244816178, 64.374152352321232 ], [ -15.118760911718836, 64.374049922359816 ], [ -15.118884121064061, 64.373791093472903 ], [ -15.119101411356024, 64.37347860271565 ], [ -15.119378364539749, 64.373354920201564 ], [ -15.120099249482097, 64.37314944154636 ], [ -15.120523928968305, 64.372898634144235 ], [ -15.121093684145722, 64.372539353545534 ], [ -15.121587869821003, 64.37210317282225 ], [ -15.122045420079292, 64.371010746770821 ], [ -15.122004255246967, 64.370691377954827 ], [ -15.121572245964664, 64.370168800254788 ], [ -15.122101379786404, 64.369701696266191 ], [ -15.122310666388405, 64.369445155673219 ], [ -15.123153817810552, 64.368681258600603 ], [ -15.123312091919461, 64.368479526239611 ], [ -15.123211989258717, 64.368270922448787 ], [ -15.123243718404671, 64.368047102723651 ], [ -15.123331728689969, 64.367731169991671 ], [ -15.1234084026947, 64.367190272268147 ] ], [ [ -15.068571802373134, 64.384260791938289 ], [ -15.068559338825514, 64.384149563799781 ], [ -15.068603582628045, 64.384039864224661 ], [ -15.068825008983296, 64.383885655086345 ], [ -15.068842663366139, 64.383762917439881 ], [ -15.06862113323894, 64.383719982137876 ], [ -15.06841912897789, 64.383739179611254 ], [ -15.068142760350614, 64.383879585655308 ], [ -15.068008156831278, 64.38402381320617 ], [ -15.068109210780408, 64.384112787022971 ], [ -15.068265207237566, 64.384215563222767 ], [ -15.068162488204026, 64.384336007740728 ], [ -15.06781870941982, 64.384351382505045 ], [ -15.067506816320337, 64.384342973455105 ], [ -15.067946352109157, 64.384453394615079 ], [ -15.068196241202449, 64.384497095300503 ], [ -15.068545318435387, 64.38444489836283 ], [ -15.068733203639638, 64.384523890825491 ], [ -15.069100042113529, 64.384546099395038 ], [ -15.069245343556325, 64.384525372686383 ], [ -15.06929841155678, 64.384354304048699 ], [ -15.069378177792075, 64.384393417763263 ], [ -15.069481002750971, 64.384470116860754 ], [ -15.069663595490665, 64.38458592944518 ], [ -15.070060669983327, 64.384793770368006 ], [ -15.070282327897786, 64.385033847964166 ], [ -15.070773301684143, 64.385182609860394 ], [ -15.071462766116907, 64.385336716291363 ], [ -15.072717713781465, 64.385715508409859 ], [ -15.073731600211779, 64.385989229821575 ], [ -15.074733166279772, 64.386348861060512 ], [ -15.075139118792077, 64.386495319004737 ], [ -15.075520089796052, 64.386419320710061 ], [ -15.075468665118645, 64.386380973292901 ], [ -15.075312476178681, 64.386081060294671 ], [ -15.075156442618304, 64.385978291613952 ], [ -15.074700838122499, 64.385781212197827 ], [ -15.074317964702336, 64.385672337705259 ], [ -15.07373484354124, 64.385570393210216 ], [ -15.073541646411142, 64.385528228646223 ], [ -15.073153490331851, 64.385456172569633 ], [ -15.072627088315926, 64.385355750427848 ], [ -15.072205159324554, 64.385122605289936 ], [ -15.071682295681514, 64.384997632132141 ], [ -15.070962719482043, 64.384855036715805 ], [ -15.070712822702342, 64.384811340763392 ], [ -15.070409747444302, 64.384741568973084 ], [ -15.070195266472052, 64.384649540919966 ], [ -15.069897489355471, 64.384542946722419 ], [ -15.069764543793116, 64.384477757646252 ], [ -15.069612070459762, 64.384350435498007 ], [ -15.069537599477615, 64.384274500591076 ], [ -15.069438305477652, 64.384173253989857 ], [ -15.069314189010917, 64.384046695644102 ], [ -15.069245015471868, 64.383933939277412 ], [ -15.069041244715555, 64.383965411381212 ], [ -15.069057240846755, 64.384052091942635 ], [ -15.06905194478129, 64.384088913245023 ], [ -15.069032525752634, 64.38422392468604 ], [ -15.069112291227849, 64.384263038545583 ], [ -15.06878980582303, 64.384328274845117 ], [ -15.068648036192682, 64.384324453574962 ], [ -15.068571802373134, 64.384260791938289 ] ], [ [ -15.073269686426432, 64.393820517495016 ], [ -15.073527751481244, 64.393709592832948 ], [ -15.07389328508607, 64.393693236249334 ], [ -15.07425506900603, 64.393702971153871 ], [ -15.074509536571762, 64.393827687587191 ], [ -15.07482430438278, 64.393954025764913 ], [ -15.075048627770679, 64.394077930170297 ], [ -15.075237181366671, 64.394240161877036 ], [ -15.075395587723733, 64.39440158237538 ], [ -15.075587893706279, 64.394537721198887 ], [ -15.075744429872378, 64.394712187540222 ], [ -15.075782241931297, 64.394870363983458 ], [ -15.075759754074896, 64.395026918642017 ], [ -15.0756750912221, 64.395194897708492 ], [ -15.075562150906547, 64.395349019575789 ], [ -15.075390782148704, 64.395488473210776 ], [ -15.075132707866407, 64.395599401172817 ], [ -15.074872757022359, 64.395723374890053 ], [ -15.074582652778066, 64.395846537011408 ], [ -15.074292545921336, 64.39596969855738 ], [ -15.074209745954439, 64.396124630578583 ], [ -15.074402058148758, 64.396260770973697 ], [ -15.074722477222204, 64.396347970770279 ], [ -15.075082422136763, 64.396370749836052 ], [ -15.075444241893694, 64.396380481796896 ], [ -15.075813558174058, 64.396338027970145 ], [ -15.076182873308014, 64.39629557320994 ], [ -15.076557808401937, 64.396213978819162 ], [ -15.076876185490816, 64.396104669676888 ], [ -15.07713613087823, 64.395980692392939 ], [ -15.077309367137113, 64.395828190465863 ], [ -15.07751275240593, 64.395676498870074 ], [ -15.077684111523599, 64.395537042744991 ], [ -15.077855468894032, 64.395397586419804 ], [ -15.077998546968383, 64.395244273214772 ], [ -15.078051172499874, 64.395088528634602 ], [ -15.078133947573239, 64.394933594443984 ], [ -15.078158294602824, 64.394763993168695 ], [ -15.078184514143212, 64.394581345638414 ], [ -15.078206987756293, 64.394424790609946 ], [ -15.078169162292694, 64.394266614797615 ], [ -15.078163359289483, 64.394096203126608 ], [ -15.078006811221089, 64.393921739382151 ], [ -15.077750453871444, 64.393810075286467 ], [ -15.077430054872691, 64.393722882140764 ], [ -15.077043740684591, 64.393673205760436 ], [ -15.076653680946942, 64.393649620822899 ], [ -15.076333287323328, 64.393562425272435 ], [ -15.076173006602053, 64.393414052022877 ], [ -15.076402781330028, 64.393289265246963 ], [ -15.076689103404664, 64.393192191990593 ], [ -15.076862324497261, 64.393039690613108 ], [ -15.07663800140832, 64.392915788998664 ], [ -15.076319490010327, 64.392815547189485 ], [ -15.075963338340353, 64.392766678729799 ], [ -15.075622344319486, 64.392822990071863 ], [ -15.075279474814135, 64.392892346832141 ], [ -15.074993150875869, 64.392989417324344 ], [ -15.074678551283231, 64.393072629934835 ], [ -15.074362075239573, 64.393168888070548 ], [ -15.074075745151655, 64.393265956765902 ], [ -15.073730991322984, 64.393348356092019 ], [ -15.073363587201785, 64.393377758459025 ], [ -15.073001807900036, 64.393368021346944 ], [ -15.072658924919917, 64.393437371958328 ], [ -15.072400858910187, 64.39354829508423 ], [ -15.072139039544028, 64.393685310103194 ], [ -15.071794274596991, 64.393767704860394 ], [ -15.071502301281306, 64.393903907023926 ], [ -15.071185804444543, 64.394000158282282 ], [ -15.070897578131449, 64.394110266914211 ], [ -15.070609349498067, 64.394220374978062 ], [ -15.070379540522083, 64.394345152646551 ], [ -15.070121456705856, 64.394456071750426 ], [ -15.06989164352431, 64.394580848652751 ], [ -15.069659951360329, 64.394718671337273 ], [ -15.06948855646292, 64.394858118044525 ], [ -15.06934355565623, 64.395024469050455 ], [ -15.06926073052024, 64.395179398259756 ], [ -15.069089330700882, 64.39531884450156 ], [ -15.068887778687902, 64.395457478233851 ], [ -15.068629678327987, 64.395568394708036 ], [ -15.068281123859874, 64.395676873441914 ], [ -15.067906171442607, 64.395758446590023 ], [ -15.067565123542257, 64.395814739132064 ], [ -15.067250468860522, 64.395897935756253 ], [ -15.066905661301215, 64.395980318984698 ], [ -15.066647547970705, 64.396091231959801 ], [ -15.066385675446526, 64.396228236683058 ], [ -15.066184103030002, 64.396366866691096 ], [ -15.065952377057082, 64.396504683506734 ], [ -15.065750800407297, 64.396643312918698 ], [ -15.065519069909211, 64.396781129048833 ], [ -15.065259064264451, 64.396905085665978 ], [ -15.065029208325971, 64.397029854933024 ], [ -15.064740925305161, 64.397139951433118 ], [ -15.064482792253857, 64.397250860589594 ], [ -15.064192625028506, 64.397374002086892 ], [ -15.064077731274077, 64.397541161163247 ], [ -15.064055174228777, 64.397697714036468 ], [ -15.064062769869103, 64.397855080218676 ], [ -15.064383174652709, 64.397942302695512 ], [ -15.06467154883131, 64.398041757371743 ], [ -15.064993837089515, 64.398115932429349 ], [ -15.065355676338587, 64.39812568937478 ], [ -15.065579991044265, 64.398249608341359 ], [ -15.065497134823501, 64.39840453543934 ], [ -15.065325695605303, 64.398543977285797 ], [ -15.065303144876143, 64.398700530358695 ], [ -15.065308868729073, 64.398870942572543 ], [ -15.065438968220912, 64.39901851475507 ], [ -15.065661411528822, 64.399155479692908 ], [ -15.065915890635706, 64.399280211124804 ], [ -15.066196769059935, 64.399431847186918 ], [ -15.06651532040445, 64.399532111095624 ], [ -15.066803719098882, 64.399631561570743 ], [ -15.067092119890678, 64.399731011477058 ], [ -15.067448346396484, 64.399779901579521 ], [ -15.067806452297457, 64.399815744691523 ], [ -15.068168315038168, 64.399825494672385 ], [ -15.068560333298407, 64.399836056140387 ], [ -15.068920318985127, 64.399858850390814 ], [ -15.069308583198099, 64.399895502124366 ], [ -15.069666693050454, 64.399931340677568 ], [ -15.0700229267675, 64.399980224503921 ], [ -15.070345252381047, 64.400054387763802 ], [ -15.070701488913624, 64.400103269936139 ], [ -15.071053973530226, 64.400178243568277 ], [ -15.07140833651196, 64.400240170181775 ], [ -15.071762701098443, 64.400302095936055 ], [ -15.071987062683805, 64.400426005077819 ], [ -15.072024860911222, 64.400584182533876 ], [ -15.072002346847993, 64.400740736653972 ], [ -15.072130615219899, 64.400901349066487 ], [ -15.072419048771641, 64.401000788464273 ], [ -15.072592343132486, 64.400848292096541 ], [ -15.072767511375345, 64.400682749337975 ], [ -15.072791896802126, 64.400513148913817 ], [ -15.072755970033359, 64.40034192547067 ], [ -15.07265785637744, 64.400182125148717 ], [ -15.072497556801482, 64.400033747822505 ], [ -15.072371166290916, 64.39986008955745 ], [ -15.072241025392385, 64.399712523542547 ], [ -15.072205103124016, 64.399541299970011 ], [ -15.072227615039306, 64.399384745826993 ], [ -15.072340590810253, 64.399230626509606 ], [ -15.072487471523765, 64.399051226315905 ], [ -15.072632474556517, 64.398884872159584 ], [ -15.072715291814189, 64.398729941013059 ], [ -15.072886694522898, 64.398590490496076 ], [ -15.0730580954838, 64.398451039778877 ], [ -15.073229494696921, 64.398311588861503 ], [ -15.073459323997477, 64.398186806687605 ], [ -15.073719304660665, 64.39806283547145 ], [ -15.073981158013755, 64.397925817593062 ], [ -15.074124271029516, 64.397772508164977 ], [ -15.074146770504274, 64.397615953738708 ], [ -15.074016630703882, 64.397468389320053 ], [ -15.073792284184798, 64.397344483310917 ], [ -15.073402174896684, 64.397320889687961 ], [ -15.073115797937923, 64.397417956520243 ], [ -15.072829418946585, 64.397515022791637 ], [ -15.072569439457039, 64.397638992421349 ], [ -15.072367887986541, 64.397777630969031 ], [ -15.072196487726634, 64.397917080872347 ], [ -15.071966654931316, 64.398041861058331 ], [ -15.071706666523662, 64.398165829155801 ], [ -15.07150323054406, 64.398317512685367 ], [ -15.071282904977835, 64.3985866114282 ], [ -15.070889027009498, 64.398589103425991 ], [ -15.070527179657077, 64.39857936018339 ], [ -15.070397054801266, 64.398431792534637 ], [ -15.070110532612237, 64.398319303006303 ], [ -15.069737426529088, 64.398387834712963 ], [ -15.069422748853613, 64.398471036025171 ], [ -15.069051516416517, 64.398526519838626 ], [ -15.068653883854253, 64.398555098085978 ], [ -15.068261883917673, 64.398544536869579 ], [ -15.067896282111269, 64.398560879366158 ], [ -15.067530679867977, 64.398577220947985 ], [ -15.067161320498801, 64.398619653841365 ], [ -15.066801352588147, 64.398596855258774 ], [ -15.066479053761228, 64.398522684186531 ], [ -15.066622211949991, 64.398369382103539 ], [ -15.066646633419932, 64.398199782723154 ], [ -15.066578716365584, 64.398040791107306 ], [ -15.066386430597246, 64.397904640404619 ], [ -15.066194146743216, 64.397768489449703 ], [ -15.065969833200771, 64.397644571428657 ], [ -15.065901921459146, 64.397485579502202 ], [ -15.065954620180547, 64.397329839266362 ], [ -15.065977166050878, 64.397173286102571 ], [ -15.066263565779355, 64.397076233263846 ], [ -15.066580115529405, 64.396979992655986 ], [ -15.066838237520129, 64.396869079795508 ], [ -15.067152904627337, 64.396785884055475 ], [ -15.067412900556462, 64.396661924068837 ], [ -15.067557921784882, 64.396495574966764 ], [ -15.067734970536673, 64.396316992156699 ], [ -15.067879987977683, 64.396150642737538 ], [ -15.068175758678519, 64.395988355550443 ], [ -15.06849416663446, 64.395879064675825 ], [ -15.068752270475224, 64.395768148439473 ], [ -15.069040522892744, 64.395658044031748 ], [ -15.069211925086334, 64.39551859784504 ], [ -15.069383325532371, 64.39537915145813 ], [ -15.06952645099296, 64.395225846551568 ], [ -15.069727998062406, 64.395087211939654 ], [ -15.069986089428712, 64.394976293527634 ], [ -15.070274328535726, 64.394866186689626 ], [ -15.070592715045064, 64.394756891247155 ], [ -15.070907346436202, 64.394673687429304 ], [ -15.071167305276099, 64.394549720773782 ], [ -15.071397112377314, 64.394424941864969 ], [ -15.071683464101216, 64.394327878414614 ], [ -15.072001838715082, 64.394218579903949 ], [ -15.072376757811844, 64.394136996250651 ], [ -15.072691376646764, 64.394053788593069 ], [ -15.073038017721707, 64.3939583455318 ], [ -15.073269686426432, 64.393820517495016 ] ], [ [ -15.096538528534296, 64.398727404198311 ], [ -15.096280509474735, 64.398838369526473 ], [ -15.096022488321537, 64.398949334399575 ], [ -15.095764465074685, 64.399060298817588 ], [ -15.095419703570105, 64.399142749344122 ], [ -15.095052244948674, 64.399172206263287 ], [ -15.09468478553573, 64.399201662258406 ], [ -15.094319190765116, 64.399218070868045 ], [ -15.093957326769161, 64.39920838564943 ], [ -15.093595463029498, 64.399198699534637 ], [ -15.093199712337665, 64.399214298126637 ], [ -15.092770073538084, 64.399255181150096 ], [ -15.092429033235831, 64.399311531737411 ], [ -15.092057836086175, 64.399367074001105 ], [ -15.091743215063891, 64.399450323381885 ], [ -15.091400303367735, 64.399519717997322 ], [ -15.091142255987359, 64.399630674255718 ], [ -15.090880472295281, 64.399767722894595 ], [ -15.090648841972079, 64.399905578890113 ], [ -15.090447365453208, 64.400044242385704 ], [ -15.090217598060246, 64.400169051286795 ], [ -15.089931250968592, 64.400266151086655 ], [ -15.08964490184367, 64.400363250325768 ], [ -15.089328394119415, 64.400459540913062 ], [ -15.088981727505356, 64.400555022652526 ], [ -15.088667083453785, 64.400638265414159 ], [ -15.088378857574321, 64.400748408563999 ], [ -15.088062340935153, 64.400844696410616 ], [ -15.087745822067239, 64.40094098357207 ], [ -15.087457589287194, 64.401051124906203 ], [ -15.087225930840582, 64.401188975483421 ], [ -15.087024427511997, 64.401327634267076 ], [ -15.086851210593311, 64.401480147749226 ], [ -15.086768465091913, 64.401635086922795 ], [ -15.086655560699636, 64.40178921740781 ], [ -15.086484208156678, 64.401928684092937 ], [ -15.086312853865996, 64.402068150578032 ], [ -15.086139628288549, 64.402220663221627 ], [ -15.085968270411065, 64.402360129304427 ], [ -15.085825199788033, 64.402513450361894 ], [ -15.085712286453003, 64.402667580124003 ], [ -15.085627661080569, 64.402835565013092 ], [ -15.085605223037851, 64.4029921212408 ], [ -15.085490436573661, 64.403159297186988 ], [ -15.085467997479713, 64.403315853395824 ], [ -15.085445558128832, 64.403472409602273 ], [ -15.085360928627255, 64.403640394342773 ], [ -15.085217847900786, 64.403793714814114 ], [ -15.085104925856145, 64.403947844115493 ], [ -15.085082483908034, 64.404104400270455 ], [ -15.08511849280219, 64.404275620707793 ], [ -15.085186533134047, 64.404434603742516 ], [ -15.085316766363114, 64.404582158254996 ], [ -15.085382938537226, 64.404754187549855 ], [ -15.085390658876703, 64.40491155266308 ], [ -15.085398379305044, 64.405068917776973 ], [ -15.085374068006372, 64.405238520335061 ], [ -15.085410080219825, 64.405409740708876 ], [ -15.085387638819039, 64.405566296920497 ], [ -15.085335034909471, 64.405722044214315 ], [ -15.085163650985695, 64.405861509374645 ], [ -15.085018687196468, 64.406027876013866 ], [ -15.084873721643222, 64.406194242510452 ], [ -15.084821113598311, 64.40634998962345 ], [ -15.084738341856339, 64.406504927679933 ], [ -15.084714025186791, 64.406674530138588 ], [ -15.084970531586166, 64.406786182077298 ], [ -15.084948086538937, 64.406942738230597 ], [ -15.084923770781051, 64.407112340727267 ], [ -15.084871161254764, 64.40726808786431 ], [ -15.084697894691626, 64.407420598832886 ], [ -15.084468039068037, 64.407545398732509 ], [ -15.08432493289969, 64.407698718355178 ], [ -15.08415353143338, 64.407838182342658 ], [ -15.084010421968987, 64.407991501659254 ], [ -15.08386731089959, 64.408144820836725 ], [ -15.083814693368607, 64.40830056760025 ], [ -15.083731910018287, 64.408455505099454 ], [ -15.08361708916269, 64.408622679613018 ], [ -15.08338347589701, 64.408773570473244 ], [ -15.083181897182524, 64.408912224003075 ], [ -15.083099108394167, 64.409067161147846 ], [ -15.082986152624786, 64.409221288846439 ], [ -15.082843029374228, 64.40937460702888 ], [ -15.082790403641477, 64.40953035343162 ], [ -15.082675572514784, 64.409697527213041 ], [ -15.082592778479018, 64.409852464076081 ], [ -15.082449649718235, 64.410005781877373 ], [ -15.082306519352137, 64.410159099539484 ], [ -15.082193554602986, 64.410313226632539 ], [ -15.082110755970932, 64.410468163226511 ], [ -15.082027956400397, 64.410623099774554 ], [ -15.081973451507693, 64.4107918922019 ], [ -15.082133865591343, 64.410940259199251 ], [ -15.082358361485149, 64.411064152471411 ], [ -15.082577243854205, 64.411227184353422 ], [ -15.082705623553528, 64.411387787552712 ], [ -15.082803836156998, 64.411547581202271 ], [ -15.082902049908604, 64.411707374786914 ], [ -15.082998393109673, 64.411880214630344 ], [ -15.083036270886231, 64.412038389312571 ], [ -15.083043979774457, 64.412195754597548 ], [ -15.083021519252672, 64.412352310490007 ], [ -15.082997186730433, 64.412521912704079 ], [ -15.082974725672692, 64.412678468591437 ], [ -15.082952264357683, 64.412835024476323 ], [ -15.082929802785406, 64.412991580358749 ], [ -15.082997852082265, 64.413150564470129 ], [ -15.083035731615917, 64.413308739160627 ], [ -15.083133953050593, 64.413468532600902 ], [ -15.083264218239329, 64.413616088997827 ], [ -15.083394484834381, 64.413763645279573 ], [ -15.083521009657339, 64.413937294109132 ], [ -15.08365127916924, 64.414084850163945 ], [ -15.083749506990925, 64.41424464319563 ], [ -15.083877907749153, 64.414405245384998 ], [ -15.084004438612864, 64.414578893800652 ], [ -15.084161143264934, 64.414753351272225 ], [ -15.084317849917268, 64.414927808577048 ], [ -15.084448128451175, 64.41507536392767 ], [ -15.084578408391613, 64.415222919163085 ], [ -15.084706818615434, 64.415383520630712 ], [ -15.084835230348206, 64.415544121986571 ], [ -15.085120122737214, 64.415669629071928 ], [ -15.085470976845723, 64.415757614327035 ], [ -15.085793530414335, 64.415831743557405 ], [ -15.086110474262938, 64.415945011173534 ], [ -15.086270941044599, 64.416093373661539 ], [ -15.086463453805354, 64.416229498293475 ], [ -15.086654098221775, 64.416378669045528 ], [ -15.086940877795364, 64.416491126214183 ], [ -15.087229529732221, 64.416590536440509 ], [ -15.087518183768736, 64.416689946097378 ], [ -15.087835144715688, 64.416803209978639 ], [ -15.088197239482103, 64.416812910365692 ], [ -15.088549987564701, 64.416887841843106 ], [ -15.088912083705956, 64.4168975404599 ], [ -15.089198608654025, 64.416800442589633 ], [ -15.089485131566375, 64.416703344158265 ], [ -15.089847225595236, 64.416713040459101 ], [ -15.090169802306791, 64.416787160037458 ], [ -15.090420820393446, 64.416937941710927 ], [ -15.090643534705293, 64.417074868709449 ], [ -15.091000029357023, 64.417123701428125 ], [ -15.091362129491966, 64.417133393977494 ], [ -15.09174880127814, 64.41718303254261 ], [ -15.09210529931527, 64.41723186256668 ], [ -15.092278586740747, 64.417079342757262 ], [ -15.092193080144384, 64.416618679727648 ], [ -15.092019213198601, 64.416352098224891 ], [ -15.091707843668413, 64.41619970410413 ], [ -15.091526799692092, 64.416194858369806 ], [ -15.091236553223796, 64.416318053662977 ], [ -15.091125481511414, 64.4164591412638 ], [ -15.090784223161391, 64.416515488053051 ], [ -15.09009208284054, 64.416483860719552 ], [ -15.089480850653981, 64.416310335759533 ], [ -15.088905407592222, 64.416098477227351 ], [ -15.088705406572583, 64.416014541407279 ], [ -15.088461883887373, 64.415811571211748 ], [ -15.088174843687575, 64.41548956642616 ], [ -15.087861635801309, 64.415350210511704 ], [ -15.087399437023407, 64.415193765157085 ], [ -15.087025891282266, 64.415052790455803 ], [ -15.087002946199917, 64.414790245776956 ], [ -15.086712193702482, 64.414494330885617 ], [ -15.086400874921516, 64.414341925474815 ], [ -15.08571392118011, 64.413852037125594 ], [ -15.085272338150153, 64.41355207510108 ], [ -15.084921276452702, 64.413254538786987 ], [ -15.084639917773019, 64.41289338804809 ], [ -15.084609279352154, 64.412473477813009 ], [ -15.084723875301378, 64.412096751912969 ], [ -15.084797074258184, 64.411797494985066 ], [ -15.085301985202696, 64.411444331854483 ], [ -15.085505442298782, 64.411292629030996 ], [ -15.085261985432817, 64.411089653544536 ], [ -15.085011049497547, 64.410938863050418 ], [ -15.084784671837129, 64.410828020198849 ], [ -15.084384541045388, 64.410450586480948 ], [ -15.084338941818395, 64.410135046954423 ], [ -15.08464201487125, 64.409710990419683 ], [ -15.085031835943488, 64.40931545293023 ], [ -15.085346111412395, 64.408813116860912 ], [ -15.085795996777016, 64.408209644622687 ], [ -15.086121710724035, 64.407838579305135 ], [ -15.086536038756682, 64.407482985673298 ], [ -15.087018161539291, 64.407076822540191 ], [ -15.087268564156279, 64.40680850850201 ], [ -15.087339851845224, 64.406522296742267 ], [ -15.087332119832999, 64.406364931721285 ], [ -15.087131941422717, 64.40607144325854 ], [ -15.08698835327619, 64.405805664433885 ], [ -15.086788182649862, 64.405512175507312 ], [ -15.086439077280755, 64.405201596568602 ], [ -15.086319805750692, 64.404766214364003 ], [ -15.086194929045268, 64.404369971151823 ], [ -15.086220611291601, 64.403768221090886 ], [ -15.086374655813096, 64.403327070963314 ], [ -15.086858325680657, 64.402698311572394 ], [ -15.086971232683398, 64.402544180924622 ], [ -15.087084138413433, 64.402390050190633 ], [ -15.087227201332695, 64.402236727901496 ], [ -15.087309946055477, 64.402081788464088 ], [ -15.087513322358788, 64.401930082906134 ], [ -15.087744985634556, 64.401792231868853 ], [ -15.087974777949121, 64.401667426846899 ], [ -15.08820643667392, 64.401529575079664 ], [ -15.088526697426934, 64.401407194140688 ], [ -15.088813061452557, 64.401310097088356 ], [ -15.089099423444779, 64.401212999475263 ], [ -15.089415940695098, 64.401116709380744 ], [ -15.089702298521921, 64.401019610587042 ], [ -15.090016943809838, 64.400936365594958 ], [ -15.090333454628095, 64.400840073514246 ], [ -15.090619806300815, 64.40074297292378 ], [ -15.090934445613289, 64.400659725957127 ], [ -15.091249083010307, 64.400576478313312 ], [ -15.091565585325339, 64.400480183565378 ], [ -15.091910375308071, 64.400397742127737 ], [ -15.092196716750717, 64.400300638449053 ], [ -15.092483056160052, 64.40020353420968 ], [ -15.092741103505798, 64.400092575580672 ], [ -15.092970858740152, 64.399967762712109 ], [ -15.09322890188233, 64.399856803222832 ], [ -15.093488808795748, 64.399732796827308 ], [ -15.093863739365919, 64.399651158015857 ], [ -15.094204780947026, 64.399594804079101 ], [ -15.094575976827203, 64.399539256360868 ], [ -15.094943440893051, 64.399509800638938 ], [ -15.095314634119315, 64.39945425104446 ], [ -15.095657535062264, 64.399384847243283 ], [ -15.096026860516357, 64.399342342318377 ], [ -15.096313176293922, 64.399245230577932 ], [ -15.096688091749394, 64.399163584521347 ], [ -15.097004558563578, 64.399067277999151 ], [ -15.097345586392219, 64.399010916733374 ], [ -15.097718631762135, 64.398942314533315 ], [ -15.098087948037236, 64.398899804399747 ], [ -15.098485554812139, 64.398871146054276 ], [ -15.098854868934218, 64.398828633982419 ], [ -15.099224181908212, 64.398786120977206 ], [ -15.099591630848522, 64.398756653567034 ], [ -15.099932649472663, 64.398700286264088 ], [ -15.100303821578299, 64.398644723997577 ], [ -15.10067685453329, 64.398576114246197 ], [ -15.101017868669844, 64.398519744410905 ], [ -15.101360743423371, 64.398450327229114 ], [ -15.101731909235706, 64.39839476133551 ], [ -15.102108658512172, 64.398300054818606 ], [ -15.102453389228803, 64.398217588513276 ], [ -15.102767963467914, 64.398134316077488 ], [ -15.103112690107752, 64.398051848217264 ], [ -15.103398967216402, 64.397954722598598 ], [ -15.104463100595888, 64.397523563149676 ], [ -15.106643629359118, 64.397302807418313 ], [ -15.108508855854033, 64.39714002836655 ], [ -15.110964577952592, 64.396926548504908 ], [ -15.113726564463585, 64.396933716971702 ], [ -15.115962976039325, 64.396966694455088 ], [ -15.118086457695037, 64.396930217545687 ], [ -15.120593858429661, 64.39678436879926 ], [ -15.121745539020601, 64.396619056076204 ], [ -15.122450850910333, 64.396624516790894 ], [ -15.122596790942485, 64.396894056988316 ], [ -15.12275400295081, 64.397084197806834 ], [ -15.122849513018265, 64.397060169287968 ], [ -15.12333832815003, 64.396860626476879 ], [ -15.123861475534209, 64.396635428005766 ], [ -15.124178581671963, 64.396564152438074 ], [ -15.125099858288415, 64.396562053384187 ], [ -15.125521083675524, 64.396838899754428 ], [ -15.12597741457841, 64.396651769291651 ], [ -15.126237854859873, 64.396114077728285 ], [ -15.126116277170572, 64.395672508949005 ], [ -15.125656974293829, 64.395447785250269 ], [ -15.124786416473556, 64.395092590584966 ], [ -15.123439713136108, 64.394631759053354 ], [ -15.123068975030918, 64.39464847503514 ], [ -15.123201765923731, 64.395010647065646 ], [ -15.123443207991917, 64.395256157588221 ], [ -15.123302637818854, 64.395597783592478 ], [ -15.122260121617039, 64.3960217082425 ], [ -15.121045943717823, 64.396411176154359 ], [ -15.119194000620098, 64.396481483128284 ], [ -15.11507696680491, 64.396504762901856 ], [ -15.112658975404962, 64.396453650366581 ], [ -15.110197220141382, 64.396494313859293 ], [ -15.107961272947563, 64.396673792105005 ], [ -15.106187826472908, 64.396839012519663 ], [ -15.103738123077484, 64.397225257210039 ], [ -15.102318261719407, 64.397467491198981 ], [ -15.10195641805368, 64.397457825790966 ], [ -15.101594574643689, 64.397448159486856 ], [ -15.101229007458087, 64.397464585383716 ], [ -15.100888006911958, 64.397520955709126 ], [ -15.100547004960287, 64.397577325238828 ], [ -15.100177710363878, 64.397619841585211 ], [ -15.099810277327052, 64.397649310467756 ], [ -15.099469271554119, 64.397705677482477 ], [ -15.099152829172548, 64.397801989336912 ], [ -15.098838247749811, 64.397885253988122 ], [ -15.098495373678261, 64.39795466524879 ], [ -15.098209079158392, 64.398051781259539 ], [ -15.097892628335167, 64.398148090386158 ], [ -15.097546020918021, 64.398243592432692 ], [ -15.097257856031684, 64.398353753082944 ], [ -15.097026269827765, 64.398491619178429 ], [ -15.096796545500244, 64.398616438415061 ], [ -15.096538528534296, 64.398727404198311 ] ], [ [ -15.047345493767464, 64.293652448372711 ], [ -15.045703657350202, 64.293946222915892 ], [ -15.045085662168736, 64.294250025844462 ], [ -15.047345424020065, 64.29393743673036 ], [ -15.048517416224248, 64.29377336830342 ], [ -15.048831504453531, 64.293585975139365 ], [ -15.048994964579233, 64.293305428188361 ], [ -15.048686049950923, 64.293172348611122 ], [ -15.048058001384296, 64.292977156931684 ], [ -15.047187415737374, 64.292757555397927 ], [ -15.046347461647414, 64.292610029049143 ], [ -15.043888875062725, 64.292311582743949 ], [ -15.043809628844132, 64.292576605243468 ], [ -15.045418050502512, 64.292798490489872 ], [ -15.046737983623466, 64.293030323865338 ], [ -15.047539658894246, 64.29315899488418 ], [ -15.04797112200502, 64.293295408788879 ], [ -15.047907255742309, 64.2934539793862 ], [ -15.047345493767464, 64.293652448372711 ] ], [ [ -15.06328138640767, 64.301013813830409 ], [ -15.063252580964473, 64.301214395896736 ], [ -15.063268169335279, 64.301499671394893 ], [ -15.06336682121275, 64.301679147760453 ], [ -15.063540106612077, 64.301811531785603 ], [ -15.063747899707295, 64.301939938401446 ], [ -15.064203559413313, 64.30199647346457 ], [ -15.064722614345945, 64.302084190259933 ], [ -15.065284669799262, 64.302266382540722 ], [ -15.065676274103671, 64.302375203323308 ], [ -15.066111549661642, 64.302495026900871 ], [ -15.066397499632206, 64.302551874806184 ], [ -15.066662318508355, 64.302598328051417 ], [ -15.066725679144904, 64.302550929351995 ], [ -15.066774927142834, 64.30244421391275 ], [ -15.066808621921583, 64.302209385290894 ], [ -15.066860640176458, 64.302004519790145 ], [ -15.066909849894698, 64.301819223327229 ], [ -15.066797025872022, 64.301501851673706 ], [ -15.066624320830302, 64.301128836329696 ], [ -15.066538987334445, 64.30085640921601 ], [ -15.066457902948359, 64.300633209468614 ], [ -15.066247264092148, 64.300445794796957 ], [ -15.06606274141045, 64.300391690147251 ], [ -15.065777550272163, 64.300408530310122 ], [ -15.065174801465215, 64.300510090720977 ], [ -15.064575559826467, 64.300587187379023 ], [ -15.064217845254689, 64.300636440535541 ], [ -15.06392632845947, 64.300697307321926 ], [ -15.063551723849336, 64.300785391830459 ], [ -15.06334683031322, 64.300873158892642 ], [ -15.06328138640767, 64.301013813830409 ] ], [ [ -15.066859865196381, 64.308198966308296 ], [ -15.067113199047483, 64.30823702154774 ], [ -15.067282386044011, 64.308260319178899 ], [ -15.067612732512783, 64.308362865530199 ], [ -15.067767598679367, 64.308385775381367 ], [ -15.068761634347302, 64.307570115943747 ], [ -15.067906747380746, 64.307415946107099 ], [ -15.067461839486311, 64.307310302629688 ], [ -15.067101079194837, 64.307219415113806 ], [ -15.066818219792793, 64.307186802118963 ], [ -15.066517470679525, 64.307178668636055 ], [ -15.066231043118353, 64.307170921884406 ], [ -15.065477365797745, 64.307113089231038 ], [ -15.065205220002657, 64.30700587102929 ], [ -15.064954577967507, 64.306949161965562 ], [ -15.064531227901471, 64.30699387603795 ], [ -15.064218875586135, 64.307066556645509 ], [ -15.063704237330281, 64.307146243979162 ], [ -15.062970245628224, 64.307051484977833 ], [ -15.062490437468201, 64.306888711877903 ], [ -15.061814634612528, 64.306789281099213 ], [ -15.061040427029329, 64.306874412272663 ], [ -15.061054007283889, 64.307480158103488 ], [ -15.061323408404327, 64.307406320785475 ], [ -15.061471983129486, 64.307372898167628 ], [ -15.061770946202627, 64.307393475704231 ], [ -15.062196122996424, 64.307436192876679 ], [ -15.062692908537814, 64.307480847323603 ], [ -15.063144945090176, 64.307536770768195 ], [ -15.063493195093105, 64.307714703673184 ], [ -15.063713411978922, 64.307783073717815 ], [ -15.064144884202879, 64.307882124262335 ], [ -15.064592466748477, 64.30796912737398 ], [ -15.064989905889897, 64.308004844528753 ], [ -15.065132231232036, 64.308014936033587 ], [ -15.065371239166055, 64.308052606842196 ], [ -15.065827752798899, 64.308077437765093 ], [ -15.06595843420877, 64.308068490544457 ], [ -15.066273514755816, 64.308077012530589 ], [ -15.066641421648313, 64.308118167325418 ], [ -15.066859865196381, 64.308198966308296 ] ], [ [ -15.022414214026227, 64.313162656348155 ], [ -15.022513116837006, 64.313324772907706 ], [ -15.022674918350402, 64.313475324747984 ], [ -15.022869130844715, 64.313613478116807 ], [ -15.023128163768288, 64.313726834533213 ], [ -15.023452017222215, 64.313815393650813 ], [ -15.02377779298787, 64.313890720194451 ], [ -15.024143659769024, 64.313900719997321 ], [ -15.024509526816873, 64.313910718881246 ], [ -15.02487347443765, 64.313933948715203 ], [ -15.025197335969958, 64.314022503953694 ], [ -15.024907576881905, 64.314120861129609 ], [ -15.024535947277114, 64.314150558839501 ], [ -15.024166236920772, 64.314167023741504 ], [ -15.023796526120696, 64.314183487705151 ], [ -15.023426814876904, 64.314199950730483 ], [ -15.023053262004794, 64.314242876508018 ], [ -15.022708276494091, 64.31429986675036 ], [ -15.022418505553368, 64.31439821897682 ], [ -15.022244927585847, 64.314539600882682 ], [ -15.02225236513344, 64.314699216577822 ], [ -15.022229312851417, 64.3148579985982 ], [ -15.0224789949766, 64.314824972314284 ], [ -15.022532535497092, 64.314667023873824 ], [ -15.02270611278866, 64.314525641624016 ], [ -15.02305302175299, 64.314455419540479 ], [ -15.023398008503571, 64.31439842848107 ], [ -15.023771562954241, 64.314355501818994 ], [ -15.024141276087331, 64.314339037918486 ], [ -15.024510988776681, 64.314322573079636 ], [ -15.024880701022257, 64.314306107302457 ], [ -15.025254251895863, 64.314263176838409 ], [ -15.025601151018988, 64.314192948687847 ], [ -15.025774709497536, 64.314051562786304 ], [ -15.02558047927104, 64.313913413287409 ], [ -15.025222289894186, 64.31385048959956 ], [ -15.024858343085198, 64.313827260637254 ], [ -15.024496316759979, 64.31379079890182 ], [ -15.024136211434703, 64.313741104407669 ], [ -15.023810436461549, 64.31366577866639 ], [ -15.023486583616753, 64.313577220346602 ], [ -15.023227550624872, 64.313463864568746 ], [ -15.023000928593783, 64.3133381100088 ], [ -15.022774308640154, 64.313212355097363 ], [ -15.022414214026227, 64.313162656348155 ] ], [ [ -15.001328432460598, 64.318043689612011 ], [ -15.001581636099544, 64.318185077388733 ], [ -15.002353069714715, 64.318831610296812 ], [ -15.002982465555551, 64.319295397930702 ], [ -15.00298371796268, 64.319362646764873 ], [ -15.003234101952096, 64.319921643229236 ], [ -15.003304955408609, 64.320346080046008 ], [ -15.003306609039925, 64.320941453130217 ], [ -15.003062999648137, 64.321549293629943 ], [ -15.002618197414403, 64.322170811416456 ], [ -15.002119806681709, 64.322704437526767 ], [ -15.001719346187638, 64.323173538693908 ], [ -15.00156584483917, 64.323466985438586 ], [ -15.001666000638625, 64.323690585109773 ], [ -15.001982126206981, 64.324102557634916 ], [ -15.002284301682552, 64.324610166722124 ], [ -15.002588703394673, 64.32540589811093 ], [ -15.002837210663618, 64.326030216748279 ], [ -15.003070859257123, 64.326955471360407 ], [ -15.004659660521794, 64.330331333418201 ], [ -15.004731492245206, 64.330678704862734 ], [ -15.004807186938871, 64.33099961304174 ], [ -15.004821868021068, 64.331318846553316 ], [ -15.004836549445136, 64.331638080069979 ], [ -15.004851231211088, 64.331957313591715 ], [ -15.004865913318937, 64.332276547118511 ], [ -15.005002632233609, 64.332599129845448 ], [ -15.005265253288307, 64.332898598176058 ], [ -15.005718660082673, 64.333150162449471 ], [ -15.0061071948742, 64.333426514497816 ], [ -15.006495737498604, 64.333702865515392 ], [ -15.006819406909868, 64.334004005001276 ], [ -15.007143083431757, 64.334305143774273 ], [ -15.007592671760998, 64.334583165546874 ], [ -15.008046127772854, 64.334834722607596 ], [ -15.00856447419488, 64.335061488013125 ], [ -15.009017947035991, 64.335313042058445 ], [ -15.009471428199335, 64.335564594697161 ], [ -15.00986003504098, 64.335840936784507 ], [ -15.010415204159028, 64.336259069689987 ], [ -15.009786888161239, 64.336813504877327 ], [ -15.009237457594246, 64.337298309891864 ], [ -15.009117117520759, 64.337582724741779 ], [ -15.009216499601948, 64.337869207098564 ], [ -15.008981972400361, 64.338157664612041 ], [ -15.009008856805641, 64.338325318195018 ], [ -15.008668992448813, 64.33854412129827 ], [ -15.007799635443039, 64.338877903023928 ], [ -15.007261913126959, 64.339085456840877 ], [ -15.007047990649108, 64.338911987308251 ], [ -15.006762062255389, 64.338729942536887 ], [ -15.006483458425363, 64.33859971382239 ], [ -15.006169590510201, 64.338507229098028 ], [ -15.005893623231279, 64.338460947202009 ], [ -15.005374900309901, 64.338446716768019 ], [ -15.00479501963161, 64.338443710332385 ], [ -15.004350400720281, 64.338431509580218 ], [ -15.00350937862544, 64.338382619433546 ], [ -15.002685995208081, 64.338314852599609 ], [ -15.002452620411747, 64.338282637315643 ], [ -15.001592290248132, 64.338162233669777 ], [ -15.001014493309363, 64.338043133007716 ], [ -14.999521805991325, 64.337769854609249 ], [ -14.999459707875376, 64.337787504434189 ], [ -14.999423493608374, 64.337831673541245 ], [ -14.999447588036576, 64.337897115047298 ], [ -15.000231254937592, 64.338063291035652 ], [ -15.002380943912803, 64.338467777499048 ], [ -15.003307137583191, 64.338544820079704 ], [ -15.004090757576629, 64.338579231943157 ], [ -15.005095752715533, 64.338626165597404 ], [ -15.005556133584081, 64.338632344410485 ], [ -15.005906205921129, 64.33868065974562 ], [ -15.0063295241739, 64.338805286592574 ], [ -15.006656843455355, 64.339043203687737 ], [ -15.006814071811172, 64.339189459215035 ], [ -15.006923266256297, 64.339256973556601 ], [ -15.006379520912674, 64.339723591928248 ], [ -15.006458363943239, 64.339846248134876 ], [ -15.006679100597397, 64.340042583956063 ], [ -15.006264252385789, 64.340000232934003 ], [ -15.005945680839565, 64.339939879038809 ], [ -15.00558996585327, 64.339930121351898 ], [ -15.005266872721201, 64.339921350820276 ], [ -15.004979164904293, 64.339921419468766 ], [ -15.004728809635605, 64.339917204379077 ], [ -15.004423968994049, 64.339908839728508 ], [ -15.003910453815029, 64.339916298490692 ], [ -15.003235045639688, 64.339955829005461 ], [ -15.002585524572758, 64.340021875142369 ], [ -15.001823998994526, 64.340039679012108 ], [ -15.001392299483648, 64.340040728679014 ], [ -15.000654044267602, 64.34000109735841 ], [ -14.999705679164638, 64.339871813772007 ], [ -14.998592619431504, 64.33964766951371 ], [ -14.998490540586664, 64.339735192681346 ], [ -14.999404350730867, 64.339999027571295 ], [ -15.000901113946465, 64.340143375555456 ], [ -15.001790404631254, 64.340167796744225 ], [ -15.002613096812262, 64.34013876814565 ], [ -15.003840659224789, 64.340088586912898 ], [ -15.004976474435306, 64.340055234236473 ], [ -15.005526110158369, 64.340074434433191 ], [ -15.00590141526256, 64.340103307802437 ], [ -15.006347495654019, 64.340192510009928 ], [ -15.006637066703997, 64.340300796890247 ], [ -15.006873493044024, 64.340355178750286 ], [ -15.006321991869466, 64.340633237827035 ], [ -15.005217756522736, 64.341036977704761 ], [ -15.004393674126481, 64.341280980325209 ], [ -15.004055779453935, 64.341577890068038 ], [ -15.003764720685959, 64.341994406168013 ], [ -15.003627684872608, 64.342367247714918 ], [ -15.003659167304018, 64.342868777325819 ], [ -15.003950726368295, 64.343440675228123 ], [ -15.003925125758334, 64.344083199401808 ], [ -15.004844444653754, 64.344175622074971 ], [ -15.005076506454381, 64.344295117050464 ], [ -15.005412775154001, 64.344468920825449 ], [ -15.005699549302262, 64.344609897333484 ], [ -15.006127042317132, 64.344732767514216 ], [ -15.006451810588814, 64.345032953425857 ], [ -15.006500962860134, 64.345215160981041 ], [ -15.00635523680333, 64.345376293332734 ], [ -15.006407245913945, 64.345483273133354 ], [ -15.006634666251443, 64.345503444842009 ], [ -15.006946132981465, 64.345602008499313 ], [ -15.007033068970481, 64.345780081450528 ], [ -15.007767251432909, 64.345800701905361 ], [ -15.00777046275604, 64.345893268051483 ], [ -15.007710808423862, 64.346023155175416 ], [ -15.007934914677744, 64.346239793270627 ], [ -15.008136698802096, 64.346433288450669 ], [ -15.008358933578748, 64.346385527028218 ], [ -15.008621549263127, 64.346345391394834 ], [ -15.008867848087521, 64.346358959781142 ], [ -15.009241894573279, 64.346497274207536 ], [ -15.009772826217654, 64.346637394723729 ], [ -15.010203740968102, 64.346655944212245 ], [ -15.0105166111285, 64.346720309559714 ], [ -15.010725729272442, 64.346872267104075 ], [ -15.010619420158561, 64.347029671996353 ], [ -15.010798779458764, 64.34712354422588 ], [ -15.01077565052111, 64.347198765482986 ], [ -15.010906637810418, 64.34722988294493 ], [ -15.011050973403467, 64.347172275525324 ], [ -15.011459670606749, 64.347156452736314 ], [ -15.011544995239015, 64.347231539777553 ], [ -15.011600394592513, 64.347345400835351 ], [ -15.011547228794409, 64.347130120994578 ], [ -15.011559377554892, 64.347005970743979 ], [ -15.011329436766932, 64.346980734611293 ], [ -15.01102053756364, 64.346946395682394 ], [ -15.010916992855359, 64.346755267667689 ], [ -15.01081955006738, 64.346628961061853 ], [ -15.010952516393811, 64.34658500775349 ], [ -15.011072322154323, 64.346655881197535 ], [ -15.011104061687533, 64.346743028854036 ], [ -15.011278158981233, 64.346848218667105 ], [ -15.0113291788622, 64.346782415693951 ], [ -15.011482231303418, 64.346741019228858 ], [ -15.011669492236763, 64.346658108257245 ], [ -15.012146323744076, 64.346625509590027 ], [ -15.012049887541503, 64.346473477354408 ], [ -15.012169022146546, 64.346461630423107 ], [ -15.012171609526316, 64.346431159984135 ], [ -15.012366516246873, 64.346253976560661 ], [ -15.012496251273337, 64.346159830468153 ], [ -15.012992906759589, 64.346021659602144 ], [ -15.01360435409892, 64.345903378485687 ], [ -15.014179574178469, 64.345823290285878 ], [ -15.014664755992367, 64.3459691941963 ], [ -15.014985196054294, 64.346082993064556 ], [ -15.014956037337504, 64.346144260094064 ], [ -15.015424823187166, 64.346226359245833 ], [ -15.015820236711155, 64.346195035754718 ], [ -15.015930553897608, 64.346186296549106 ], [ -15.016136250305168, 64.346208939379636 ], [ -15.016276149419246, 64.346079407234868 ], [ -15.016650999764105, 64.346031690172651 ], [ -15.016864180925273, 64.34592723402082 ], [ -15.017151010515651, 64.345843694283531 ], [ -15.017377800673749, 64.345843667580766 ], [ -15.017481118766215, 64.345826277033879 ], [ -15.017859870322342, 64.345987555529149 ], [ -15.018206683621449, 64.346265982442617 ], [ -15.018215708129594, 64.346354665658893 ], [ -15.018284579661914, 64.346453414806703 ], [ -15.01879107611437, 64.346700628460383 ], [ -15.018967128978929, 64.346814405668226 ], [ -15.019521088116161, 64.347028413804537 ], [ -15.019886090973541, 64.347132219870289 ], [ -15.020296574387661, 64.34722980840148 ], [ -15.020431491328722, 64.347327633406636 ], [ -15.020480784733399, 64.347344178557933 ], [ -15.020885921556951, 64.347365306352856 ], [ -15.021110201979717, 64.347328776151514 ], [ -15.021310613001623, 64.347321083003749 ], [ -15.021548185032101, 64.347311883975053 ], [ -15.02210377546584, 64.347463372763585 ], [ -15.022133666029168, 64.347736764494826 ], [ -15.022086362429182, 64.348007305542012 ], [ -15.022156052130795, 64.348032973621301 ], [ -15.022537605547683, 64.34787859740733 ], [ -15.022817826441322, 64.347761063646104 ], [ -15.023161215790546, 64.347606307500783 ], [ -15.023789399026393, 64.347523309628428 ], [ -15.024740686343408, 64.347557622337959 ], [ -15.025959121380113, 64.34774109497053 ], [ -15.028510056422412, 64.348383743990283 ], [ -15.029516585671633, 64.348789522044271 ], [ -15.030588919321827, 64.349411711821773 ], [ -15.032907514591226, 64.35021242265212 ], [ -15.034390244747472, 64.350820137908599 ], [ -15.035928351997917, 64.351588198790338 ], [ -15.037321528143437, 64.352272871195751 ], [ -15.038563203970542, 64.352919368455318 ], [ -15.039469261197798, 64.353352487832552 ], [ -15.040127626667003, 64.353688094323346 ], [ -15.040882241790781, 64.353901498608622 ], [ -15.041480465815475, 64.353929101215442 ], [ -15.042395009139602, 64.353761052987906 ], [ -15.043461121533847, 64.353631155964592 ], [ -15.04389638860342, 64.353518162247411 ], [ -15.044284458251658, 64.353188297921918 ], [ -15.044286286714225, 64.352632357786618 ], [ -15.044059938956854, 64.352024834679099 ], [ -15.043802688228133, 64.351268964161022 ], [ -15.043617147974986, 64.350560427463762 ], [ -15.043819572752351, 64.349703573431313 ], [ -15.04387539969561, 64.348593109878891 ], [ -15.044298938296139, 64.344576524970819 ], [ -15.043936167489052, 64.342921395630256 ], [ -15.043460013285362, 64.342418587931832 ], [ -15.043462229430217, 64.342406998089032 ], [ -15.043446103133657, 64.342321317622464 ], [ -15.043422524083239, 64.342196039038157 ], [ -15.043411860646037, 64.342139382422772 ], [ -15.043359581675212, 64.342050809073612 ], [ -15.043299849388292, 64.341949607264709 ], [ -15.043229509540447, 64.34187322535621 ], [ -15.043177746093708, 64.341886721929313 ], [ -15.043059436212021, 64.341917569408466 ], [ -15.04304585558156, 64.341912710917555 ], [ -15.042792896203862, 64.341822213775316 ], [ -15.042722601290201, 64.341797065329743 ], [ -15.042676229270805, 64.341780475405756 ], [ -15.042553387081785, 64.341736527560144 ], [ -15.042381729867309, 64.341578087456355 ], [ -15.042308015156825, 64.34151004794407 ], [ -15.042267098824169, 64.341472281544526 ], [ -15.042211397155642, 64.341420867869232 ], [ -15.042093346076816, 64.341249356191113 ], [ -15.042102500991009, 64.341239572916322 ], [ -15.042147376754913, 64.341191616931454 ], [ -15.042192316075472, 64.341195334728809 ], [ -15.042266683502209, 64.341201487059607 ], [ -15.042396446210546, 64.341212222080799 ], [ -15.042568420626342, 64.341212433632151 ], [ -15.042676553980643, 64.341212566546645 ], [ -15.0427135603846, 64.341212612015681 ], [ -15.042721698295756, 64.341214581442657 ], [ -15.042824102739644, 64.341239363915619 ], [ -15.04285904392229, 64.34124781985912 ], [ -15.042869505549675, 64.341239350646603 ], [ -15.042999558838902, 64.341134065483459 ], [ -15.043049028599345, 64.341094016798138 ], [ -15.043176477630087, 64.341077110134023 ], [ -15.043193229191456, 64.341074887957319 ], [ -15.043207045756271, 64.340986976899245 ], [ -15.043209915643843, 64.340968716511711 ], [ -15.0432131318326, 64.340948252666252 ], [ -15.043176222062897, 64.34091398494202 ], [ -15.042979098538733, 64.340730970152435 ], [ -15.042946813670609, 64.340698259607905 ], [ -15.042832714148926, 64.340582655002137 ], [ -15.042907922997744, 64.340539089014996 ], [ -15.042977806418904, 64.340498607712888 ], [ -15.043175521352971, 64.340466719896355 ], [ -15.043215358082993, 64.340460294916397 ], [ -15.043214234374851, 64.340450680667189 ], [ -15.043211542285635, 64.340427647597934 ], [ -15.043207050715051, 64.340389218378192 ], [ -15.043185351764706, 64.340304418101496 ], [ -15.043175265307418, 64.340303281279759 ], [ -15.042916954060171, 64.340274167336133 ], [ -15.042911873319518, 64.340273594686906 ], [ -15.042720280305288, 64.340299839664951 ], [ -15.042545344908859, 64.340323802570794 ], [ -15.042509412115058, 64.340328724666406 ], [ -15.042381071944277, 64.340346304693142 ], [ -15.042265381534149, 64.340352551027294 ], [ -15.042149130413163, 64.340358827540442 ], [ -15.041854081241798, 64.340374757110624 ], [ -15.041810454947743, 64.340388073656968 ], [ -15.041766024405469, 64.340401635666524 ], [ -15.041679353108218, 64.340428091196202 ], [ -15.041634090646513, 64.340441907060494 ], [ -15.041463733938846, 64.34049243099831 ], [ -15.041463376154319, 64.340492537108702 ], [ -15.041463301158547, 64.340492174018053 ], [ -15.041450078415387, 64.340428156198271 ], [ -15.041434632709999, 64.340353375543046 ], [ -15.041355393885466, 64.340334760743474 ], [ -15.041171756110499, 64.340291620261297 ], [ -15.041077516516062, 64.340263096849455 ], [ -15.04090022771698, 64.340209436686337 ], [ -15.040729704514836, 64.340157823872772 ], [ -15.040607489058486, 64.340120832280945 ], [ -15.040444866186771, 64.339948166726671 ], [ -15.040387619528548, 64.339887384274917 ], [ -15.040360866716009, 64.339858978996745 ], [ -15.04037767176821, 64.339847519884913 ], [ -15.040444651462824, 64.33980184732664 ], [ -15.040522649039829, 64.339748661591983 ], [ -15.040593597855807, 64.339705443802131 ], [ -15.040709921102691, 64.339634586245381 ], [ -15.040661235428477, 64.339616774395054 ], [ -15.040468635055564, 64.339546310386893 ], [ -15.040444257226557, 64.339533198278232 ], [ -15.040239997568966, 64.339423332437207 ], [ -15.040317998683465, 64.339346334935584 ], [ -15.040365342051436, 64.33929960048772 ], [ -15.040402189899764, 64.339263226447898 ], [ -15.040443747907187, 64.339186118130584 ], [ -15.040463902966358, 64.33914872150261 ], [ -15.040443667459703, 64.33913129559501 ], [ -15.040379205654229, 64.339075783823503 ], [ -15.040318928981677, 64.339023875882461 ], [ -15.040307805827348, 64.338995134115962 ], [ -15.040256342225693, 64.338862153524047 ], [ -15.040104345500799, 64.338822756021656 ], [ -15.040072864115002, 64.338805333605023 ], [ -15.039988166208278, 64.338758459978422 ], [ -15.039980040698893, 64.338753963137378 ], [ -15.039982402087658, 64.338720368441827 ], [ -15.039893591224605, 64.338674841082906 ], [ -15.039829393397889, 64.338584763208559 ], [ -15.039805740262715, 64.338534872094172 ], [ -15.039802938043996, 64.338528961414525 ], [ -15.039759012631224, 64.338481401842216 ], [ -15.039561295958071, 64.338426754907161 ], [ -15.03953912984538, 64.33830325991147 ], [ -15.039545813468644, 64.338272316237493 ], [ -15.039547521659703, 64.338264407685486 ], [ -15.039557936916809, 64.338216187218194 ], [ -15.039556018929446, 64.338143640878826 ], [ -15.039532294270645, 64.338118585549722 ], [ -15.03946924139723, 64.338051995921845 ], [ -15.039340074790932, 64.33799392919687 ], [ -15.039302491467071, 64.337937942745612 ], [ -15.039470217099943, 64.337861863035116 ], [ -15.040133156933148, 64.337931692932003 ], [ -15.040624009474932, 64.338056924972108 ], [ -15.041649325064345, 64.338318506454996 ], [ -15.042804272681442, 64.338648107080715 ], [ -15.043490619101258, 64.3387855236993 ], [ -15.044024049579155, 64.338728210336384 ], [ -15.044709537417136, 64.338499561565371 ], [ -15.044957528635777, 64.338262848408831 ], [ -15.044746494927949, 64.337959657411631 ], [ -15.044273534556144, 64.337462063173405 ], [ -15.044027069707038, 64.33720275359606 ], [ -15.043658862950146, 64.336405890947191 ], [ -15.043697265611353, 64.335733011482603 ], [ -15.0436256905327, 64.335167670078718 ], [ -15.043953650892755, 64.334523803327926 ], [ -15.044466757392273, 64.334220521982701 ], [ -15.044675539634937, 64.334214214653571 ], [ -15.04496233492614, 64.334358234890118 ], [ -15.045796250254838, 64.334597994477591 ], [ -15.046163823084568, 64.334915416984899 ], [ -15.046330222621794, 64.335196723040312 ], [ -15.046551513651311, 64.335374326699451 ], [ -15.046833693748916, 64.335605440590555 ], [ -15.046843349484408, 64.335827448695568 ], [ -15.046935467685342, 64.336011669718545 ], [ -15.047107400444258, 64.336027905520496 ], [ -15.047296320820042, 64.336097837647813 ], [ -15.047430450996472, 64.336189212357084 ], [ -15.047533691558101, 64.336378996118327 ], [ -15.047718679739218, 64.336617127092154 ], [ -15.04784478120559, 64.336730245793163 ], [ -15.048033186263096, 64.336825483888404 ], [ -15.048240897253523, 64.336909132995984 ], [ -15.04836651675015, 64.337023393615894 ], [ -15.048579538690406, 64.337086718137215 ], [ -15.048727794720374, 64.337057842098147 ], [ -15.048879396951373, 64.337007218695689 ], [ -15.049236890962151, 64.33696756786857 ], [ -15.049561207999052, 64.336904148209015 ], [ -15.049878835678106, 64.336752159558657 ], [ -15.05020105975836, 64.336491110088801 ], [ -15.050595510079416, 64.336171538905731 ], [ -15.050768641511889, 64.335747127013192 ], [ -15.050939013384506, 64.335692253462 ], [ -15.051264077044259, 64.335507006135316 ], [ -15.051453822544849, 64.335225676823327 ], [ -15.051607734848048, 64.335045028152024 ], [ -15.051674083291344, 64.334880486947569 ], [ -15.051829319620987, 64.334690632904142 ], [ -15.052072114236852, 64.334484670884308 ], [ -15.052150393818067, 64.33438514110027 ], [ -15.052483388296402, 64.334292518133523 ], [ -15.052849543641567, 64.334265481477843 ], [ -15.053201106661533, 64.334191842675878 ], [ -15.053377550898068, 64.334150420378435 ], [ -15.053453171107266, 64.334069300211482 ], [ -15.053615021979779, 64.333981276424709 ], [ -15.053926780592631, 64.333888074773412 ], [ -15.05403821720018, 64.333854130796283 ], [ -15.054368545815077, 64.333779913852581 ], [ -15.054750612822287, 64.333790268364766 ], [ -15.055238809973682, 64.333803497673046 ], [ -15.055831811547174, 64.333828805890604 ], [ -15.055980393606653, 64.333832831272858 ], [ -15.057426433577184, 64.334001374654619 ], [ -15.062620438267722, 64.334779574009474 ], [ -15.063076840777333, 64.334865844921978 ], [ -15.063730906683919, 64.334911253517845 ], [ -15.064028084897116, 64.33491928802853 ], [ -15.064602537938388, 64.334925576185626 ], [ -15.064903685673395, 64.334905993131841 ], [ -15.065564369643697, 64.334905367188597 ], [ -15.066138822745417, 64.33491164929174 ], [ -15.066503650386439, 64.334893783612728 ], [ -15.067228015230173, 64.33489487065016 ], [ -15.068460508597088, 64.334918917706062 ], [ -15.069674419838995, 64.334923970681416 ], [ -15.070714550920371, 64.334952046410876 ], [ -15.071858178885185, 64.335001389066036 ], [ -15.072366312575845, 64.335024339069662 ], [ -15.073511266682274, 64.335064463426178 ], [ -15.074044590212029, 64.335060364046882 ], [ -15.074620368280131, 64.335057407381797 ], [ -15.074836600946686, 64.335035514465375 ], [ -15.075294251209364, 64.334964683833746 ], [ -15.075645762884223, 64.334890990902963 ], [ -15.075694814428649, 64.33484610845592 ], [ -15.075706572355188, 64.334615402276441 ], [ -15.075608237587289, 64.334409451290085 ], [ -15.075424997475011, 64.334201211415206 ], [ -15.074943156470928, 64.333846307085892 ], [ -15.07462453852348, 64.333542006643953 ], [ -15.074385552306646, 64.333276816378273 ], [ -15.074117209567216, 64.332770569553105 ], [ -15.073995028207815, 64.332582455787474 ], [ -15.073815772322831, 64.332346597883657 ], [ -15.073729445395081, 64.332205655498058 ], [ -15.073444174093716, 64.332114792721313 ], [ -15.073274373745999, 64.332110212616286 ], [ -15.073189473593414, 64.332107922489598 ], [ -15.072955998246941, 64.33210162438624 ], [ -15.072473104302505, 64.332051633098274 ], [ -15.072085675717139, 64.33193028842885 ], [ -15.071540338319803, 64.331721512704462 ], [ -15.070827764385376, 64.331341883447195 ], [ -15.069494343664484, 64.330834596140079 ], [ -15.067907611518663, 64.330311211901687 ], [ -15.067459201335664, 64.330169724441646 ], [ -15.067260187374838, 64.330071937754909 ], [ -15.067022694580992, 64.329945388094117 ], [ -15.067021302628934, 64.329806735476481 ], [ -15.067062286643454, 64.329521371832499 ], [ -15.067075507111332, 64.329429319042774 ], [ -15.067071470844379, 64.32930907698811 ], [ -15.066820695585907, 64.329126721902398 ], [ -15.066455878066593, 64.328996730479417 ], [ -15.065856295464833, 64.328869633940002 ], [ -15.065150607104471, 64.32873966643217 ], [ -15.064605442802682, 64.328678722691208 ], [ -15.06403768198262, 64.32847855040869 ], [ -15.063350537676952, 64.328219700676584 ], [ -15.063065342237792, 64.328128817612011 ], [ -15.062614299688939, 64.327857867871032 ], [ -15.062098278513691, 64.327594399528039 ], [ -15.061546444049347, 64.327283754763101 ], [ -15.061271855385257, 64.327119226374521 ], [ -15.060735856436665, 64.326402400119676 ], [ -15.060302164280019, 64.32563192404055 ], [ -15.062545658949569, 64.324146211738977 ], [ -15.06303119517008, 64.325106075567206 ], [ -15.063254122830175, 64.325481747207064 ], [ -15.06344917056928, 64.325755012922983 ], [ -15.063815306247829, 64.326023664456912 ], [ -15.06422124409713, 64.32631187327064 ], [ -15.064607235777578, 64.326442444053185 ], [ -15.065247878170977, 64.326579898365637 ], [ -15.065806288822717, 64.326696644903535 ], [ -15.066564946042389, 64.326754114051255 ], [ -15.067131297250377, 64.326815623876257 ], [ -15.067863453046394, 64.326909333954362 ], [ -15.06817119423938, 64.326991575604822 ], [ -15.068494872510794, 64.327111210989884 ], [ -15.069053307804667, 64.327227945089987 ], [ -15.069624958713197, 64.327252624043325 ], [ -15.069981756420333, 64.327289981473243 ], [ -15.070244423860363, 64.327389483339502 ], [ -15.070472663717975, 64.327580464890445 ], [ -15.070878603921859, 64.327720797313305 ], [ -15.071473090451109, 64.328180410205547 ], [ -15.071863200076288, 64.328431203709442 ], [ -15.072346226302976, 64.32877691276903 ], [ -15.07279738012797, 64.329047832404015 ], [ -15.073539063917773, 64.329372792440296 ], [ -15.074308586616464, 64.329652294363001 ], [ -15.074893711725577, 64.32988061498726 ], [ -15.075790603982103, 64.330163542776475 ], [ -15.076796271531244, 64.330430914419821 ], [ -15.077750153249996, 64.330613715128976 ], [ -15.078942785737498, 64.330765976944292 ], [ -15.079720171519325, 64.330842360096383 ], [ -15.080379439570551, 64.330850872403033 ], [ -15.080543962947862, 64.330892265838244 ], [ -15.08043271339368, 64.331074087966059 ], [ -15.080393183880702, 64.331350249991303 ], [ -15.080495639070845, 64.331676439406792 ], [ -15.080617860993165, 64.331864547711618 ], [ -15.080956433695862, 64.332178611834067 ], [ -15.081281693173992, 64.332436871360898 ], [ -15.085383459273549, 64.33713068196316 ], [ -15.085318961190024, 64.337581748966585 ], [ -15.085116383064143, 64.337955176831969 ], [ -15.084581852910002, 64.338116380119388 ], [ -15.08381378608083, 64.338271300734533 ], [ -15.082567955895849, 64.338339437725708 ], [ -15.078170585504076, 64.338091691604021 ], [ -15.077330502876835, 64.337856521017443 ], [ -15.076304647682587, 64.337579375482463 ], [ -15.075274854226194, 64.337329838807861 ], [ -15.07416808406877, 64.337022773214898 ], [ -15.073350617491521, 64.336778946757747 ], [ -15.072084629592911, 64.336393642435254 ], [ -15.070713948196325, 64.336144115310944 ], [ -15.069347338954465, 64.336014817345756 ], [ -15.067858663868952, 64.335845245576834 ], [ -15.066549153457053, 64.335763667763729 ], [ -15.065893739802529, 64.335727477082258 ], [ -15.064527230499335, 64.335745991887336 ], [ -15.064154450256908, 64.3358190841587 ], [ -15.063710043817521, 64.335945685253492 ], [ -15.063358486539562, 64.336019349407195 ], [ -15.063079877041542, 64.336030298035439 ], [ -15.062509372881147, 64.335996388153333 ], [ -15.061137512327555, 64.335903834194312 ], [ -15.059310578162632, 64.335715780829645 ], [ -15.057487664192561, 64.335647946938963 ], [ -15.05561302121634, 64.335643376318188 ], [ -15.054831591304584, 64.335742338040589 ], [ -15.054105878093484, 64.335898252525737 ], [ -15.053345659228976, 64.33614563955804 ], [ -15.05281229800732, 64.336445379131021 ], [ -15.052436804862209, 64.336832567675557 ], [ -15.052097078519255, 64.337858364110232 ], [ -15.05177726596747, 64.338450366675644 ], [ -15.051405699667402, 64.338957795160553 ], [ -15.050971773425436, 64.339306432280907 ], [ -15.050695763440027, 64.339446804955145 ], [ -15.050284419903791, 64.339491094734313 ], [ -15.049622296682312, 64.339500856552334 ], [ -15.049165859353298, 64.339414543492495 ], [ -15.049216264712493, 64.339508322813032 ], [ -15.05000707627218, 64.339640671238726 ], [ -15.050959788547791, 64.339684994506143 ], [ -15.051336640002452, 64.339584320533319 ], [ -15.051709518331231, 64.339363403033758 ], [ -15.052171313799906, 64.338821455587933 ], [ -15.052285446755988, 64.338473386678871 ], [ -15.052341198675355, 64.338086770377387 ], [ -15.052515039667064, 64.337620185490707 ], [ -15.052858709386408, 64.337010346529595 ], [ -15.053299210370678, 64.336615678053406 ], [ -15.053779499091847, 64.33638842727494 ], [ -15.054755978014251, 64.336119174845436 ], [ -15.055258806312596, 64.336031147207038 ], [ -15.056206086032041, 64.335964398927516 ], [ -15.058001141846995, 64.335929842143301 ], [ -15.060484786227157, 64.335997066692599 ], [ -15.062803962047514, 64.336170693599911 ], [ -15.063610625352682, 64.336192505278689 ], [ -15.064029838187755, 64.336092946381257 ], [ -15.064638775594144, 64.33600775571108 ], [ -15.065222512459339, 64.335949604599975 ], [ -15.065904449432093, 64.335949550811989 ], [ -15.066817248167926, 64.335974212702567 ], [ -15.067588136897202, 64.336096686988128 ], [ -15.070911788343519, 64.336398960592518 ], [ -15.072607615060379, 64.336758906854868 ], [ -15.077929145157649, 64.338140633771459 ], [ -15.078934992080349, 64.338260132825894 ], [ -15.080403954730256, 64.338419814618035 ], [ -15.081606164820966, 64.338507616881429 ], [ -15.083369588776689, 64.338545819737448 ], [ -15.084785102324375, 64.338334384828428 ], [ -15.085403070135429, 64.338036811346996 ], [ -15.085731706381869, 64.337676012858807 ], [ -15.085701726424553, 64.336991385102607 ], [ -15.08158280164916, 64.332417253854857 ], [ -15.08108905511072, 64.332145218589673 ], [ -15.080807280072449, 64.331583180288675 ], [ -15.08088384028998, 64.331197124707629 ], [ -15.081168834369452, 64.330992257122148 ], [ -15.081414010406526, 64.330767835487919 ], [ -15.081392638868914, 64.330619406252666 ], [ -15.081251974544442, 64.330560174325782 ], [ -15.080763822630306, 64.330547032141553 ], [ -15.080376520503124, 64.330573567414078 ], [ -15.079559465954683, 64.330625491657486 ], [ -15.078817943893217, 64.33059627802038 ], [ -15.077531067515039, 64.330358307319102 ], [ -15.076796026374584, 64.330135198632121 ], [ -15.075521062251205, 64.329814361884829 ], [ -15.073946151675628, 64.329208195222421 ], [ -15.072628618738674, 64.328590472568592 ], [ -15.071764725473324, 64.327929534460054 ], [ -15.070946048638879, 64.327399184239226 ], [ -15.07050823667957, 64.327184063684072 ], [ -15.06983303771945, 64.326990254627162 ], [ -15.069326376187513, 64.326958090507574 ], [ -15.06876133846815, 64.326887383919825 ], [ -15.068137927395362, 64.326778134185389 ], [ -15.067720119948699, 64.326720641686705 ], [ -15.066888476218121, 64.326578037269783 ], [ -15.06559924717093, 64.326358371836818 ], [ -15.064807362839836, 64.32608745549372 ], [ -15.064390840004595, 64.325872890337124 ], [ -15.064019409165834, 64.325641061247865 ], [ -15.063584274329369, 64.325259651566796 ], [ -15.063261813694352, 64.324687226499037 ], [ -15.063237800040769, 64.324261489460071 ], [ -15.063167381029464, 64.323862220163264 ], [ -15.063157941526779, 64.323796429948999 ], [ -15.063983897289445, 64.323275735030379 ], [ -15.064221829176468, 64.323143017478856 ], [ -15.064396571386332, 64.323029872868503 ], [ -15.064485816388819, 64.322960254461364 ], [ -15.064531595234042, 64.322878000923055 ], [ -15.064727847181651, 64.322650809805239 ], [ -15.065136526410544, 64.32195021081418 ], [ -15.065561008492555, 64.321222481909501 ], [ -15.066030438781823, 64.32030784029088 ], [ -15.065877395661266, 64.31976913050994 ], [ -15.064858794907902, 64.319043733589183 ], [ -15.064229059320878, 64.318683835712022 ], [ -15.063285418896257, 64.318334476306717 ], [ -15.063414530894898, 64.318060488396384 ], [ -15.063624117329965, 64.317880185305938 ], [ -15.063666019408222, 64.31780161603065 ], [ -15.063583968804675, 64.317520435978977 ], [ -15.065003805801748, 64.31743928872109 ], [ -15.065571702586537, 64.317321808704037 ], [ -15.065992825546187, 64.317160506718807 ], [ -15.066303368596849, 64.316916511253794 ], [ -15.066461439779808, 64.316668393105061 ], [ -15.066489936965787, 64.316469906853456 ], [ -15.06616201968825, 64.316195365167786 ], [ -15.066083748218302, 64.315887721731059 ], [ -15.06625321459178, 64.315560209360726 ], [ -15.066344595541645, 64.315350139655635 ], [ -15.066682779283422, 64.31470722021767 ], [ -15.066509957355374, 64.314424749890534 ], [ -15.066214644439668, 64.314169833539509 ], [ -15.065945895920045, 64.313895057195523 ], [ -15.066295499008108, 64.313441514643998 ], [ -15.06685181824222, 64.313199336724097 ], [ -15.067617640107006, 64.312818777260858 ], [ -15.067993841346418, 64.312509993820711 ], [ -15.06837444572389, 64.312170462299349 ], [ -15.068402299640491, 64.311811107708408 ], [ -15.068048004576591, 64.311636910955045 ], [ -15.067787659247013, 64.311565055974924 ], [ -15.067332894675438, 64.311505725433008 ], [ -15.067710562108237, 64.31131803872691 ], [ -15.067896068614623, 64.311125156867931 ], [ -15.067895945837055, 64.310881588623673 ], [ -15.06803889593418, 64.310740836124552 ], [ -15.068000950706308, 64.310492169982126 ], [ -15.067901951326748, 64.310330349099033 ], [ -15.067777900410281, 64.310192814773032 ], [ -15.067434473608728, 64.309930770954111 ], [ -15.066782200213954, 64.30961668817163 ], [ -15.066582975960552, 64.309502083722037 ], [ -15.066435243265083, 64.309429437838176 ], [ -15.066334516875751, 64.30937990646801 ], [ -15.066115194985068, 64.309355251971539 ], [ -15.065857857522136, 64.309395099222797 ], [ -15.065677933417511, 64.309396473599179 ], [ -15.065454128428222, 64.309352973878845 ], [ -15.065264750671354, 64.309219910821028 ], [ -15.065163114344427, 64.309126667044282 ], [ -15.064830884497244, 64.308786906626352 ], [ -15.064611549507472, 64.308712321431685 ], [ -15.064253960691028, 64.308749453235819 ], [ -15.063956766752689, 64.308716447132767 ], [ -15.063677467443419, 64.308658960710574 ], [ -15.063518996822497, 64.308561056953252 ], [ -15.063318917679165, 64.308502593309697 ], [ -15.063160928867999, 64.308501437618531 ], [ -15.063035603003193, 64.308473081378338 ], [ -15.062954136477805, 64.308439671234183 ], [ -15.062896832451855, 64.308388192093119 ], [ -15.062801937538355, 64.308348177359591 ], [ -15.062741188793451, 64.308351563378622 ], [ -15.062613519410965, 64.308358679340898 ], [ -15.062579520264482, 64.308369957523851 ], [ -15.062213442916674, 64.308491391462297 ], [ -15.062099774795385, 64.308532001057827 ], [ -15.061834411044021, 64.308576693116763 ], [ -15.061716681627869, 64.308596520679956 ], [ -15.061554238846032, 64.308676375766296 ], [ -15.061374805874154, 64.308824421724367 ], [ -15.061211506245902, 64.309060278553304 ], [ -15.061127436694282, 64.309345088449973 ], [ -15.061098396236691, 64.309547134897969 ], [ -15.061034889105903, 64.309738886470186 ], [ -15.061016621232838, 64.310066044903607 ], [ -15.060988026000034, 64.31026498293312 ], [ -15.060956749489387, 64.310482571399675 ], [ -15.060908455969901, 64.310668493985688 ], [ -15.060634589051665, 64.310923199938671 ], [ -15.060353990804039, 64.311124674567751 ], [ -15.059970869192286, 64.311238000605513 ], [ -15.059870999085611, 64.311435481241702 ], [ -15.059548228622058, 64.311549777805041 ], [ -15.059344115220421, 64.312359538685683 ], [ -15.059512304411948, 64.312725790102959 ], [ -15.059610494143541, 64.312894892225032 ], [ -15.05965860735413, 64.313041832556905 ], [ -15.059938845020461, 64.313167319639987 ], [ -15.060804411298072, 64.313408060085848 ], [ -15.059650119323745, 64.313448996637078 ], [ -15.059251469837365, 64.313465403763402 ], [ -15.054769142835191, 64.313532388518396 ], [ -15.053133310317397, 64.313583451379927 ], [ -15.051860987673507, 64.313577029444502 ], [ -15.049383387751829, 64.31341189523998 ], [ -15.045240027729593, 64.313344660419546 ], [ -15.040668820572833, 64.313394740126881 ], [ -15.038953025457415, 64.313357675314833 ], [ -15.037959501298658, 64.314213711033801 ], [ -15.035861880531053, 64.314394154643935 ], [ -15.034456348900187, 64.316200884631499 ], [ -15.033454636423699, 64.316748977093539 ], [ -15.031774277325763, 64.317318781371213 ], [ -15.030249864907457, 64.317433128773843 ], [ -15.029006260918166, 64.317952326475591 ], [ -15.028045246730606, 64.318462453905497 ], [ -15.026507157255633, 64.319157732327085 ], [ -15.024548960275453, 64.320198667982467 ], [ -15.024005126003329, 64.320700317132903 ], [ -15.022685744254614, 64.32154762531168 ], [ -15.021997477252487, 64.322090001651418 ], [ -15.02015572629386, 64.323064750248577 ], [ -15.01915582628803, 64.323452233855562 ], [ -15.017650852825245, 64.325492489619123 ], [ -15.016588477040591, 64.326976779618676 ], [ -15.016129254244278, 64.328193819660768 ], [ -15.01482794954242, 64.329485759890332 ], [ -15.013646032383235, 64.330893434940492 ], [ -15.012490920516957, 64.333011678328262 ], [ -15.012217345160609, 64.334752286664738 ], [ -15.011324716364323, 64.335496067299019 ], [ -15.010322602325703, 64.335189386800693 ], [ -15.009210126699992, 64.334414960720039 ], [ -15.008756666950543, 64.33416340728688 ], [ -15.008303215522622, 64.333911852447144 ], [ -15.007849772416048, 64.333660296200918 ], [ -15.007461216746481, 64.333383948793269 ], [ -15.00700779009674, 64.333132389936367 ], [ -15.006684128906231, 64.332831250885505 ], [ -15.006421492998669, 64.332531785112621 ], [ -15.006223740279303, 64.332207529669958 ], [ -15.006087008950386, 64.331884948096501 ], [ -15.005950280838855, 64.331562366401471 ], [ -15.005874571212592, 64.331241458804513 ], [ -15.005737848809302, 64.330918876923604 ], [ -15.005601129623079, 64.330596294921136 ], [ -15.005464413653815, 64.330273712797165 ], [ -15.005392573706176, 64.329926341722981 ], [ -15.00501749118995, 64.328785296847769 ], [ -15.004588787502115, 64.328082181643495 ], [ -15.00432699777774, 64.327297228620552 ], [ -15.003916476500851, 64.326469782828809 ], [ -15.003688214108385, 64.325455298981012 ], [ -15.003426191573439, 64.324823969655228 ], [ -15.003192919315534, 64.32429905186028 ], [ -15.00301573449585, 64.323996521461353 ], [ -15.002740604726771, 64.323758514865105 ], [ -15.00261002063753, 64.323591692743207 ], [ -15.002498690895427, 64.323444603522091 ], [ -15.002576279029194, 64.323216285234352 ], [ -15.002889658980317, 64.322888821144119 ], [ -15.003285082145723, 64.322150721389832 ], [ -15.003649786878283, 64.321623022766261 ], [ -15.003869665042522, 64.32117776480591 ], [ -15.003965372840501, 64.320825117238655 ], [ -15.003963424309701, 64.320383369300899 ], [ -15.003910145201035, 64.319383292589393 ], [ -15.003666030693562, 64.318781260508374 ], [ -15.003480788181331, 64.318382488070242 ], [ -15.003200414282135, 64.318029112245483 ], [ -15.002863409316053, 64.317760598404448 ], [ -15.001652391905274, 64.317112789945938 ], [ -15.000474039693039, 64.316696317892124 ], [ -14.998930844092918, 64.316202587200976 ], [ -14.997656352721137, 64.315687424971742 ], [ -14.996186203571479, 64.315224478281337 ], [ -14.995682459520312, 64.315037775081279 ], [ -14.994264339941569, 64.314749077861165 ], [ -14.993873262939413, 64.314699900191826 ], [ -14.99330589003665, 64.314645865938104 ], [ -14.993038646840642, 64.314657709493048 ], [ -14.99274902290092, 64.314822570571792 ], [ -14.992668579061835, 64.31507001074425 ], [ -14.998402144640396, 64.317095444723719 ], [ -14.999033991234562, 64.317314466196905 ], [ -15.000907563104004, 64.317876088163302 ], [ -15.001150726647293, 64.317953587053964 ], [ -15.001328432460598, 64.318043689612011 ] ], [ [ -15.030836474875185, 64.357304950277921 ], [ -15.030662166967801, 64.357371543277665 ], [ -15.030969542142079, 64.357522599533013 ], [ -15.031963534539415, 64.357858818705893 ], [ -15.032858521530194, 64.35812099357706 ], [ -15.041379838174018, 64.360868023512779 ], [ -15.043108632556725, 64.361303108248322 ], [ -15.043617277516889, 64.361382326540536 ], [ -15.044225600904449, 64.361505108523644 ], [ -15.044456778957155, 64.36155522837322 ], [ -15.044725015810579, 64.361598179237163 ], [ -15.044944461320462, 64.36161082332454 ], [ -15.045130492050438, 64.361593578178159 ], [ -15.045209110519197, 64.361524371291395 ], [ -15.045218528894395, 64.36145923145888 ], [ -15.045200609893243, 64.361393349736005 ], [ -15.045114347821524, 64.361325613255389 ], [ -15.044932406017375, 64.361255279955571 ], [ -15.04449161902612, 64.361171975619015 ], [ -15.043951729336431, 64.361109759723817 ], [ -15.043533687054206, 64.361018929657376 ], [ -15.042940338106789, 64.360892057958495 ], [ -15.042765037328378, 64.360838493995033 ], [ -15.042257001356328, 64.360683258882446 ], [ -15.041413085182208, 64.360446313963195 ], [ -15.032045687805523, 64.357670812264672 ], [ -15.031410307944075, 64.357510824932348 ], [ -15.030836474875185, 64.357304950277921 ] ], [ [ -15.027992142697833, 64.363263465290672 ], [ -15.02790055840104, 64.363454543250484 ], [ -15.027726862458978, 64.363624947509052 ], [ -15.027516109795451, 64.363757470268723 ], [ -15.027282826892451, 64.363898596446205 ], [ -15.026987291452782, 64.36402880743276 ], [ -15.026632170748021, 64.364129739929382 ], [ -15.026511523895591, 64.364227846737322 ], [ -15.026657219528017, 64.364250254594111 ], [ -15.026988479413969, 64.364167107175561 ], [ -15.027511823034354, 64.364079977084373 ], [ -15.028048497531419, 64.363901030385719 ], [ -15.028395748517832, 64.363707702096519 ], [ -15.028769521492155, 64.363478224598154 ], [ -15.02926778668904, 64.363270573916566 ], [ -15.029654743295717, 64.363096760517323 ], [ -15.03013180102748, 64.362888529486256 ], [ -15.030592987858711, 64.362642993649942 ], [ -15.031048837071879, 64.362434182358712 ], [ -15.031370858277665, 64.362267814303166 ], [ -15.031712736707608, 64.362111204148789 ], [ -15.032009679748667, 64.3618243209052 ], [ -15.032153057194561, 64.361422642715738 ], [ -15.032208997028244, 64.361037019315475 ], [ -15.032168179897008, 64.360731721368197 ], [ -15.032118158671903, 64.36034321279395 ], [ -15.03197792598481, 64.360136603186334 ], [ -15.031800520273308, 64.360039594425686 ], [ -15.031563537264924, 64.359913309577834 ], [ -15.031199407831714, 64.359783561335121 ], [ -15.030706927371877, 64.359512049068002 ], [ -15.03008305496442, 64.359559577972888 ], [ -15.030163693729925, 64.359736912951576 ], [ -15.030378017299107, 64.360019285444437 ], [ -15.030545837795479, 64.360475528750939 ], [ -15.030610493463362, 64.360763041422913 ], [ -15.03046309942661, 64.361192262563307 ], [ -15.030212530203922, 64.36145275282405 ], [ -15.029837464254351, 64.361691415481133 ], [ -15.029072919035697, 64.361974771826851 ], [ -15.028880712665741, 64.362126236993845 ], [ -15.02852295725768, 64.362245537040764 ], [ -15.028296358718556, 64.362340757443008 ], [ -15.028016704924159, 64.362508274000476 ], [ -15.02785234966354, 64.362614408093691 ], [ -15.02777276765976, 64.362722852728965 ], [ -15.027853400779678, 64.362900189015548 ], [ -15.02791417445308, 64.363067766134208 ], [ -15.027992142697833, 64.363263465290672 ] ], [ [ -15.034349031933642, 64.375487229958125 ], [ -15.034476684884048, 64.375342840787994 ], [ -15.034375843537164, 64.375155271562122 ], [ -15.034131542721132, 64.374926834739398 ], [ -15.033556478868562, 64.374624709934579 ], [ -15.033142133765402, 64.374391644880973 ], [ -15.032711881958537, 64.374121180261838 ], [ -15.032211307515007, 64.373747145533216 ], [ -15.031621713869624, 64.373398409693536 ], [ -15.030862088136287, 64.373045041957283 ], [ -15.030245925136358, 64.372732541758296 ], [ -15.029676165313942, 64.372541440094977 ], [ -15.029152800117764, 64.372471737506913 ], [ -15.029276188186143, 64.372650684291202 ], [ -15.029976024866265, 64.37297470889682 ], [ -15.030746328233517, 64.373254441470237 ], [ -15.031454214660686, 64.373523229168953 ], [ -15.032969292658278, 64.374553286077486 ], [ -15.033439397350559, 64.374843316598088 ], [ -15.033647854046519, 64.375024572993581 ], [ -15.033581299954832, 64.375189106366392 ], [ -15.03321312993863, 64.375373157962656 ], [ -15.032554024164506, 64.375503085587837 ], [ -15.031970710595539, 64.375551901026626 ], [ -15.030725728088841, 64.375601185181054 ], [ -15.029960445459011, 64.375580349164423 ], [ -15.028599945882963, 64.375543297452097 ], [ -15.027324480875849, 64.375508549957289 ], [ -15.025816522941099, 64.375458212766318 ], [ -15.026261445666258, 64.375627443477413 ], [ -15.028989000513022, 64.375803411307587 ], [ -15.031391158821195, 64.375868815767063 ], [ -15.033014904321808, 64.375709694129284 ], [ -15.034349031933642, 64.375487229958125 ] ], [ [ -15.045728884653135, 64.392280722221045 ], [ -15.045811025947012, 64.392565815933693 ], [ -15.046352727460603, 64.392691921784262 ], [ -15.046810783069779, 64.392723052527359 ], [ -15.047636486631029, 64.392628294944686 ], [ -15.048772956184173, 64.392672092650031 ], [ -15.04946006365379, 64.39280782850652 ], [ -15.050093823977768, 64.392896566677678 ], [ -15.050330667027081, 64.392922500103808 ], [ -15.050567510525433, 64.392948433145975 ], [ -15.051101586750379, 64.392946621950969 ], [ -15.051404439126914, 64.392879986825562 ], [ -15.051748968699913, 64.392576968780659 ], [ -15.052132801642946, 64.392366113472619 ], [ -15.052562496330365, 64.392202048093012 ], [ -15.052951828047343, 64.392093625247043 ], [ -15.053772018789804, 64.391956665304633 ], [ -15.054208373327103, 64.391931021225162 ], [ -15.05447368690082, 64.391891388619683 ], [ -15.054846741270214, 64.391854669120775 ], [ -15.055631904860039, 64.391810368104018 ], [ -15.056429192477214, 64.391831921902636 ], [ -15.057028508829141, 64.391876205677534 ], [ -15.057359826533554, 64.391978775790463 ], [ -15.057666907064558, 64.39209941332912 ], [ -15.05774490298432, 64.392186007535003 ], [ -15.057964572102247, 64.392285326882231 ], [ -15.058375343283512, 64.392287063814265 ], [ -15.058693168158197, 64.392183311228322 ], [ -15.05891535386489, 64.391992720223882 ], [ -15.059041927536343, 64.391865077278169 ], [ -15.059013626617771, 64.391761335379556 ], [ -15.058819665648828, 64.391606310357531 ], [ -15.058689005943162, 64.391462356764933 ], [ -15.058411547613739, 64.391286352121071 ], [ -15.058207492175915, 64.391126372577077 ], [ -15.057976520583738, 64.391078004466635 ], [ -15.05789369307386, 64.391052362359559 ], [ -15.05789981158825, 64.391034292163468 ], [ -15.057931385757835, 64.390941041785268 ], [ -15.058171100735853, 64.390928795917802 ], [ -15.058849508645283, 64.390935389362397 ], [ -15.060193184888689, 64.390708181974475 ], [ -15.0606881319751, 64.390726129166467 ], [ -15.061013047056974, 64.390748646371804 ], [ -15.061310952496557, 64.390811665291224 ], [ -15.06142036747989, 64.390860432267502 ], [ -15.061841566575284, 64.391096286545618 ], [ -15.061995157967349, 64.391205802376447 ], [ -15.062655570245164, 64.391324416127219 ], [ -15.063150765579605, 64.391349417255284 ], [ -15.06312835072613, 64.391504981718185 ], [ -15.063150869311945, 64.391661758727338 ], [ -15.063182727709449, 64.391753717204438 ], [ -15.062347586177818, 64.391930656513992 ], [ -15.061567163825549, 64.392081945776269 ], [ -15.06082805310691, 64.392209724346372 ], [ -15.060371168543453, 64.392484646606647 ], [ -15.060081948424594, 64.392780510398879 ], [ -15.059967471635991, 64.393048263319287 ], [ -15.059927384677529, 64.393326232585935 ], [ -15.059835334298025, 64.393569968919664 ], [ -15.059808215313351, 64.393758006933808 ], [ -15.060018425887092, 64.393878587429967 ], [ -15.060410466888619, 64.393922003374428 ], [ -15.060848547168222, 64.393909209439954 ], [ -15.061593632658832, 64.393871872134497 ], [ -15.062278501498268, 64.393857528075401 ], [ -15.063230230616975, 64.393833966847751 ], [ -15.063955239765438, 64.393804283305172 ], [ -15.064534990310381, 64.393729641290122 ], [ -15.065122980202601, 64.393597767714809 ], [ -15.065605847947555, 64.393405605660305 ], [ -15.066143033021376, 64.393231321478709 ], [ -15.066467683026714, 64.393084134929182 ], [ -15.066904508475856, 64.39294817918163 ], [ -15.067229107095574, 64.392786849777451 ], [ -15.067742110533596, 64.392774649282217 ], [ -15.068781801624743, 64.392686896476079 ], [ -15.070019147541844, 64.392523256198132 ], [ -15.070951769027733, 64.392236497226264 ], [ -15.071400314244329, 64.392018771491266 ], [ -15.071697716716105, 64.391796974943119 ], [ -15.072182770133995, 64.391457120584121 ], [ -15.072672538170396, 64.391007410228312 ], [ -15.072799670235215, 64.390750552865228 ], [ -15.0727545953632, 64.390541115652013 ], [ -15.072596294942402, 64.390387193200624 ], [ -15.072580245003842, 64.390185044271036 ], [ -15.072612923876934, 64.390062291143352 ], [ -15.072719975647459, 64.38969880551646 ], [ -15.072810723195008, 64.389463236782191 ], [ -15.072858898587182, 64.389128034352481 ], [ -15.072734803334766, 64.388935925595888 ], [ -15.072571843873437, 64.388882294498515 ], [ -15.072446753100186, 64.388960999654003 ], [ -15.072298158428611, 64.389203217997178 ], [ -15.072179028366728, 64.389372363848111 ], [ -15.071923770978328, 64.389731400403846 ], [ -15.071725410151329, 64.38985619906164 ], [ -15.07160752441178, 64.389944122602571 ], [ -15.071239686701668, 64.389992779773493 ], [ -15.070842761666214, 64.389930033522063 ], [ -15.070422409619038, 64.389821106033608 ], [ -15.070450688415205, 64.389522793102998 ], [ -15.070535497382922, 64.389196784785582 ], [ -15.070561362445407, 64.389016920473566 ], [ -15.070582524516318, 64.388869758761473 ], [ -15.070575312032084, 64.388656174176077 ], [ -15.070537453456311, 64.388523837258333 ], [ -15.070422861264165, 64.388397640583719 ], [ -15.070320105315151, 64.388321006578423 ], [ -15.069925777176653, 64.388293968529425 ], [ -15.069496096865844, 64.38838087943077 ], [ -15.068914263439607, 64.388734530878423 ], [ -15.068534254301564, 64.389003339162286 ], [ -15.06822149559977, 64.389200093206767 ], [ -15.067826112461903, 64.38944386361851 ], [ -15.067400001358218, 64.389637560722988 ], [ -15.067148727969053, 64.389745561242705 ], [ -15.066599604794121, 64.389848221508373 ], [ -15.066144697171895, 64.389874997238351 ], [ -15.06566361206086, 64.389979150050706 ], [ -15.065167546222643, 64.390082897306115 ], [ -15.06488582373834, 64.390159889754429 ], [ -15.064810045609736, 64.390268465402286 ], [ -15.064665937070421, 64.390228757974455 ], [ -15.06439966410251, 64.390166599321233 ], [ -15.063963337639098, 64.390035714034525 ], [ -15.063616656469263, 64.389943896609125 ], [ -15.063164532790219, 64.389849232778658 ], [ -15.0625647445378, 64.389603980605457 ], [ -15.062307009689425, 64.389409190827507 ], [ -15.062151410818551, 64.389166763412703 ], [ -15.061809329988774, 64.388969695654694 ], [ -15.061199029136199, 64.388724153223521 ], [ -15.060539343850007, 64.388600969370188 ], [ -15.05997324377938, 64.388489472759417 ], [ -15.059873053158658, 64.388376815295601 ], [ -15.059902021465531, 64.388249321274202 ], [ -15.060258489122697, 64.38798703289892 ], [ -15.060534958782252, 64.387869678823449 ], [ -15.061278173385784, 64.387515286442977 ], [ -15.061540297888136, 64.387497399964033 ], [ -15.062287192678069, 64.387517564424883 ], [ -15.062845541030125, 64.38744526163245 ], [ -15.062777275416169, 64.38731859843395 ], [ -15.062752131760599, 64.38729295563445 ], [ -15.062421746376165, 64.387184180924208 ], [ -15.062032119316125, 64.387086288109643 ], [ -15.061418061827233, 64.386944888133456 ], [ -15.060734012477287, 64.386888969778013 ], [ -15.060322885471779, 64.386940276565596 ], [ -15.060123595552524, 64.386922411671051 ], [ -15.059958409993737, 64.386868021437337 ], [ -15.059674735745352, 64.386835394413168 ], [ -15.059409030495532, 64.386878144871289 ], [ -15.059265400561081, 64.386874264556681 ], [ -15.058893756091953, 64.386851741420131 ], [ -15.05854542546987, 64.386667579847725 ], [ -15.058495147334044, 64.386616292789128 ], [ -15.058078581055904, 64.386305464880039 ], [ -15.056856644311129, 64.385558650449326 ], [ -15.056176116453678, 64.385392393126835 ], [ -15.056122931044486, 64.385119881907755 ], [ -15.056259357937819, 64.384766247211971 ], [ -15.057466164136756, 64.384687979979006 ], [ -15.058727901290869, 64.384623508814769 ], [ -15.060654157238776, 64.384490726455169 ], [ -15.061497645439884, 64.384365648801847 ], [ -15.062100090943293, 64.384135487157579 ], [ -15.06216564027919, 64.384075649804316 ], [ -15.061928974897178, 64.383916774144595 ], [ -15.062055938361288, 64.383822092635597 ], [ -15.06238226556011, 64.383662651861385 ], [ -15.062728673579018, 64.383561204231896 ], [ -15.063460453947949, 64.383416810039407 ], [ -15.064072109208675, 64.383289255015185 ], [ -15.064734825686559, 64.383233209863306 ], [ -15.065262844248219, 64.383124242257054 ], [ -15.065774873425669, 64.382928591827536 ], [ -15.06638617239685, 64.382834188341249 ], [ -15.067114408379256, 64.38271829311887 ], [ -15.067839106582438, 64.382626941769388 ], [ -15.06831932761199, 64.382652209953022 ], [ -15.068565669882563, 64.382720457517919 ], [ -15.069116828188172, 64.3828462059993 ], [ -15.069960341523734, 64.382918223934752 ], [ -15.07016939776218, 64.382849929209584 ], [ -15.070098458923534, 64.382749447033902 ], [ -15.06976882076215, 64.382666636152763 ], [ -15.069404840850208, 64.382489663031549 ], [ -15.068836515742076, 64.382222583068611 ], [ -15.068226800462821, 64.381910434153312 ], [ -15.067985763400776, 64.381805364760083 ], [ -15.067588748023866, 64.381597518226513 ], [ -15.067494768611903, 64.381459449072651 ], [ -15.06691064909422, 64.380310184036745 ], [ -15.065554533631143, 64.379474617480369 ], [ -15.065232702630084, 64.379146339775161 ], [ -15.063389679917385, 64.378617205415892 ], [ -15.062375098815604, 64.378263182145886 ], [ -15.061771503682332, 64.378148655663139 ], [ -15.061429694555059, 64.378106681711486 ], [ -15.061537972883988, 64.378089961109424 ], [ -15.061671306871215, 64.377975513288192 ], [ -15.061809422550056, 64.377708172065198 ], [ -15.061952839867031, 64.377404009682877 ], [ -15.062067023722749, 64.377105218461423 ], [ -15.062122716169153, 64.376718597577138 ], [ -15.062219186680883, 64.376443970836661 ], [ -15.062203128730562, 64.376061572967927 ], [ -15.062041840123396, 64.375798466976747 ], [ -15.061898262958405, 64.375511196249747 ], [ -15.061682087392299, 64.375332857219604 ], [ -15.061637720848452, 64.375048265879173 ], [ -15.06160841118518, 64.374757920511485 ], [ -15.061571172762324, 64.37462137885106 ], [ -15.061221271832133, 64.374482551547644 ], [ -15.060697801211012, 64.374462248153108 ], [ -15.060054121932138, 64.374219057322676 ], [ -15.059846972621211, 64.374082491103309 ], [ -15.059884575231393, 64.373821571028472 ], [ -15.059995566849038, 64.373366182109663 ], [ -15.060108434717529, 64.372897747111139 ], [ -15.060307937474184, 64.372562621434412 ], [ -15.060271161795836, 64.372293143052261 ], [ -15.060199539386398, 64.371950690475231 ], [ -15.060225809731206, 64.371558496172099 ], [ -15.060287841976741, 64.371127977941157 ], [ -15.06054757571334, 64.370794480128069 ], [ -15.060524921631066, 64.370531931855623 ], [ -15.060500437663306, 64.370491979786678 ], [ -15.060336618488437, 64.370369681355271 ], [ -15.060379850198192, 64.370069623182076 ], [ -15.06056429296112, 64.369838865264228 ], [ -15.060818372987789, 64.369544505021054 ], [ -15.060936927772136, 64.369351256709109 ], [ -15.060966996410196, 64.369142520477084 ], [ -15.061059132290197, 64.36871281591641 ], [ -15.060784235407963, 64.36852203217191 ], [ -15.060432186435539, 64.36844703388428 ], [ -15.059643415723771, 64.368465004310437 ], [ -15.059114447368181, 64.368568575601486 ], [ -15.058724796384466, 64.36875449299859 ], [ -15.058316334862836, 64.3690708691624 ], [ -15.058015154433816, 64.369272274102741 ], [ -15.057444782987259, 64.369662850832228 ], [ -15.056878157840412, 64.37002733341582 ], [ -15.056571311976883, 64.370267873275097 ], [ -15.056189162367698, 64.370611150280126 ], [ -15.055869144963207, 64.37115256055236 ], [ -15.055381546445204, 64.371597758031427 ], [ -15.054747080973868, 64.3722223361587 ], [ -15.054226662252461, 64.37287028535971 ], [ -15.053578337220021, 64.373419527305103 ], [ -15.053071692823332, 64.374169747287766 ], [ -15.052997287730799, 64.37429094836348 ], [ -15.052565020656807, 64.374919965541196 ], [ -15.052412656763373, 64.375186914269165 ], [ -15.052182332978225, 64.375599610627702 ], [ -15.051572901303862, 64.37587882546039 ], [ -15.050191022526345, 64.376383546354191 ], [ -15.047483899186346, 64.377000196893832 ], [ -15.044351389515537, 64.377802407512561 ], [ -15.042816966167141, 64.378179710025108 ], [ -15.040726031278318, 64.378862252017157 ], [ -15.039790256815092, 64.379428282556702 ], [ -15.03871970491006, 64.380138507627279 ], [ -15.036873109184963, 64.380704420958224 ], [ -15.035086697543743, 64.381247305824658 ], [ -15.034827572706748, 64.381856348570778 ], [ -15.035713160459949, 64.382422581672174 ], [ -15.036362245876873, 64.382912978077115 ], [ -15.036468767482765, 64.383163147618063 ], [ -15.036256191982874, 64.383385123234092 ], [ -15.035868235883678, 64.383468933596149 ], [ -15.035558049800494, 64.383471148013612 ], [ -15.035394235649983, 64.383472317216345 ], [ -15.034978789388745, 64.383382936309573 ], [ -15.034519837838298, 64.38328261038022 ], [ -15.034249385403912, 64.383281763708609 ], [ -15.03399947298456, 64.383346547507244 ], [ -15.033893136567302, 64.383509590447204 ], [ -15.033534530044207, 64.383753620469903 ], [ -15.033315459236221, 64.383864792760662 ], [ -15.033161884665208, 64.383990760702446 ], [ -15.033156630717897, 64.384130523603346 ], [ -15.033345991649872, 64.3843276375991 ], [ -15.033527946668656, 64.38442043395797 ], [ -15.033723858397531, 64.384624232735746 ], [ -15.033569811080246, 64.384753441942067 ], [ -15.033321294796121, 64.384808502093563 ], [ -15.033135494948406, 64.3848457458935 ], [ -15.033071796725748, 64.384922100373203 ], [ -15.033040357917777, 64.385035122114274 ], [ -15.033115147341986, 64.385141272221119 ], [ -15.033376210242404, 64.385206937590439 ], [ -15.033557016929088, 64.385225876084107 ], [ -15.033900768196771, 64.385217948983126 ], [ -15.034236384198827, 64.385080661948209 ], [ -15.034416108025091, 64.385033490684577 ], [ -15.034581760843423, 64.38503148731742 ], [ -15.034896211711207, 64.38504003628185 ], [ -15.035137168000443, 64.385088883711887 ], [ -15.035281699308142, 64.385180660252487 ], [ -15.035306439674939, 64.385269180416671 ], [ -15.035343803415168, 64.385374311790144 ], [ -15.035402723781001, 64.385434478471979 ], [ -15.035527617482177, 64.385506199212671 ], [ -15.035673127551172, 64.385539436798524 ], [ -15.035933661304179, 64.385712452226485 ], [ -15.036061378186895, 64.385764727482666 ], [ -15.036197488859232, 64.385862781317925 ], [ -15.036291027680122, 64.385943410033008 ], [ -15.03642572991976, 64.386051186174484 ], [ -15.036493551478689, 64.386101833358808 ], [ -15.036540758362879, 64.386190963686587 ], [ -15.036674489674443, 64.386357278178082 ], [ -15.036700142620427, 64.386491373327999 ], [ -15.036684161761629, 64.386601561912798 ], [ -15.03667502432363, 64.386664564470607 ], [ -15.036561947077733, 64.386718624709374 ], [ -15.036338634183785, 64.386858969114286 ], [ -15.036089129943825, 64.386972572559884 ], [ -15.035866787439497, 64.387054377667766 ], [ -15.035583133054102, 64.387144276933967 ], [ -15.035203043451677, 64.387277105110115 ], [ -15.035082700335629, 64.387381203328388 ], [ -15.035177615790062, 64.38750416715564 ], [ -15.035419499194644, 64.387598589354198 ], [ -15.035910827776817, 64.387683522235506 ], [ -15.036492515145666, 64.387715597233608 ], [ -15.036423648747007, 64.387827602428743 ], [ -15.03605006694271, 64.388019174855842 ], [ -15.035601601900945, 64.388208711322562 ], [ -15.035083895135962, 64.388357321109126 ], [ -15.034788937870401, 64.388524998898575 ], [ -15.034846813550489, 64.388747818193139 ], [ -15.035140544332405, 64.38900307718562 ], [ -15.035527899314262, 64.389234850997738 ], [ -15.036182953667049, 64.389486912409083 ], [ -15.036913842483438, 64.389734523574745 ], [ -15.037207603143331, 64.389989778422262 ], [ -15.037180277348437, 64.390281861125089 ], [ -15.037068730068556, 64.390532612611679 ], [ -15.036977980806787, 64.390677376985693 ], [ -15.036806567266408, 64.390832929969193 ], [ -15.036804843082782, 64.390954290443645 ], [ -15.036910551441499, 64.391064825253096 ], [ -15.037182682277898, 64.391159264442152 ], [ -15.037425166228257, 64.391239153581893 ], [ -15.037843604109188, 64.391346728206273 ], [ -15.038137492359724, 64.391437174965702 ], [ -15.038606013894308, 64.39156443296919 ], [ -15.038964499733007, 64.391647469193202 ], [ -15.039342093089743, 64.391744767414281 ], [ -15.039547038999865, 64.391791563841252 ], [ -15.039871949317018, 64.391814128071132 ], [ -15.040030124294564, 64.391818421638547 ], [ -15.040617703545953, 64.391774246102543 ], [ -15.040966935006756, 64.391647072611121 ], [ -15.041619469478812, 64.391502099505885 ], [ -15.042138093786173, 64.391451098637617 ], [ -15.042637044664104, 64.391432098251599 ], [ -15.043251121272913, 64.391448754599736 ], [ -15.043940086163037, 64.391467439137003 ], [ -15.044253675497323, 64.391482449685725 ], [ -15.044927919090602, 64.391519711699374 ], [ -15.04514769861253, 64.391574956437893 ], [ -15.04556239091664, 64.391857273745615 ], [ -15.045728884653135, 64.392280722221045 ] ], [ [ -15.0341229635531, 64.38317858219186 ], [ -15.034229221851753, 64.383119652865005 ], [ -15.034216167852136, 64.383054225500686 ], [ -15.034162465980264, 64.382906352306492 ], [ -15.033940774164147, 64.382776686080433 ], [ -15.033788380610718, 64.382583831683746 ], [ -15.033742599827658, 64.382484977990359 ], [ -15.033722138482672, 64.382315233211941 ], [ -15.033671694093462, 64.382196730915794 ], [ -15.033593109091354, 64.382168564636089 ], [ -15.033412266097052, 64.382171780067551 ], [ -15.033296701415795, 64.38216538316361 ], [ -15.03319450246669, 64.382118679435109 ], [ -15.033160013385789, 64.381942045671025 ], [ -15.033055368305767, 64.381730967304108 ], [ -15.032982550154907, 64.381507740103046 ], [ -15.03294053713279, 64.381382959539664 ], [ -15.032718863445968, 64.381253291468425 ], [ -15.032572827572238, 64.381327405540489 ], [ -15.032589435958279, 64.381627190854658 ], [ -15.032420816242238, 64.381856864458982 ], [ -15.032326666935434, 64.381987701648768 ], [ -15.032252193696008, 64.382086537871203 ], [ -15.032226829453332, 64.382209485572744 ], [ -15.032299726109166, 64.382328599385175 ], [ -15.032411936246916, 64.382435768192209 ], [ -15.032662192403585, 64.38252391694688 ], [ -15.032871295962865, 64.382584916801463 ], [ -15.033464473154302, 64.382744210705155 ], [ -15.033685221814038, 64.382880359315024 ], [ -15.033829227793253, 64.383027435002205 ], [ -15.033877322894869, 64.383162141404455 ], [ -15.034006905091477, 64.383201455126155 ], [ -15.0341229635531, 64.38317858219186 ] ], [ [ -15.029265733660369, 64.382115553705276 ], [ -15.028890163232342, 64.382151141800605 ], [ -15.028578433667697, 64.382257189149385 ], [ -15.028372182851607, 64.382292805366546 ], [ -15.028258813041919, 64.38234469521214 ], [ -15.028314102755214, 64.382401178310886 ], [ -15.02846426414615, 64.382460245021633 ], [ -15.028679663216355, 64.382507343740201 ], [ -15.029010354468346, 64.382562162877193 ], [ -15.029459653640778, 64.382601884697365 ], [ -15.029762700930831, 64.382628460800603 ], [ -15.030374099693354, 64.382645103964023 ], [ -15.030737808136552, 64.382618351941446 ], [ -15.030971706166877, 64.382610973426438 ], [ -15.031225422643788, 64.382539993827834 ], [ -15.031310476902625, 64.38246442410319 ], [ -15.031288191017318, 64.382326374692809 ], [ -15.031172961242143, 64.382245354514012 ], [ -15.030750049657451, 64.382169704602731 ], [ -15.030355449911795, 64.382117731232626 ], [ -15.029998376265327, 64.382098848374909 ], [ -15.02966961200463, 64.382103642542702 ], [ -15.029265733660369, 64.382115553705276 ] ], [ [ -15.00773462936958, 64.385291281753254 ], [ -15.006815886599531, 64.385734370853399 ], [ -15.006123946731698, 64.386183665613075 ], [ -15.00544992463843, 64.386510227166568 ], [ -15.005180029531751, 64.386798566470631 ], [ -15.009394743084489, 64.384449523885294 ], [ -15.009999722462501, 64.384070008089353 ], [ -15.010752631798509, 64.383213074406839 ], [ -15.011002186105772, 64.382772949724171 ], [ -15.01118226437625, 64.382342384851611 ], [ -15.011324628822058, 64.38193698331628 ], [ -15.01152320413858, 64.381716483427041 ], [ -15.011935201367342, 64.381475467968798 ], [ -15.013113851084944, 64.381026522740001 ], [ -15.013533643540695, 64.380844812128061 ], [ -15.013684815380802, 64.380663943568038 ], [ -15.013990621792598, 64.38026249565624 ], [ -15.014311686480328, 64.380012509104986 ], [ -15.014864894908269, 64.379731900395498 ], [ -15.015305715370914, 64.379558128248277 ], [ -15.015678985084339, 64.379371048263351 ], [ -15.015800661799211, 64.379223752865201 ], [ -15.0158847225582, 64.378983481920372 ], [ -15.01600297436063, 64.378788188323384 ], [ -15.01621634948272, 64.378317474523385 ], [ -15.016376793788531, 64.378046812893032 ], [ -15.016435849381235, 64.377604968204281 ], [ -15.016438273568252, 64.377137985361557 ], [ -15.016278662817005, 64.377256844484279 ], [ -15.016141483703924, 64.377807586004451 ], [ -15.015905688821132, 64.378269694465189 ], [ -15.01537956715171, 64.379129864877044 ], [ -15.014760734529428, 64.379470291602388 ], [ -15.014118907945937, 64.379773121569798 ], [ -15.013697916310214, 64.380081466536424 ], [ -15.013476732462001, 64.380327545338986 ], [ -15.013417995611791, 64.380480960631658 ], [ -15.01329460191862, 64.380746595295321 ], [ -15.013146121826928, 64.380857138456804 ], [ -15.012878021388373, 64.38098405711898 ], [ -15.012051741936702, 64.381256155647449 ], [ -15.011589636105491, 64.381502983431318 ], [ -15.011131845144767, 64.381909412132345 ], [ -15.011001262000491, 64.382312876305647 ], [ -15.01090627621307, 64.382678644125107 ], [ -15.010626461382895, 64.383196525665781 ], [ -15.009863353740872, 64.383969462300556 ], [ -15.009601396490206, 64.384181898972145 ], [ -15.00773462936958, 64.385291281753254 ] ], [ [ -15.020026825782388, 64.386304933724503 ], [ -15.019830624440445, 64.385892955538054 ], [ -15.019379495274929, 64.385276868363107 ], [ -15.019131968261132, 64.384826522092268 ], [ -15.018985344895311, 64.384465183195431 ], [ -15.01850386207972, 64.384057737046319 ], [ -15.018181775567164, 64.383728572688739 ], [ -15.017822664910492, 64.383262854779574 ], [ -15.017915132472982, 64.383018940149753 ], [ -15.018099803570632, 64.382728255151207 ], [ -15.018100321731904, 64.382333966297224 ], [ -15.018043620856755, 64.382332418123326 ], [ -15.017641350011015, 64.382358399712331 ], [ -15.017467406934671, 64.382575445292829 ], [ -15.017270475699156, 64.382754897017961 ], [ -15.016961659124556, 64.383116122608627 ], [ -15.016718481512497, 64.383417530615787 ], [ -15.016648987213536, 64.383699038246235 ], [ -15.016623943368399, 64.383870862058203 ], [ -15.016708461107354, 64.384267474016582 ], [ -15.016670895001537, 64.384525209755921 ], [ -15.016642272731662, 64.384721579838725 ], [ -15.016796021969176, 64.385033828563849 ], [ -15.017438675395841, 64.385507291413219 ], [ -15.017716323386173, 64.385946141584029 ], [ -15.018194251072837, 64.386378136667091 ], [ -15.018371274681348, 64.38653083280451 ], [ -15.019001727181502, 64.386893056407558 ], [ -15.020603436254154, 64.387232490057116 ], [ -15.021126109138276, 64.387357646060323 ], [ -15.021985484033026, 64.387516626904443 ], [ -15.022852014163906, 64.387626509862244 ], [ -15.02396839963164, 64.387780164039427 ], [ -15.024659451235481, 64.38792221818035 ], [ -15.025302515809583, 64.388198501995589 ], [ -15.02586388913706, 64.388645063289331 ], [ -15.026581347050628, 64.388997298660456 ], [ -15.026566871056843, 64.389292629197229 ], [ -15.026515311097539, 64.389451409054999 ], [ -15.026298755883159, 64.389765878803402 ], [ -15.026062762145171, 64.390018209458574 ], [ -15.025910055596114, 64.390285130702509 ], [ -15.025691906047603, 64.390414728295269 ], [ -15.025174302020909, 64.390449913412823 ], [ -15.025096158084441, 64.390595646829567 ], [ -15.025379543442527, 64.390800518306051 ], [ -15.025769434623243, 64.390860428107558 ], [ -15.026224971700373, 64.390860515637513 ], [ -15.027137830461035, 64.390848413173572 ], [ -15.027339916137409, 64.390829272799976 ], [ -15.027162814661873, 64.390676587503421 ], [ -15.026863354974127, 64.390582178815308 ], [ -15.026773119710379, 64.390419536905128 ], [ -15.026792751672271, 64.390284531073434 ], [ -15.026832015014813, 64.390014519404673 ], [ -15.026889123947818, 64.389621775146523 ], [ -15.026979747601182, 64.38939012796277 ], [ -15.027107455746199, 64.389295031264254 ], [ -15.027362869372977, 64.389104837533495 ], [ -15.027270851599223, 64.388954469205856 ], [ -15.027022966585195, 64.38870128073259 ], [ -15.02666522739792, 64.388420455697883 ], [ -15.026087781675715, 64.388084356717911 ], [ -15.02536142810164, 64.387793485130871 ], [ -15.024434812564294, 64.387509473337275 ], [ -15.02331843552161, 64.387355822727116 ], [ -15.022474908381511, 64.387283535381002 ], [ -15.021232857107087, 64.387015543790056 ], [ -15.020463929888768, 64.386822059883343 ], [ -15.020216127178152, 64.386568859885386 ], [ -15.020026825782388, 64.386304933724503 ] ], [ [ -15.032201516983259, 64.395779407343241 ], [ -15.032461044253068, 64.395463017371895 ], [ -15.032593043005866, 64.394995297868931 ], [ -15.032832417221348, 64.394505084324948 ], [ -15.032855485087033, 64.393905024066839 ], [ -15.03289046718494, 64.393369977231899 ], [ -15.032886686208336, 64.393101875409414 ], [ -15.032767307355993, 64.39274745809125 ], [ -15.032639911564795, 64.392448270667117 ], [ -15.032346362758961, 64.392116840350084 ], [ -15.03221897450784, 64.391817652567653 ], [ -15.032411862785587, 64.391665795596069 ], [ -15.033310677579104, 64.391505410503797 ], [ -15.033829181924503, 64.391464059881585 ], [ -15.034242669612583, 64.391410611390583 ], [ -15.034580426699485, 64.39129041399805 ], [ -15.03474401271094, 64.391193205875027 ], [ -15.034609922860746, 64.390940045271577 ], [ -15.034155346897222, 64.390835274952266 ], [ -15.033945321490032, 64.390811082543991 ], [ -15.033538523756976, 64.390818505166322 ], [ -15.033220701350221, 64.390948483510414 ], [ -15.032950761816494, 64.391042797970201 ], [ -15.032698080628766, 64.391165305361071 ], [ -15.03227924668686, 64.391255569454586 ], [ -15.031634460414546, 64.391284238097626 ], [ -15.03112920348523, 64.391381389493944 ], [ -15.030872499343873, 64.391531508678938 ], [ -15.03082047252869, 64.39174264453294 ], [ -15.030902629365849, 64.392059086109413 ], [ -15.031244173815441, 64.392206998286682 ], [ -15.031796973733647, 64.392517758884438 ], [ -15.03217281336131, 64.393017772779999 ], [ -15.032286720626924, 64.393556868980397 ], [ -15.032257191888732, 64.393907237280132 ], [ -15.032178433010777, 64.394302473535603 ], [ -15.031972035455521, 64.394694238562025 ], [ -15.031821548842771, 64.394995110529422 ], [ -15.031640425676441, 64.395359838687042 ], [ -15.031456745420122, 64.395595118175621 ], [ -15.031024341245576, 64.395925286998732 ], [ -15.030731607671472, 64.396176082111708 ], [ -15.029924205193662, 64.396900356672461 ], [ -15.029781711130695, 64.397145996720084 ], [ -15.029749602083792, 64.397366916079818 ], [ -15.029718830427131, 64.397578630461666 ], [ -15.029696085852986, 64.397735115001893 ], [ -15.029816784578383, 64.398080329935908 ], [ -15.029815315587971, 64.39823739335219 ], [ -15.029955955869465, 64.398592392007686 ], [ -15.030128578501929, 64.398874329528482 ], [ -15.030342419251294, 64.399166629392042 ], [ -15.030692075423802, 64.399259313031237 ], [ -15.031004406882381, 64.399461876982855 ], [ -15.03134738178769, 64.399600583983087 ], [ -15.031626530229016, 64.399737554417001 ], [ -15.031985439476294, 64.399913658478198 ], [ -15.032222040503729, 64.400049470690604 ], [ -15.032261919961597, 64.400069037689732 ], [ -15.032421438363704, 64.400147305577562 ], [ -15.032656706525565, 64.400292322086443 ], [ -15.032955808838739, 64.400439073426853 ], [ -15.033206807889288, 64.400529508522681 ], [ -15.033262431172256, 64.400549549482818 ], [ -15.033596012128763, 64.400669736989414 ], [ -15.033788075221585, 64.400738935511683 ], [ -15.034391757348605, 64.400847754422671 ], [ -15.034749467015169, 64.400885198256276 ], [ -15.034986193321444, 64.400873147534313 ], [ -15.035164431578325, 64.400822542113076 ], [ -15.035123315103677, 64.400664322465971 ], [ -15.034846812344162, 64.400508948664566 ], [ -15.034857502922366, 64.400435308495062 ], [ -15.034651622240627, 64.400087785108468 ], [ -15.034218278260797, 64.399835734633982 ], [ -15.033718439234901, 64.399600358050947 ], [ -15.033370105220913, 64.399498476645178 ], [ -15.032946026545172, 64.399329845806449 ], [ -15.032092536166799, 64.399029400421995 ], [ -15.031834788789022, 64.398745150997684 ], [ -15.031550421776222, 64.398497142482356 ], [ -15.031389700684, 64.398280220193328 ], [ -15.031304721700112, 64.398130047218928 ], [ -15.031101454281719, 64.397911967332547 ], [ -15.030977296716767, 64.397851041796528 ], [ -15.030862202241821, 64.397794563285842 ], [ -15.030651041846708, 64.397483854237919 ], [ -15.030591356955492, 64.397306644641475 ], [ -15.030687282823822, 64.397087461297502 ], [ -15.030982701451775, 64.396818256294424 ], [ -15.031307289347845, 64.396642257848725 ], [ -15.031594673756086, 64.396428281535989 ], [ -15.032201516983259, 64.395779407343241 ] ], [ [ -15.013804253895822, 64.313591199558232 ], [ -15.013534829548464, 64.313444329517125 ], [ -15.012977857573988, 64.31317001770465 ], [ -15.012747359764663, 64.31298444659032 ], [ -15.012433712507663, 64.312731574078128 ], [ -15.012307789138498, 64.312502282892765 ], [ -15.012329392332898, 64.312207901387623 ], [ -15.012217164831835, 64.312103427549673 ], [ -15.01205338912672, 64.311988322446567 ], [ -15.01186901552116, 64.311941786883835 ], [ -15.011522646262687, 64.311913854154881 ], [ -15.010965290060152, 64.311949269317324 ], [ -15.010463373985036, 64.31204151061452 ], [ -15.010310931887314, 64.31228621412906 ], [ -15.010417688319489, 64.31250115492081 ], [ -15.010604503126689, 64.312676810466044 ], [ -15.010866698653382, 64.312845314958423 ], [ -15.011083914392419, 64.313031021370122 ], [ -15.011272073639461, 64.313197494776858 ], [ -15.011430507209754, 64.313349325936599 ], [ -15.011592169562938, 64.313551944052733 ], [ -15.011360892155954, 64.313900493479125 ], [ -15.010979860372068, 64.314037532675826 ], [ -15.010653486075709, 64.314309730087714 ], [ -15.010685655106103, 64.314453490411339 ], [ -15.010780072312812, 64.314534432088564 ], [ -15.010924154441788, 64.31456603686982 ], [ -15.011587784100055, 64.314676412105356 ], [ -15.012273355858174, 64.314709033226436 ], [ -15.013070164884235, 64.314634084608727 ], [ -15.013842964920498, 64.31448231992735 ], [ -15.014058469581915, 64.314368664578637 ], [ -15.014117832393772, 64.31417102405787 ], [ -15.014109479869347, 64.314018023818065 ], [ -15.013995535150105, 64.313749212341961 ], [ -15.013804253895822, 64.313591199558232 ] ], [ [ -14.940449088001005, 64.335981174089198 ], [ -14.940651975559168, 64.33626582636883 ], [ -14.941374651677874, 64.336764251812824 ], [ -14.942718504502519, 64.337412839734753 ], [ -14.943803485209621, 64.337947918183175 ], [ -14.946327155601365, 64.339320174311908 ], [ -14.94880538640534, 64.340172986367861 ], [ -14.951706299894763, 64.341276640125642 ], [ -14.953346016645005, 64.341999768974247 ], [ -14.954418469190319, 64.342414841990134 ], [ -14.954959211999613, 64.342695569728093 ], [ -14.954913049302553, 64.342800569675148 ], [ -14.954351974182098, 64.342864694514034 ], [ -14.951866243415488, 64.342888611118909 ], [ -14.947519685836115, 64.342648145697424 ], [ -14.941313563860325, 64.342342444189541 ], [ -14.936417869045256, 64.342086335721987 ], [ -14.935734694827106, 64.342146982304925 ], [ -14.93845380020799, 64.342408847400108 ], [ -14.941413180531683, 64.342703928322052 ], [ -14.943983723062182, 64.342934975687214 ], [ -14.948427728517666, 64.343138401296713 ], [ -14.950844616704657, 64.343165769717302 ], [ -14.952893321488206, 64.343196151165273 ], [ -14.954264736711561, 64.343247544338041 ], [ -14.955677644521401, 64.343432929584452 ], [ -14.956801009504492, 64.343503979760911 ], [ -14.957585501336338, 64.343379621143541 ], [ -14.957740800872676, 64.343158082904665 ], [ -14.957556478582113, 64.342953687510516 ], [ -14.956912420401158, 64.342749813324289 ], [ -14.95590019260465, 64.342548996973946 ], [ -14.953964976790898, 64.341751262685364 ], [ -14.950570589890352, 64.340461225375847 ], [ -14.94682910659877, 64.339241150600841 ], [ -14.943232195417455, 64.337254443642877 ], [ -14.941142116986589, 64.336266206852372 ], [ -14.940413572259629, 64.3358074725612 ], [ -14.940449088001005, 64.335981174089198 ] ], [ [ -14.943189511948381, 64.341677305732674 ], [ -14.941250141217104, 64.341530262871672 ], [ -14.93903613950237, 64.341375534638431 ], [ -14.93764022096515, 64.341283454677082 ], [ -14.935065956921253, 64.34107875690394 ], [ -14.93345252163879, 64.341007134614188 ], [ -14.932842196541465, 64.340990088103368 ], [ -14.933562792724343, 64.341089927662082 ], [ -14.936165598835126, 64.341308734380917 ], [ -14.938585344423252, 64.341522387630548 ], [ -14.940675324194022, 64.341686950534196 ], [ -14.943713333402705, 64.341864609292841 ], [ -14.946358569374263, 64.342004699300503 ], [ -14.947809713173489, 64.342138086927491 ], [ -14.948173970355727, 64.342161508423274 ], [ -14.948395430888528, 64.342114529028507 ], [ -14.948587190712713, 64.341854157060766 ], [ -14.94842758728824, 64.3416902918717 ], [ -14.947972606503475, 64.341451780233143 ], [ -14.946601000251279, 64.340988472492683 ], [ -14.944770586338718, 64.340313091914183 ], [ -14.943639292160039, 64.339883016941428 ], [ -14.941557934535505, 64.339041174983095 ], [ -14.940071273205989, 64.338322168181676 ], [ -14.939291479246096, 64.337795572660667 ], [ -14.938922291903795, 64.337599278184044 ], [ -14.93904345067811, 64.337815225633577 ], [ -14.939330026160304, 64.338155356022796 ], [ -14.939984735312374, 64.338492466293914 ], [ -14.940767402986088, 64.338793284299101 ], [ -14.94211722520819, 64.339402185532862 ], [ -14.942865504973948, 64.33972860341855 ], [ -14.943501544482531, 64.339985462838399 ], [ -14.944392633889919, 64.340382277663551 ], [ -14.945640146757874, 64.340855438207257 ], [ -14.946563771777518, 64.34123985865395 ], [ -14.947312154669197, 64.341566253755047 ], [ -14.947378239115849, 64.341740803013991 ], [ -14.947209978445336, 64.341842403075674 ], [ -14.946925523447478, 64.341900912654765 ], [ -14.946433321652272, 64.341913782464644 ], [ -14.945401601465905, 64.341845201738494 ], [ -14.943189511948381, 64.341677305732674 ] ], [ [ -14.979167721235271, 64.344521907036523 ], [ -14.978711463708853, 64.34428094625008 ], [ -14.979033602889071, 64.344000581579124 ], [ -14.979079717439101, 64.343925733910638 ], [ -14.978874984538812, 64.343646045458811 ], [ -14.978587608506128, 64.343211832501737 ], [ -14.978680507098387, 64.342818568851925 ], [ -14.978797238752563, 64.342502084317999 ], [ -14.978596304257435, 64.342435638730009 ], [ -14.978169929844746, 64.342469536037655 ], [ -14.977701216544073, 64.342791522602084 ], [ -14.977275699173596, 64.343297391807823 ], [ -14.977080080285893, 64.343672593349069 ], [ -14.977098770834523, 64.344023266691309 ], [ -14.977095857999425, 64.344281997939689 ], [ -14.977040137564664, 64.344661064183626 ], [ -14.977421974787342, 64.344930423290791 ], [ -14.977950415523193, 64.345158157465747 ], [ -14.978739306641705, 64.345286511871535 ], [ -14.979400995009101, 64.345563591987329 ], [ -14.979955533628704, 64.345852935296691 ], [ -14.980247859336538, 64.345889875352597 ], [ -14.9803775126712, 64.345788925958345 ], [ -14.980404453845047, 64.345605501355237 ], [ -14.980084057207167, 64.3452170675708 ], [ -14.979606167291115, 64.344884167910919 ], [ -14.979167721235271, 64.344521907036523 ] ], [ [ -14.977349542060104, 64.347188258268417 ], [ -14.977215696561229, 64.34725867973151 ], [ -14.977069479539828, 64.347364970960854 ], [ -14.976931332119269, 64.347430796277195 ], [ -14.976816951385107, 64.347487381355776 ], [ -14.976934441424145, 64.347553441888195 ], [ -14.977062767150331, 64.347628177975011 ], [ -14.977275993740047, 64.347688584101434 ], [ -14.977406642662059, 64.34770454555759 ], [ -14.977737485220736, 64.347715741453356 ], [ -14.977832905350708, 64.347755729076567 ], [ -14.97819843292384, 64.347807411141289 ], [ -14.978470762131444, 64.347832755471785 ], [ -14.978741795847991, 64.347766120618743 ], [ -14.978844242955478, 64.347715419303327 ], [ -14.978909567918164, 64.347723399343622 ], [ -14.97905480134655, 64.347704761708684 ], [ -14.979216546802272, 64.347703050467231 ], [ -14.979376574362529, 64.347680703256614 ], [ -14.979482455877207, 64.347671273072578 ], [ -14.97959035661235, 64.347680428078519 ], [ -14.979799709468395, 64.347677971490228 ], [ -14.980417704146028, 64.34767443985497 ], [ -14.980981679014914, 64.347747650658121 ], [ -14.982196117177077, 64.347989368340436 ], [ -14.983059046118914, 64.347920752185559 ], [ -14.983798611400792, 64.347821004072074 ], [ -14.984347054021363, 64.347715983062685 ], [ -14.985204567272451, 64.347684172339058 ], [ -14.986054960865424, 64.347846237287285 ], [ -14.986829871671931, 64.347941524965364 ], [ -14.987999173764152, 64.347964496945039 ], [ -14.989456681314229, 64.347912220125593 ], [ -14.989842655598762, 64.347801925660178 ], [ -14.989987165785353, 64.347756129671538 ], [ -14.990252584145018, 64.347668865006469 ], [ -14.99067031409443, 64.347560905402645 ], [ -14.991479803609758, 64.347443817390257 ], [ -14.991853955784274, 64.347319722879774 ], [ -14.992076520562714, 64.347211366012573 ], [ -14.992300535626171, 64.347093093843441 ], [ -14.992766351969037, 64.346891880200431 ], [ -14.992923918724284, 64.346756846596733 ], [ -14.992802100391003, 64.346569329086194 ], [ -14.992171812818331, 64.34648230165314 ], [ -14.991505767265233, 64.346404242152587 ], [ -14.990487372304463, 64.346301547345647 ], [ -14.989532518230455, 64.346235437248367 ], [ -14.988905692425906, 64.346203242765768 ], [ -14.988251375024948, 64.346099735847972 ], [ -14.987890221855501, 64.346080699966777 ], [ -14.987291556608577, 64.345934792033503 ], [ -14.986807987276256, 64.345787075596348 ], [ -14.985854812527, 64.345631392118747 ], [ -14.98525253165948, 64.345510263063616 ], [ -14.984945938402904, 64.345486878436489 ], [ -14.984416765681257, 64.345571838670253 ], [ -14.9836755999104, 64.345536468428676 ], [ -14.982749381496481, 64.345744865304127 ], [ -14.98205290934896, 64.34591525629709 ], [ -14.981315307390453, 64.346292302446329 ], [ -14.980230784615166, 64.346556312738073 ], [ -14.979263716898268, 64.346735792804196 ], [ -14.979160357988347, 64.346755847659026 ], [ -14.979030010880797, 64.346779739007502 ], [ -14.978536949527562, 64.346862340468633 ], [ -14.97808005933538, 64.346950520875865 ], [ -14.978027708406058, 64.34696511103968 ], [ -14.977749156199822, 64.347044470205105 ], [ -14.977562692148272, 64.347095320887348 ], [ -14.977423003579737, 64.347140875048751 ], [ -14.977349542060104, 64.347188258268417 ] ], [ [ -14.981177871543279, 64.349623645102028 ], [ -14.98172084861112, 64.349846565682583 ], [ -14.982161510069696, 64.350112870773728 ], [ -14.982445121026164, 64.350287045716726 ], [ -14.982767156130519, 64.350490005078768 ], [ -14.98314093856488, 64.350703632388857 ], [ -14.983457960069996, 64.350795550319503 ], [ -14.983875281942872, 64.350857886691543 ], [ -14.984090847309425, 64.350914659645099 ], [ -14.984337594787709, 64.350976912764196 ], [ -14.98453800288952, 64.350991679182371 ], [ -14.98469728635366, 64.350996069947314 ], [ -14.984798259357968, 64.350961886174275 ], [ -14.984653159182871, 64.350860847894737 ], [ -14.984338159215438, 64.350755125762319 ], [ -14.984158503702448, 64.350671617839282 ], [ -14.984024701633048, 64.350566269421435 ], [ -14.983948046965416, 64.350434771137742 ], [ -14.983858072397927, 64.350321389098596 ], [ -14.983669829198028, 64.350223781010513 ], [ -14.98338823783947, 64.350035801664205 ], [ -14.983297106666379, 64.349857694810041 ], [ -14.983166881207893, 64.349655405309704 ], [ -14.983015421105533, 64.349452530028515 ], [ -14.983215039651116, 64.349254715805756 ], [ -14.983302584814769, 64.349021464580289 ], [ -14.983308855797935, 64.348906115239259 ], [ -14.983137513968053, 64.348693449944548 ], [ -14.98298857005283, 64.348546094594951 ], [ -14.982661633914143, 64.348449280538688 ], [ -14.982206898157713, 64.348496809062965 ], [ -14.982122436578566, 64.348563792625242 ], [ -14.981992410758286, 64.348795871507178 ], [ -14.982081021061319, 64.34891845919779 ], [ -14.982062580979337, 64.349116649083555 ], [ -14.982146656324534, 64.349197523534073 ], [ -14.982136519844333, 64.349266557370996 ], [ -14.982129086393059, 64.349317182184492 ], [ -14.982154859170576, 64.349359481180528 ], [ -14.98219916549772, 64.349420774985134 ], [ -14.982240769003671, 64.34950047780184 ], [ -14.982304960894675, 64.349571561867535 ], [ -14.982351970860117, 64.34961444659983 ], [ -14.98228353057517, 64.349644905086421 ], [ -14.982205823308204, 64.349665866135609 ], [ -14.982084485108574, 64.349620931060613 ], [ -14.982009675363789, 64.349549553990585 ], [ -14.981913629446158, 64.349477591055049 ], [ -14.981685629389192, 64.349360399728582 ], [ -14.981379248628818, 64.349268770907472 ], [ -14.981028369443935, 64.349189776286195 ], [ -14.980640229790046, 64.349146719794845 ], [ -14.980321685715042, 64.34913792923129 ], [ -14.980151119528049, 64.349137842892802 ], [ -14.9798352803139, 64.349110642280735 ], [ -14.979591940816931, 64.34902537033274 ], [ -14.979438079341262, 64.348984156047678 ], [ -14.979237012424869, 64.34897398486649 ], [ -14.97921171880429, 64.349001012099222 ], [ -14.979358616188561, 64.349162178038171 ], [ -14.979632933663867, 64.349326860852671 ], [ -14.980129085321533, 64.349432972758237 ], [ -14.980515876138313, 64.34948523510721 ], [ -14.980817046094716, 64.349539754750907 ], [ -14.981177871543279, 64.349623645102028 ] ], [ [ -14.986239558839802, 64.351893437180919 ], [ -14.986154730153938, 64.35210828110776 ], [ -14.986039883853998, 64.352382369333739 ], [ -14.985786183312516, 64.352440070833666 ], [ -14.985551879742175, 64.352438235001458 ], [ -14.985169764970841, 64.352353770103932 ], [ -14.984823563076498, 64.352242568704142 ], [ -14.984658380881868, 64.352205669484349 ], [ -14.984900715749603, 64.352443393280197 ], [ -14.985054418649222, 64.352558530819508 ], [ -14.985410569727897, 64.352674626605591 ], [ -14.985803800348537, 64.352828710242733 ], [ -14.986075000760192, 64.352942463332923 ], [ -14.986214898895543, 64.353006389403504 ], [ -14.986399977148343, 64.353053076592715 ], [ -14.986558597778121, 64.353062067602153 ], [ -14.986644230648682, 64.353059805910902 ], [ -14.986673571270675, 64.353005163716219 ], [ -14.98661206042245, 64.352915672449143 ], [ -14.98665287760365, 64.352782791541699 ], [ -14.986669261684467, 64.352598407866481 ], [ -14.986751569218132, 64.352328043736136 ], [ -14.986788516039132, 64.352148847453549 ], [ -14.986790047686446, 64.352065713888265 ], [ -14.986630757668296, 64.352061325408371 ], [ -14.986602639178596, 64.351889578289018 ], [ -14.986729940411207, 64.351675904366218 ], [ -14.986963430700094, 64.351465155842604 ], [ -14.987374066191888, 64.351282391247238 ], [ -14.987744919798038, 64.351080046414282 ], [ -14.988386331762047, 64.350842881228786 ], [ -14.988986971710485, 64.350506020709886 ], [ -14.990008130227915, 64.349878243686803 ], [ -14.990451478964722, 64.349446319447196 ], [ -14.989014238019427, 64.350163325626383 ], [ -14.988356950566084, 64.350573288146066 ], [ -14.987801250460567, 64.350841312708582 ], [ -14.987297078818294, 64.351007638988023 ], [ -14.986911553801592, 64.351237303802094 ], [ -14.986528540420229, 64.351522487499494 ], [ -14.986239558839802, 64.351893437180919 ] ], [ [ -14.998802237751965, 64.373838330360101 ], [ -14.998851926846505, 64.373825345060013 ], [ -14.999041075929545, 64.373833910497069 ], [ -14.99926759590768, 64.373844167911869 ], [ -14.999496609444943, 64.373854537878273 ], [ -14.999760725400868, 64.373866496864466 ], [ -14.999952143643242, 64.373875163845284 ], [ -15.000253855694307, 64.37388882415982 ], [ -15.000407678524395, 64.373895788398144 ], [ -15.001380514899072, 64.373946349707637 ], [ -15.002039850061788, 64.373980613599429 ], [ -15.003074747053311, 64.374351069770242 ], [ -15.003490141860176, 64.374604902367281 ], [ -15.00391589306518, 64.374682995787524 ], [ -15.004651654502718, 64.374686554754476 ], [ -15.005486428532553, 64.37458986693369 ], [ -15.006317608882092, 64.374360229856705 ], [ -15.006789840389665, 64.374067618810471 ], [ -15.006926530694759, 64.373709357027053 ], [ -15.006933639289448, 64.373438946904272 ], [ -15.00684613657198, 64.373262120526476 ], [ -15.006073727284132, 64.372847903335227 ], [ -15.005873858145668, 64.372774273625325 ], [ -15.005475198763818, 64.372627409667302 ], [ -15.005418308749617, 64.372606451477722 ], [ -15.005325329149219, 64.372572197826358 ], [ -15.005012556296938, 64.372456971360506 ], [ -15.004962765922723, 64.372444245863349 ], [ -15.004621039178881, 64.372356906065107 ], [ -15.004507235963706, 64.372327819514126 ], [ -15.004421239636555, 64.372305839925403 ], [ -15.004051709858972, 64.372211391748891 ], [ -15.003621494713244, 64.372101430998526 ], [ -15.003596187608517, 64.372094962567658 ], [ -15.003562697539074, 64.372086402580692 ], [ -15.003140669212337, 64.37197853197047 ], [ -15.002821761670118, 64.371897017707113 ], [ -15.002685154670424, 64.371862099957312 ], [ -15.002504376704419, 64.371815891452968 ], [ -15.002229643982783, 64.371745666528227 ], [ -15.002206331722238, 64.37173970759919 ], [ -15.001956105443849, 64.371653441956326 ], [ -15.001774134665922, 64.371590706825344 ], [ -15.00164263246622, 64.371545370613489 ], [ -15.001318630379039, 64.371433667711088 ], [ -15.000870287233225, 64.371279094328983 ], [ -15.000863131290439, 64.371276627179441 ], [ -15.000857959988885, 64.371274844272833 ], [ -15.000407637400075, 64.371119585230431 ], [ -15.000244431492069, 64.371063315475354 ], [ -15.000137774692515, 64.371004313679705 ], [ -14.999952148813815, 64.370901625952342 ], [ -14.99964874254457, 64.370733780277163 ], [ -14.999496668064026, 64.370649651001671 ], [ -14.999401942218267, 64.370597247282745 ], [ -14.999159720010578, 64.370463245234745 ], [ -14.999041195654311, 64.370397674628421 ], [ -14.998712079956805, 64.370215597538348 ], [ -14.998696689138804, 64.370192708785595 ], [ -14.99858573764751, 64.370027703952474 ], [ -14.998514778588836, 64.369922173980001 ], [ -14.998467587118283, 64.369851990582944 ], [ -14.998332871614927, 64.369651638938848 ], [ -14.998281322725136, 64.369574973572838 ], [ -14.998354335651795, 64.369514176600475 ], [ -14.998585773936618, 64.369321458748601 ], [ -14.998587539175983, 64.369319988828181 ], [ -14.998733588765869, 64.369198372250253 ], [ -14.998839020608539, 64.369110577612446 ], [ -14.998888342166335, 64.369069506611098 ], [ -14.998952957807862, 64.369058138841382 ], [ -14.999041242858178, 64.369042606873336 ], [ -14.999304336598049, 64.368996320434704 ], [ -14.999496698917204, 64.368962477473616 ], [ -14.999655713809872, 64.368934501186033 ], [ -14.999911117322714, 64.368889566285091 ], [ -14.999952152344488, 64.368870763357876 ], [ -14.999981342711163, 64.368857387825329 ], [ -15.000019182199164, 64.368840049087225 ], [ -15.00023845191585, 64.368739575112585 ], [ -15.000407601004214, 64.368662066733052 ], [ -15.000495558919562, 64.368621761947409 ], [ -15.000609578556334, 64.368569514694954 ], [ -15.000645438567027, 64.368553082492056 ], [ -15.000429369286767, 64.368311915649585 ], [ -15.000417781926595, 64.36829898222912 ], [ -15.000407595459185, 64.368287612427068 ], [ -15.000199428635181, 64.368055261204304 ], [ -15.000066112845319, 64.368028449661665 ], [ -14.999952153848529, 64.368005530884801 ], [ -14.999893820478357, 64.367993799164452 ], [ -14.999496718089663, 64.367913935003543 ], [ -14.999205257574175, 64.367855316271729 ], [ -14.99904128536188, 64.367822337707395 ], [ -14.99893397609495, 64.36780075521601 ], [ -14.998636162657844, 64.367787794878922 ], [ -14.998585852846427, 64.367785605420138 ], [ -14.998144734206976, 64.367766407395365 ], [ -14.998130420397803, 64.367765784418168 ], [ -14.997949317502181, 64.367757902188004 ], [ -14.997674988605132, 64.367745962002445 ], [ -14.997653306519835, 64.367745018265765 ], [ -14.997219557468453, 64.367726138172955 ], [ -14.997161879596492, 64.367723627490051 ], [ -14.996950116994958, 64.367714409393699 ], [ -14.996764123923931, 64.367732375867703 ], [ -14.996727193667944, 64.367735943208928 ], [ -14.996500148750206, 64.367757874776245 ], [ -14.996335471003558, 64.367773781700024 ], [ -14.996308685109732, 64.367776369044194 ], [ -14.995943747262242, 64.367811619145073 ], [ -14.995853244839781, 64.367820360806618 ], [ -14.995552022444036, 64.367849455544061 ], [ -14.995397803114129, 64.367864351155035 ], [ -14.995160296548963, 64.367887290896974 ], [ -14.994999259061903, 64.367902844577671 ], [ -14.994942363707441, 64.367887797079575 ], [ -14.99481838514936, 64.367855007501646 ], [ -14.994515887620771, 64.367775002845534 ], [ -14.994486952344634, 64.367767349976177 ], [ -14.994450888005806, 64.36775781158174 ], [ -14.994052796132728, 64.36765252213128 ], [ -14.994031557073816, 64.367591067743533 ], [ -14.993995680791709, 64.367487260490634 ], [ -14.993986405449059, 64.367460422356544 ], [ -14.993902183189288, 64.367216723456011 ], [ -14.993872686484282, 64.367131373078962 ], [ -14.993871295574536, 64.36712146211751 ], [ -14.993846697668193, 64.36694618795083 ], [ -14.993829870016574, 64.366826280007658 ], [ -14.993808731540378, 64.366675653154942 ], [ -14.993788445346883, 64.36653109787413 ], [ -14.993771590801375, 64.366410994658708 ], [ -14.993770081714457, 64.366405118310098 ], [ -14.993722957843456, 64.366221617803973 ], [ -14.993700606856095, 64.366134582124715 ], [ -14.993640964450753, 64.365902329389385 ], [ -14.993631133363142, 64.365864045896387 ], [ -14.993605253689577, 64.36576326667695 ], [ -14.993885454468655, 64.365792717708842 ], [ -14.994037158782868, 64.36572331562553 ], [ -14.994071149527919, 64.365491272171383 ], [ -14.994136911059668, 64.365235578011607 ], [ -14.993904638105892, 64.365082049739939 ], [ -14.993653184232969, 64.365071268370343 ], [ -14.993492863123333, 64.364990943063091 ], [ -14.993455301888339, 64.364511371862278 ], [ -14.993451251868985, 64.364436748318795 ], [ -14.993450089673429, 64.364415334234991 ], [ -14.993323043230577, 64.364240832613078 ], [ -14.993129490472255, 64.363974978350527 ], [ -14.993126077354802, 64.363970290216869 ], [ -14.993121602224218, 64.363964143338151 ], [ -14.992929115350023, 64.363699747546164 ], [ -14.992782310934496, 64.363498096598136 ], [ -14.992732157216107, 64.363429204601019 ], [ -14.992666398204683, 64.363338876359748 ], [ -14.992635139930906, 64.363295938985743 ], [ -14.992514440563623, 64.363158660323492 ], [ -14.992348133773875, 64.362969507182413 ], [ -14.992276572776902, 64.36288811465306 ], [ -14.992211186531634, 64.362813744752401 ], [ -14.992038709664872, 64.36261756858697 ], [ -14.991951415161751, 64.362518278179721 ], [ -14.991800320862582, 64.36250368190079 ], [ -14.991553838991964, 64.362497474018127 ], [ -14.99150253436191, 64.362617538508914 ], [ -14.99146163179376, 64.362713259046913 ], [ -14.991386934252636, 64.362888065117744 ], [ -14.991369423150065, 64.36292904401131 ], [ -14.991300395954338, 64.363090577923316 ], [ -14.991284503556225, 64.363127768226747 ], [ -14.991272615010246, 64.363142096363546 ], [ -14.991258928922754, 64.363158590886925 ], [ -14.991122246684336, 64.363323319670698 ], [ -14.991034466625736, 64.363429110671234 ], [ -14.990971876378755, 64.363504542819172 ], [ -14.990844851260693, 64.363657628853119 ], [ -14.990821504093462, 64.363685765808995 ], [ -14.990809999917401, 64.363699630102019 ], [ -14.990671129828419, 64.363866988640098 ], [ -14.99058552879761, 64.363970149179195 ], [ -14.990520753583583, 64.364048211312564 ], [ -14.990389294099248, 64.36420663477648 ], [ -14.990370375358903, 64.364229433826324 ], [ -14.990361053266223, 64.364240667902763 ], [ -14.990219995154353, 64.364410656181406 ], [ -14.990188514575125, 64.364448592931666 ], [ -14.990185430832087, 64.364511189549432 ], [ -14.990178274549084, 64.364656453183557 ], [ -14.990172103235123, 64.364781721937874 ], [ -14.990165323117868, 64.364919347201024 ], [ -14.990158775375992, 64.36505225431506 ], [ -14.990152371439081, 64.365182241207876 ], [ -14.990145447254692, 64.365322786680963 ], [ -14.990139419512715, 64.365445135204055 ], [ -14.990132118871214, 64.365593319035582 ], [ -14.990126467338763, 64.365708029189591 ], [ -14.990118790225544, 64.365863851378919 ], [ -14.990113514917217, 64.365970923164483 ], [ -14.990105461317684, 64.366134383711 ], [ -14.990102029286447, 64.366204041624172 ], [ -14.990131089380602, 64.366251957559371 ], [ -14.990223861816443, 64.366404924868633 ], [ -14.990307909719045, 64.366543505261134 ], [ -14.990387671226374, 64.366675016791419 ], [ -14.990387945443246, 64.366675468920548 ], [ -14.99038843187213, 64.366676270945121 ], [ -14.990426662259477, 64.36673930510527 ], [ -14.99055203229519, 64.366946012778996 ], [ -14.990567751030081, 64.366971929296554 ], [ -14.990644260958474, 64.367098075550288 ], [ -14.990716122372378, 64.367216556443907 ], [ -14.990843597690798, 64.367426727688013 ], [ -14.990862486651528, 64.367457870032837 ], [ -14.990880215674913, 64.367487099915252 ], [ -14.990900858577294, 64.367521133835837 ], [ -14.991012593794938, 64.367705349999227 ], [ -14.990995173038575, 64.367757640185388 ], [ -14.990970110141403, 64.367832868687856 ], [ -14.990905044245489, 64.368028167785681 ], [ -14.990894858324973, 64.368058741168724 ], [ -14.990843336006591, 64.36821338608695 ], [ -14.990819605273373, 64.368284613603976 ], [ -14.990814913680566, 64.36829869532049 ], [ -14.990744350986567, 64.368510485993596 ], [ -14.990724781343758, 64.368569222789873 ], [ -14.990669095464522, 64.368736358337586 ], [ -14.990642315651941, 64.368816734511171 ], [ -14.990650407032836, 64.368839751198877 ], [ -14.990719768269967, 64.369037054107437 ], [ -14.990745514503923, 64.369110290347976 ], [ -14.990840010356415, 64.369379084372227 ], [ -14.990840623844475, 64.369380829425353 ], [ -14.990842945425358, 64.3693874331084 ], [ -14.990933980641477, 64.369646378140956 ], [ -14.990933163440035, 64.369651368272173 ], [ -14.990925156638472, 64.369700260637714 ], [ -14.990888859993351, 64.369921898616951 ], [ -14.990884773259259, 64.369946853191408 ], [ -14.990844555675523, 64.370192428938296 ], [ -14.990844389156244, 64.370193445725604 ], [ -14.990842673775042, 64.370203920050812 ], [ -14.990816286227846, 64.370365044598174 ], [ -14.990758879728077, 64.370413228096297 ], [ -14.990752000242745, 64.370419002301915 ], [ -14.990699636663789, 64.370462952893376 ], [ -14.990570115472554, 64.370571663895205 ], [ -14.99038701784108, 64.370725341539426 ], [ -14.990381349043684, 64.370730099447712 ], [ -14.990377338961183, 64.370733465170105 ], [ -14.990192580441425, 64.370888534753931 ], [ -14.990055034922714, 64.371003976728744 ], [ -14.99000380966574, 64.37104696981379 ], [ -14.989940254606848, 64.371100311023966 ], [ -14.989931395711242, 64.371107165603149 ], [ -14.98980903729605, 64.371201840143215 ], [ -14.989715147894401, 64.371274486338308 ], [ -14.989611217672646, 64.371354901021832 ], [ -14.989475772138869, 64.371459699458939 ], [ -14.989413395848826, 64.371507961630513 ], [ -14.989365532732224, 64.371544994446211 ], [ -14.989215571824557, 64.371661021969246 ], [ -14.989020136893476, 64.371812231882686 ], [ -14.989017745599797, 64.371814082038014 ], [ -14.989015910697033, 64.37181550171087 ], [ -14.988912693389979, 64.371895361149797 ], [ -14.988446936210453, 64.372809297969425 ], [ -14.988430968397303, 64.373508601842929 ], [ -14.988454557787968, 64.374011787314231 ], [ -14.988500929338352, 64.374336051376147 ], [ -14.988548755455493, 64.374402131009475 ], [ -14.988774941359063, 64.37452491532126 ], [ -14.989019001639113, 64.374657401054932 ], [ -14.989739293235228, 64.374808520137094 ], [ -14.990542746121392, 64.37489402868691 ], [ -14.991144431440093, 64.37492853340882 ], [ -14.991974169826904, 64.374971273398032 ], [ -14.992544609912228, 64.375030129884095 ], [ -14.992908922462737, 64.375134797504529 ], [ -14.993130153087705, 64.375169107931356 ], [ -14.99344935535191, 64.375162934792172 ], [ -14.993735936951074, 64.375117670821126 ], [ -14.994061054694546, 64.375100249981017 ], [ -14.994145653363477, 64.375095716793609 ], [ -14.994368212805764, 64.375068619713716 ], [ -14.996162483479404, 64.374417134396325 ], [ -14.997227744229654, 64.374160763583063 ], [ -14.998802237751965, 64.373838330360101 ] ], [ [ -15.013617483085705, 64.372464821790317 ], [ -15.014382748144248, 64.372609034081421 ], [ -15.016047048246049, 64.3730054069989 ], [ -15.016806537642756, 64.373244044803101 ], [ -15.017650272073208, 64.373398013293297 ], [ -15.018628815952928, 64.373512519643796 ], [ -15.019995533057196, 64.373693272950604 ], [ -15.020451074235339, 64.37370618480405 ], [ -15.021362100995198, 64.373658734405183 ], [ -15.021251745967987, 64.37377417416856 ], [ -15.020899923150735, 64.373865364671531 ], [ -15.020328040006897, 64.37401468826809 ], [ -15.019417606304621, 64.374163929669876 ], [ -15.018826477208824, 64.374209357677444 ], [ -15.018067740019932, 64.373862552908321 ], [ -15.018757069064947, 64.374214691495453 ], [ -15.018625834160101, 64.374224776427951 ], [ -15.01810026378976, 64.374201259955441 ], [ -15.017606405854426, 64.374105303942287 ], [ -15.017219259960662, 64.374003098417305 ], [ -15.016720089762771, 64.373943646068724 ], [ -15.016198516144803, 64.373892742767055 ], [ -15.01565852899067, 64.373823008318425 ], [ -15.015205299194681, 64.37388392519658 ], [ -15.014895606280669, 64.37397625331856 ], [ -15.014558183186276, 64.374113637852133 ], [ -15.014080994894192, 64.374338830784168 ], [ -15.013408789943355, 64.374595342049574 ], [ -15.012905183273023, 64.374856461359158 ], [ -15.012072105394779, 64.375200197996833 ], [ -15.011815191846202, 64.375220659627047 ], [ -15.011576691523043, 64.375259950607358 ], [ -15.011338190515231, 64.37529924119815 ], [ -15.011097025471461, 64.375356784620124 ], [ -15.010858522931509, 64.375396074427471 ], [ -15.010598942946466, 64.375434787133983 ], [ -15.010319617384715, 64.375463796023908 ], [ -15.010060035995377, 64.375502507772367 ], [ -15.009782041294994, 64.375522389032824 ], [ -15.009501381755678, 64.375560522955823 ], [ -15.009241798291992, 64.375599233249602 ], [ -15.008984878882998, 64.375619689899452 ], [ -15.008729291569763, 64.37563101950829 ], [ -15.008473704044963, 64.375642348669686 ], [ -15.00821811630861, 64.375653677383653 ], [ -15.007940118735403, 64.375673555136913 ], [ -15.007662120758461, 64.375693432360876 ], [ -15.007406532209293, 64.375704759654056 ], [ -15.007149610438486, 64.375725213074276 ], [ -15.00689402138052, 64.375736539470196 ], [ -15.006616022004367, 64.375756414702252 ], [ -15.006360432434303, 64.375767740164051 ], [ -15.006103509290787, 64.37578819174341 ], [ -15.00582550881613, 64.375808065470224 ], [ -15.005568584894489, 64.375828516108228 ], [ -15.00531166058896, 64.375848966294143 ], [ -15.005013915675375, 64.375859134440319 ], [ -15.004759658297923, 64.375861330544637 ], [ -15.004505400879673, 64.375863526206132 ], [ -15.004228732471899, 64.375874270341995 ], [ -15.003973140813903, 64.375885591624453 ], [ -15.003652983851678, 64.375904305869625 ], [ -15.003376314697196, 64.375915048390141 ], [ -15.003075899589076, 64.375943465664179 ], [ -15.002817637876143, 64.375973037998563 ], [ -15.002559375605195, 64.376002609876124 ], [ -15.002303782058553, 64.376013928236119 ], [ -15.002046853574067, 64.376034372676713 ], [ -15.001789924705809, 64.37605481666516 ], [ -15.001532995453774, 64.376075260201475 ], [ -15.001274730830632, 64.376104829806678 ], [ -15.001016465649524, 64.376134398955074 ], [ -15.000738457966467, 64.376154262995456 ], [ -15.000481526995788, 64.376174704681461 ], [ -15.000261408575973, 64.376232808377651 ], [ -15.000020212025666, 64.376290333503619 ], [ -14.999780349959488, 64.376338731723806 ], [ -14.999599712148747, 64.376416243981907 ], [ -14.999399331607918, 64.376484051184377 ], [ -14.999258175171118, 64.376580972682703 ], [ -14.999136759481486, 64.376687598915723 ], [ -14.999057497972437, 64.376795381812556 ], [ -14.999020391131884, 64.37690432144187 ], [ -14.999004361726756, 64.377013839450626 ], [ -14.999009410009034, 64.377123935845759 ], [ -14.99903553623337, 64.377234610625095 ], [ -14.9990827406571, 64.377345863777336 ], [ -14.999129945464546, 64.377457116914954 ], [ -14.999307626788813, 64.377544460642937 ], [ -14.99948530924704, 64.377631804155072 ], [ -14.99966432844271, 64.377710020944306 ], [ -14.999843348661498, 64.377788237514366 ], [ -15.000022369903414, 64.377866453865224 ], [ -15.000223806070185, 64.377936121697061 ], [ -15.000468735663679, 64.377997819093892 ], [ -15.000693923065974, 64.378049811421903 ], [ -15.000942860325429, 64.378084128473745 ], [ -15.001168049338391, 64.378136120070721 ], [ -15.00139190415652, 64.378197237843608 ], [ -15.001614424994779, 64.378267481798602 ], [ -15.001793454432169, 64.378345695979746 ], [ -15.001972484892724, 64.378423909941702 ], [ -15.002151516376454, 64.378502123684413 ], [ -15.002285721326778, 64.378597434451521 ], [ -15.002332941311701, 64.378708686560486 ], [ -15.002295844914071, 64.378817627032731 ], [ -15.002216589677031, 64.378925411656112 ], [ -15.002096509969114, 64.379022913832117 ], [ -15.001955349989844, 64.379119837950583 ], [ -15.001753620513293, 64.379196774922249 ], [ -15.001515071102293, 64.379236049472752 ], [ -15.001262117219373, 64.379229112961625 ], [ -15.00101049869262, 64.379213049492208 ], [ -15.000757545150156, 64.379206112106957 ], [ -15.00050459173592, 64.379199174283471 ], [ -15.000230559015222, 64.379191657813521 ], [ -14.999977605868164, 64.379184719077088 ], [ -14.999724652849368, 64.379177779902435 ], [ -14.999471699958836, 64.379170840289589 ], [ -14.999218747196581, 64.379163900238495 ], [ -14.998924971722859, 64.379146676457452 ], [ -14.99867602732958, 64.379112355963301 ], [ -14.998427083560617, 64.379078035044785 ], [ -14.998157061139469, 64.37904313519428 ], [ -14.997905446145069, 64.379027066374221 ], [ -14.99765650411813, 64.378992744142025 ], [ -14.997404889880846, 64.378976674459395 ], [ -14.997155948939932, 64.37894235137388 ], [ -14.996907008623369, 64.378908027864 ], [ -14.996656732268498, 64.378882830409793 ], [ -14.996405119628655, 64.378866759004396 ], [ -14.996153507284307, 64.378850687165425 ], [ -14.995901895235443, 64.378834614892867 ], [ -14.995648946486073, 64.378827668657536 ], [ -14.995395997865094, 64.378820721984013 ], [ -14.995143049372516, 64.37881377487227 ], [ -14.994891438256365, 64.378797700858485 ], [ -14.994641164765991, 64.378772499949548 ], [ -14.99439356655872, 64.378729045693163 ], [ -14.994168385537186, 64.378677043646476 ], [ -14.993919451380366, 64.378642715043455 ], [ -14.993670517847978, 64.378608386016083 ], [ -14.993401843859106, 64.378564350919973 ], [ -14.993133170734739, 64.378520315329581 ], [ -14.992885577202898, 64.378476858516564 ], [ -14.992615567779351, 64.378441948419209 ], [ -14.992366637708281, 64.378407617169188 ], [ -14.992117708261679, 64.378373285494817 ], [ -14.991868779439539, 64.378338953396096 ], [ -14.991619851241875, 64.378304620873038 ], [ -14.99137092366869, 64.378270287925659 ], [ -14.991079839710538, 64.378234795498386 ], [ -14.990829574877006, 64.378209588056833 ], [ -14.990580649159391, 64.378175253762265 ], [ -14.990330385329997, 64.378150045465148 ], [ -14.990081460780072, 64.378115710319605 ], [ -14.989828520152553, 64.378108754001218 ], [ -14.989576918639198, 64.37809267082983 ], [ -14.989325317421525, 64.378076587224854 ], [ -14.989073716499536, 64.378060503186362 ], [ -14.988778620007313, 64.378052385402214 ], [ -14.988523001627676, 64.378063679637123 ], [ -14.988264704193478, 64.378093226230106 ], [ -14.98802614505083, 64.378132478739815 ], [ -14.987825723277901, 64.378200270062393 ], [ -14.987705595491054, 64.378297760397189 ], [ -14.987585466848468, 64.378395250633616 ], [ -14.9874639976409, 64.37850186716733 ], [ -14.987405763628377, 64.378610223797992 ], [ -14.987368607952556, 64.378719160474105 ], [ -14.987331451980973, 64.37882809714138 ], [ -14.987356192843967, 64.378947900412967 ], [ -14.987423092059158, 64.379068863804676 ], [ -14.987491331599916, 64.379180700770263 ], [ -14.987581990651703, 64.379283991345062 ], [ -14.987672650387756, 64.379387281864098 ], [ -14.989615843265375, 64.381145101395646 ], [ -14.991341104950264, 64.382658654201308 ], [ -14.992444422924899, 64.383651115631935 ], [ -14.993180034958774, 64.384697607520991 ], [ -14.993729589851959, 64.385280823282173 ], [ -14.994548934093459, 64.386045546479011 ], [ -14.994878648391996, 64.386540250278301 ], [ -14.995578549473496, 64.387109259000042 ], [ -14.996293498552005, 64.387431270628625 ], [ -14.996795544472954, 64.387472539889018 ], [ -14.99735714254261, 64.387396320311424 ], [ -14.997958235497645, 64.387339508647685 ], [ -14.998515520616406, 64.387437266574295 ], [ -14.998686582746503, 64.387570243605822 ], [ -14.998715093893022, 64.38780926796916 ], [ -14.998672625024149, 64.387954713581166 ], [ -14.998486263599393, 64.388215332994093 ], [ -14.998353802306651, 64.388541573124698 ], [ -14.998491457318007, 64.38890271288858 ], [ -14.998713761195742, 64.389119563784661 ], [ -14.998948096282744, 64.389254275794002 ], [ -14.99881429900088, 64.389589642864124 ], [ -14.998328691381063, 64.389869543500296 ], [ -14.997836691018396, 64.390048472515744 ], [ -14.996845261224234, 64.390167879523602 ], [ -14.995825021973756, 64.390194857338471 ], [ -14.99438168655678, 64.390219374014976 ], [ -14.992687972157009, 64.390218672158937 ], [ -14.991464882961516, 64.390185067696862 ], [ -14.988488839827509, 64.390021662855304 ], [ -14.987930257910413, 64.389962459849457 ], [ -14.987269504651906, 64.389909212306648 ], [ -14.98656408093855, 64.389815275746784 ], [ -14.986065400268192, 64.389762097561416 ], [ -14.98566183814836, 64.389750992249191 ], [ -14.985239651891622, 64.389791751342869 ], [ -14.984648620434079, 64.389683648336941 ], [ -14.98422570283137, 64.389597476280301 ], [ -14.98371950904629, 64.389526546553782 ], [ -14.983182409226956, 64.389459148064674 ], [ -14.982127753158709, 64.389329267382621 ], [ -14.98135926036267, 64.38925110408033 ], [ -14.980574448333341, 64.389146182156537 ], [ -14.980051306904532, 64.38905285156973 ], [ -14.979414172267077, 64.388908151535773 ], [ -14.979117487203082, 64.388790370174164 ], [ -14.978160294904663, 64.388549158582919 ], [ -14.977375069056791, 64.388378445011057 ], [ -14.976480809618897, 64.388191566933514 ], [ -14.976195319662761, 64.388135465974074 ], [ -14.975967145713705, 64.388102866416233 ], [ -14.975761078164194, 64.388057723937422 ], [ -14.975220811032795, 64.388012128223565 ], [ -14.974619169126216, 64.388039367346565 ], [ -14.974268447214024, 64.388082297853657 ], [ -14.973696861759699, 64.388180509350349 ], [ -14.973440585804239, 64.388269886571535 ], [ -14.972827996284179, 64.388371347098754 ], [ -14.971905879105055, 64.388442336921514 ], [ -14.971280828626115, 64.388490837059464 ], [ -14.970752797177775, 64.3885683196429 ], [ -14.970627872275559, 64.388591173794524 ], [ -14.970323229222528, 64.388675303258367 ], [ -14.970125594659901, 64.38870005487054 ], [ -14.969977056025098, 64.388814323817314 ], [ -14.969705732521845, 64.389074262186881 ], [ -14.969546668083325, 64.389328533692748 ], [ -14.969338444837312, 64.389572678403425 ], [ -14.969254078759652, 64.389732561836709 ], [ -14.969040478384589, 64.390081778047971 ], [ -14.968857139942964, 64.39043183037812 ], [ -14.968769547196672, 64.39061354543415 ], [ -14.968703201477608, 64.390857226195422 ], [ -14.968715430157339, 64.390980321250481 ], [ -14.968806441214452, 64.391118745951545 ], [ -14.968848294514627, 64.391247043806018 ], [ -14.968863526805462, 64.391418447831882 ], [ -14.968851493405836, 64.3916373244179 ], [ -14.968848053657771, 64.391729297193692 ], [ -14.968809616535422, 64.391921139075976 ], [ -14.968629703374912, 64.392179218373613 ], [ -14.968504965801451, 64.392337986095441 ], [ -14.968369053112443, 64.392641123010378 ], [ -14.968414772785801, 64.392743222733031 ], [ -14.968755704284165, 64.392423830311941 ], [ -14.969030509235182, 64.392071920884291 ], [ -14.969390750264516, 64.391621535583283 ], [ -14.96960306994157, 64.391281051599861 ], [ -14.969653522316275, 64.391076389119021 ], [ -14.969610593790652, 64.390886683384196 ], [ -14.969762153817291, 64.390614667512352 ], [ -14.969984121658548, 64.390208687243614 ], [ -14.970168517105719, 64.389920041607709 ], [ -14.970270695099535, 64.389708039732341 ], [ -14.970407001634428, 64.389470675577755 ], [ -14.970498229223292, 64.389332902105849 ], [ -14.970693132148151, 64.389110308999747 ], [ -14.970809471906039, 64.389008302471467 ], [ -14.970966165148546, 64.388907410503649 ], [ -14.971141746700072, 64.388815808446608 ], [ -14.971540562174336, 64.388721603254112 ], [ -14.97233089548647, 64.388651360812773 ], [ -14.97294907691219, 64.388580745671931 ], [ -14.973261383809998, 64.388523605129421 ], [ -14.973584421278773, 64.388462376000987 ], [ -14.974186278287744, 64.388365000264159 ], [ -14.974872494416783, 64.388313791652308 ], [ -14.975571167559588, 64.388315533404636 ], [ -14.976045323388737, 64.388328614788492 ], [ -14.976854128947135, 64.38840791907117 ], [ -14.977782967373109, 64.388635205396028 ], [ -14.978314702138043, 64.38880769598309 ], [ -14.978867263590649, 64.388976374446344 ], [ -14.979123786751245, 64.389022903045031 ], [ -14.979431848135578, 64.389132229621623 ], [ -14.979793568240151, 64.389221113683632 ], [ -14.980205092463136, 64.389315753405867 ], [ -14.981276372097772, 64.389639000032602 ], [ -14.9819825967247, 64.389731761254211 ], [ -14.982937847940558, 64.389858866830195 ], [ -14.984276705471636, 64.389969036788145 ], [ -14.985170054120942, 64.39008525984292 ], [ -14.98596065385393, 64.39018032334576 ], [ -14.987173013031045, 64.390286985082142 ], [ -14.98790706288462, 64.390334665763305 ], [ -14.988454004955084, 64.390358870863452 ], [ -14.994315106816252, 64.390529094733012 ], [ -14.995587079037797, 64.390518200721658 ], [ -14.996805146275863, 64.390441674124261 ], [ -14.998236760102897, 64.390352669506129 ], [ -14.998809105291279, 64.390203432338254 ], [ -14.999295756772444, 64.390061006083016 ], [ -14.999895568119049, 64.390013312948284 ], [ -15.000387842003832, 64.3896877745062 ], [ -15.0003302112237, 64.389502931365726 ], [ -15.000001119330957, 64.389292318264339 ], [ -14.999706189725309, 64.389137620074337 ], [ -14.999566889315794, 64.388932210446754 ], [ -14.999583507288866, 64.388529487345764 ], [ -14.999932161670133, 64.388172522734521 ], [ -15.000123563807152, 64.388021997893176 ], [ -15.000435088727295, 64.38777397204889 ], [ -15.000617707656426, 64.387394127238963 ], [ -15.0001781561029, 64.387070527351014 ], [ -14.999952895442197, 64.387018534204316 ], [ -14.999457533711539, 64.386931643251344 ], [ -14.999012068375094, 64.386937750837092 ], [ -14.998432071841247, 64.386995145307964 ], [ -14.998031449252725, 64.386984153835286 ], [ -14.997372759029272, 64.386856121515578 ], [ -14.996990856070614, 64.386717356325065 ], [ -14.996425157682863, 64.386243670571659 ], [ -14.995396250727909, 64.385464042493609 ], [ -14.994617729707999, 64.384709608582213 ], [ -14.994134413258871, 64.383963278106904 ], [ -14.993719398507562, 64.383328780136821 ], [ -14.993125042928748, 64.382762658827588 ], [ -14.992396192966735, 64.38224781778716 ], [ -14.991643946642171, 64.381604044129304 ], [ -14.990818800575342, 64.38059173212595 ], [ -14.99036175418281, 64.379956065577431 ], [ -14.990252708736683, 64.37925666106473 ], [ -14.990399606919508, 64.378976640175694 ], [ -14.990630477732106, 64.37884553994229 ], [ -14.99099952864513, 64.37878238120426 ], [ -14.991252475795385, 64.378789335494233 ], [ -14.991505423074171, 64.378796289345999 ], [ -14.991758370481477, 64.37880324275956 ], [ -14.99200997980833, 64.378819322172376 ], [ -14.992282668422629, 64.37883598051036 ], [ -14.99255401933921, 64.378861764781533 ], [ -14.992802953775687, 64.378896095712889 ], [ -14.99305188883663, 64.378930426219881 ], [ -14.993299486735486, 64.378973882751879 ], [ -14.993547085420566, 64.379017338864116 ], [ -14.993772268061324, 64.379069341869879 ], [ -14.993997451557762, 64.3791213445285 ], [ -14.994222635909876, 64.379173346839977 ], [ -14.994447821117667, 64.379225348804283 ], [ -14.994694086564353, 64.379277929432035 ], [ -14.994943027470036, 64.379312256715465 ], [ -14.995193306173892, 64.379337457107638 ], [ -14.995463327719326, 64.379372362439568 ], [ -14.995712270448662, 64.379406688411649 ], [ -14.99596255072426, 64.37943188748541 ], [ -14.996212831460708, 64.379457086130188 ], [ -14.996464449414507, 64.379473157867409 ], [ -14.996737147253413, 64.379489807886713 ], [ -14.997009845424097, 64.379506457396715 ], [ -14.997260127806605, 64.379531654246421 ], [ -14.99751041064993, 64.379556850667143 ], [ -14.997762030282765, 64.3795729201684 ], [ -14.998012313965475, 64.379598115728868 ], [ -14.998263934272337, 64.379614184365238 ], [ -14.998515554874649, 64.379630252568035 ], [ -14.998767175772393, 64.37964632033723 ], [ -14.999020132878675, 64.379653261170787 ], [ -14.999273090113252, 64.379660201566097 ], [ -14.99952604747611, 64.3796671415232 ], [ -14.999779004967246, 64.379674081042097 ], [ -15.000053042394061, 64.379681598359667 ], [ -15.000306000152415, 64.379688536965588 ], [ -15.000582708656113, 64.379677800261462 ], [ -15.000837001821989, 64.379675611431097 ], [ -15.001091294947189, 64.379673422157879 ], [ -15.001346923169374, 64.37966210591847 ], [ -15.001602551180175, 64.379650789231519 ], [ -15.001858178979582, 64.379639472097054 ], [ -15.002113806567586, 64.379628154515075 ], [ -15.00236943394418, 64.379616836485553 ], [ -15.002589575104199, 64.379558729601129 ], [ -15.002750480137182, 64.379471509250763 ], [ -15.002892973722089, 64.379365457824534 ], [ -15.003013052095547, 64.379267954991846 ], [ -15.003113384658887, 64.379160747729387 ], [ -15.0031926370458, 64.379052962617948 ], [ -15.003273223268465, 64.378936050923457 ], [ -15.00328923671835, 64.378826532435596 ], [ -15.003263091774565, 64.378715858408739 ], [ -15.003173709907971, 64.378603451036938 ], [ -15.003040836352145, 64.378499014547728 ], [ -15.002906629254966, 64.378403704475161 ], [ -15.002728930868459, 64.378316365123382 ], [ -15.002505072090633, 64.378255249400056 ], [ -15.002279879557948, 64.37820325986489 ], [ -15.002030939538765, 64.378168945092426 ], [ -15.001783335060969, 64.378125503368992 ], [ -15.001558144966628, 64.378073512721002 ], [ -15.001332955727767, 64.378021521725856 ], [ -15.00113151610946, 64.377951855423959 ], [ -15.00095249113955, 64.377873640432725 ], [ -15.000795880793623, 64.377786876834705 ], [ -15.000705176838437, 64.37768359447449 ], [ -15.000636887042116, 64.377571763695371 ], [ -15.000610754021166, 64.377461089200736 ], [ -15.000584621211548, 64.377350414702008 ], [ -15.00062172243131, 64.377241474672701 ], [ -15.000722056932517, 64.377134269064527 ], [ -15.000842133251032, 64.377036768028233 ], [ -15.000962208714126, 64.3769392668937 ], [ -15.001082283321804, 64.37684176566087 ], [ -15.001243177186474, 64.376754546983548 ], [ -15.001423812575828, 64.376677032690765 ], [ -15.001625524409706, 64.376600096184603 ], [ -15.001825900285269, 64.376532285926331 ], [ -15.002065760430632, 64.376483884344992 ], [ -15.002305619727741, 64.3764354823697 ], [ -15.002544143598282, 64.376396206533244 ], [ -15.002803744089983, 64.37635750814691 ], [ -15.003062009445342, 64.376327935836514 ], [ -15.00332027424267, 64.376298363069282 ], [ -15.003599615736539, 64.376269367570089 ], [ -15.003877622512038, 64.37624949808135 ], [ -15.004154294850141, 64.376238754610625 ], [ -15.004409889730784, 64.376227433010826 ], [ -15.004665484399995, 64.376216110963554 ], [ -15.00492241263426, 64.376195661914423 ], [ -15.005220161242304, 64.376185493954665 ], [ -15.005496832406498, 64.376174747939814 ], [ -15.005815657794761, 64.376165156213489 ], [ -15.00607125130095, 64.376153831705196 ], [ -15.006326844595657, 64.376142506749432 ], [ -15.006583770897858, 64.376122054776687 ], [ -15.006839363683804, 64.376110728923678 ], [ -15.007096289304801, 64.376090276048998 ], [ -15.00737562467488, 64.376061273325362 ], [ -15.007632549430996, 64.376040819507011 ], [ -15.007889473803154, 64.376020365236556 ], [ -15.008149063172773, 64.375981657346472 ], [ -15.008405986603679, 64.375961202167105 ], [ -15.008683986759829, 64.375941323526419 ], [ -15.00896198651221, 64.375921444356408 ], [ -15.009218908770473, 64.375900987746519 ], [ -15.00951798480561, 64.37588168442835 ], [ -15.009774906275181, 64.375861226840044 ], [ -15.010031827360731, 64.375840768799662 ], [ -15.010290080030392, 64.375811183703917 ], [ -15.010570741040947, 64.375773048264207 ], [ -15.010848737714051, 64.375753165501663 ], [ -15.011106988674308, 64.375723578961015 ], [ -15.011366570679391, 64.375684865350607 ], [ -15.011647228895077, 64.375646727841698 ], [ -15.011885732486855, 64.375607436745355 ], [ -15.012126898080895, 64.375549892019748 ], [ -15.012369393919927, 64.375483220273907 ], [ -15.012589480607961, 64.375425098325806 ], [ -15.013397489598489, 64.375108162318895 ], [ -15.013799490943901, 64.374963382592625 ], [ -15.014305752200531, 64.374684006917988 ], [ -15.014627429271624, 64.374509540264768 ], [ -15.014958205191498, 64.374417788794105 ], [ -15.015370622518114, 64.374346593990467 ], [ -15.016001573603608, 64.374372999992261 ], [ -15.016280679667279, 64.374490582640362 ], [ -15.016592167747074, 64.374531163995854 ], [ -15.016957577647082, 64.374637358725209 ], [ -15.017579895335164, 64.374723081218306 ], [ -15.018242375897032, 64.374823642295937 ], [ -15.01905771314614, 64.374891722158125 ], [ -15.019809343762809, 64.374816032260654 ], [ -15.019889633306718, 64.374793226745766 ], [ -15.019926098575251, 64.374811853343061 ], [ -15.020443074014837, 64.375083062849114 ], [ -15.020742860401931, 64.375320628429137 ], [ -15.021212965137734, 64.375523797309199 ], [ -15.021842019950348, 64.375615796629191 ], [ -15.022215983576833, 64.375701952307921 ], [ -15.022513953163475, 64.375810131244378 ], [ -15.022668736361833, 64.375856651203065 ], [ -15.022605768816508, 64.375798807924767 ], [ -15.022342539197316, 64.375684256216076 ], [ -15.022130343956961, 64.375632102437066 ], [ -15.021808166355795, 64.375564441220419 ], [ -15.021293938941744, 64.375483709430142 ], [ -15.020817765273264, 64.375270614187883 ], [ -15.020557930042605, 64.375068302671522 ], [ -15.020035309786207, 64.374761866459181 ], [ -15.02002179185256, 64.374755688133646 ], [ -15.020206656783852, 64.374703178307328 ], [ -15.020440005829096, 64.374553777596319 ], [ -15.021031647492226, 64.374414155465331 ], [ -15.021831388059917, 64.37429853541262 ], [ -15.022652197921767, 64.374183485953623 ], [ -15.023492749382267, 64.374078133455583 ], [ -15.024059307445826, 64.373965304372334 ], [ -15.024292629175502, 64.373815897509218 ], [ -15.024303246766141, 64.373742883670431 ], [ -15.024161185678159, 64.373555751130624 ], [ -15.023987432822002, 64.373441057492784 ], [ -15.023891346524856, 64.373374296474026 ], [ -15.023767710777877, 64.373205991799196 ], [ -15.023609890528276, 64.372981777017117 ], [ -15.023495550220771, 64.372749585053114 ], [ -15.023225888566648, 64.372421526772214 ], [ -15.022811204876367, 64.372063899946468 ], [ -15.022478605552465, 64.371543658035634 ], [ -15.021684043156345, 64.371002711517278 ], [ -15.021359753412, 64.370634215064882 ], [ -15.021290527355125, 64.370328033328136 ], [ -15.021523149133676, 64.370164021536979 ], [ -15.021729239805261, 64.370140260753217 ], [ -15.021577616530783, 64.370058469004206 ], [ -15.021110796316627, 64.369993312071713 ], [ -15.020776368399831, 64.369920710553302 ], [ -15.020608054335563, 64.369996660997302 ], [ -15.020338415996097, 64.369989582864633 ], [ -15.019747093859946, 64.370024769200995 ], [ -15.019662081785388, 64.370151567257906 ], [ -15.019468131988662, 64.370223898659674 ], [ -15.019140115523609, 64.370214293480998 ], [ -15.01913909734224, 64.370191466338895 ], [ -15.019136744638301, 64.370138719689848 ], [ -15.018985523287611, 64.369853285362566 ], [ -15.018700761708926, 64.369741213724552 ], [ -15.018028512456551, 64.369534529067849 ], [ -15.017657040383272, 64.369456739085877 ], [ -15.017547651041076, 64.369506746530192 ], [ -15.017360190251622, 64.369571353955678 ], [ -15.017071927593397, 64.369605827336869 ], [ -15.016614113617548, 64.369480775784837 ], [ -15.016401268065314, 64.369290558411819 ], [ -15.015784952266452, 64.369192433830918 ], [ -15.014919845033926, 64.369259720926181 ], [ -15.014589494756931, 64.369326722876849 ], [ -15.014369325147589, 64.369286858193718 ], [ -15.013771479284999, 64.369345748074039 ], [ -15.011747179687626, 64.368551763613866 ], [ -15.011673091639201, 64.367892212440651 ], [ -15.012304652319267, 64.367216334199327 ], [ -15.013432152526557, 64.366566808696149 ], [ -15.014696847888565, 64.365985057627299 ], [ -15.016020100466275, 64.365128521266854 ], [ -15.017230669766274, 64.363871506186285 ], [ -15.019052750925239, 64.362709203278754 ], [ -15.019354891251437, 64.361574006678211 ], [ -15.018708817191765, 64.360993391264387 ], [ -15.017086160069155, 64.360492972709224 ], [ -15.016343029920098, 64.359800178559524 ], [ -15.015602097979079, 64.359370553890386 ], [ -15.01545505599557, 64.358829502475558 ], [ -15.017878460941532, 64.356496429498591 ], [ -15.018816533697871, 64.356242270483364 ], [ -15.019725104377381, 64.355041520363301 ], [ -15.019811793654412, 64.35439956979215 ], [ -15.019776741511278, 64.354121393205489 ], [ -15.019360879214327, 64.35352021858013 ], [ -15.018615080711497, 64.353205893217549 ], [ -15.017249177365114, 64.352686628030099 ], [ -15.014711997356438, 64.352766385086568 ], [ -15.012432578230337, 64.352559136371966 ], [ -15.010335141229945, 64.352146111732239 ], [ -15.008039289943556, 64.351635426191251 ], [ -15.007112478316495, 64.35153100301396 ], [ -15.006501749888081, 64.351343047637954 ], [ -15.005830495660659, 64.351153429873136 ], [ -15.006412413971262, 64.350497700953341 ], [ -15.006838784264808, 64.350074771142914 ], [ -15.007136422924104, 64.349700992710197 ], [ -15.00698773367446, 64.349262297961701 ], [ -15.007040968718297, 64.349105714167138 ], [ -15.006430294837079, 64.348917758515853 ], [ -15.006008874324978, 64.348682308645152 ], [ -15.005890102050596, 64.348455156980336 ], [ -15.006202683873036, 64.348187152588878 ], [ -15.007001390478559, 64.3479193054348 ], [ -15.007495534935673, 64.347656276249012 ], [ -15.007060726466298, 64.347512653994315 ], [ -15.005957484055736, 64.347785320592109 ], [ -15.00544646278305, 64.347955690192649 ], [ -15.005181750827637, 64.347895748856885 ], [ -15.004652330391249, 64.347775864744534 ], [ -15.004009908867035, 64.347389472278039 ], [ -15.003598110997959, 64.347088426719452 ], [ -15.003044198469048, 64.346928353157736 ], [ -15.002132496504144, 64.346929670743734 ], [ -15.001133434233354, 64.347112968808332 ], [ -15.000159283814821, 64.347125729961235 ], [ -14.999265682115391, 64.347281455045518 ], [ -14.997125769186516, 64.347292417657229 ], [ -14.996598573421922, 64.347277927597716 ], [ -14.996088584334345, 64.347244052100208 ], [ -14.995145696866327, 64.347216133819742 ], [ -14.994522358819996, 64.347234221497629 ], [ -14.993132256713022, 64.348012552245962 ], [ -14.992070169926503, 64.348417954971325 ], [ -14.991327987384546, 64.348713621401416 ], [ -14.991533108647273, 64.349180233059201 ], [ -14.99342347597109, 64.34975906210191 ], [ -14.993877910049889, 64.35089123812557 ], [ -14.993781612536033, 64.351104559361588 ], [ -14.993782421404999, 64.351255243085276 ], [ -14.993833127451531, 64.351405754485413 ], [ -14.993906351871471, 64.351593118250733 ], [ -14.993649854234194, 64.351837941888874 ], [ -14.993501727585262, 64.351978956314383 ], [ -14.993300581324704, 64.352166376299863 ], [ -14.99302549443922, 64.352297435234263 ], [ -14.992929589078262, 64.35244266428775 ], [ -14.9929358345337, 64.352618428276216 ], [ -14.992947055240501, 64.352773006954564 ], [ -14.993002137252972, 64.352853626592406 ], [ -14.99160228493359, 64.353686437414268 ], [ -14.989592399719983, 64.355378668561428 ], [ -14.98855172514169, 64.356221431939474 ], [ -14.988750266801144, 64.356697765645535 ], [ -14.990273584140075, 64.357982963004773 ], [ -14.991045801483203, 64.358728589052134 ], [ -14.991867085883163, 64.359371158184061 ], [ -14.993866473380912, 64.360784534322676 ], [ -14.995854111294751, 64.362067567961901 ], [ -14.999727834490757, 64.364182640580523 ], [ -15.000050192583528, 64.364840290291525 ], [ -15.001940477108006, 64.366405237748367 ], [ -15.004051065560814, 64.367834357585778 ], [ -15.006136475375387, 64.368455395957071 ], [ -15.008435983203791, 64.369009483449616 ], [ -15.010563958186639, 64.369548672903633 ], [ -15.011995785177541, 64.370102487604314 ], [ -15.012249984630675, 64.370297471798054 ], [ -15.012424367305702, 64.370667742601839 ], [ -15.012097341285537, 64.370800331532749 ], [ -15.011855241302133, 64.37108738260585 ], [ -15.012001020567778, 64.371482812148386 ], [ -15.012771090419379, 64.372044786537828 ], [ -15.012799085885771, 64.372140988225041 ], [ -15.012952923609554, 64.372303654327681 ], [ -15.013161909121669, 64.372333668929386 ], [ -15.013617483085705, 64.372464821790317 ] ], [ [ -14.966915958822463, 64.375773620637645 ], [ -14.967734915297385, 64.375617785739053 ], [ -14.967431623207647, 64.375554004697321 ], [ -14.966753322045349, 64.375719883743145 ], [ -14.966118385284581, 64.375880804941602 ], [ -14.964739442850787, 64.376267323190049 ], [ -14.964844549144919, 64.376325624874298 ], [ -14.966575900564628, 64.375862689069137 ], [ -14.966915958822463, 64.375773620637645 ] ], [ [ -14.964614945367844, 64.386300712178297 ], [ -14.964865647019318, 64.386360702257974 ], [ -14.964894276123033, 64.386359340941183 ], [ -14.965156086971502, 64.386346891542146 ], [ -14.965333471401177, 64.386317469594019 ], [ -14.965448179695997, 64.386240517558178 ], [ -14.965469181634136, 64.386290147921599 ], [ -14.965684078583417, 64.38636966631762 ], [ -14.966022652114475, 64.386379030985879 ], [ -14.966423062893002, 64.386353317980763 ], [ -14.966857094799597, 64.386291746601401 ], [ -14.96729292703173, 64.386217961435236 ], [ -14.967794195718456, 64.386084672495187 ], [ -14.968032523087473, 64.386005424890655 ], [ -14.968535585978792, 64.385859920901297 ], [ -14.968854947942079, 64.385807436570062 ], [ -14.969318980972172, 64.385734425166035 ], [ -14.969752996545587, 64.385672845182512 ], [ -14.970299865368991, 64.385614382073001 ], [ -14.970724873318286, 64.385613861870723 ], [ -14.971280147653806, 64.385690512468841 ], [ -14.971681753068239, 64.385848752578951 ], [ -14.97186304977363, 64.385964120267658 ], [ -14.972390120101656, 64.386039987416183 ], [ -14.97301803399311, 64.386008276603448 ], [ -14.973469462800587, 64.386020739984318 ], [ -14.973949106359086, 64.386033980797606 ], [ -14.974682679758107, 64.386054228406365 ], [ -14.975542937689124, 64.386176065761603 ], [ -14.976147472871617, 64.386303105277406 ], [ -14.976445247060344, 64.386397155622461 ], [ -14.976765843983932, 64.386528621485766 ], [ -14.977120052827921, 64.386624227006919 ], [ -14.977620733013206, 64.386687084447573 ], [ -14.977955719449772, 64.386720846702005 ], [ -14.978308137538335, 64.386828661971578 ], [ -14.978540507575657, 64.38698221523309 ], [ -14.978885742689583, 64.387138879655225 ], [ -14.978993213833618, 64.387178629022955 ], [ -14.979370799313946, 64.387115464741896 ], [ -14.979702732707411, 64.386977468161732 ], [ -14.979914614646932, 64.38688521079915 ], [ -14.980256792491657, 64.386870117163681 ], [ -14.980616407095214, 64.386929076234821 ], [ -14.980988072826698, 64.387098725883575 ], [ -14.981171213199678, 64.387201869356872 ], [ -14.981751173073182, 64.387303682913966 ], [ -14.982574820617989, 64.387289584781314 ], [ -14.983063467372521, 64.387241732232212 ], [ -14.983767573020195, 64.387077189699596 ], [ -14.984136673376799, 64.386878896464424 ], [ -14.984228999636654, 64.38663619605137 ], [ -14.983838079576767, 64.386404714235297 ], [ -14.983552845087477, 64.386225190082243 ], [ -14.983268121911882, 64.385849485249125 ], [ -14.983413797172924, 64.385436584669634 ], [ -14.983580501889229, 64.385073311707174 ], [ -14.983614605338186, 64.384841270460342 ], [ -14.983573043305482, 64.384545834847074 ], [ -14.983379648505768, 64.384319790454256 ], [ -14.983051865242047, 64.384237189884146 ], [ -14.982604052124783, 64.384200330754254 ], [ -14.981725867909509, 64.384200661741161 ], [ -14.981149043076126, 64.384270602866039 ], [ -14.980510400964819, 64.384375624587676 ], [ -14.979914339107319, 64.384383719983006 ], [ -14.979515766537924, 64.384397257326114 ], [ -14.978750967050866, 64.384204501282653 ], [ -14.978603797676591, 64.383857102089976 ], [ -14.978556900005024, 64.383598302969091 ], [ -14.978111445164906, 64.383353037346126 ], [ -14.977708589140818, 64.383010847483135 ], [ -14.977474459979057, 64.382869505548413 ], [ -14.976538324829443, 64.38246964965721 ], [ -14.975415698275699, 64.382184391651705 ], [ -14.973271396728501, 64.381822690979121 ], [ -14.972641126454095, 64.381770212790073 ], [ -14.971891114295328, 64.381705655975097 ], [ -14.971050119720942, 64.381708728281794 ], [ -14.97034260259616, 64.38176809427928 ], [ -14.969884440415189, 64.381922031846244 ], [ -14.969596875640894, 64.382155214161017 ], [ -14.969231619073618, 64.382434474633214 ], [ -14.968874083522147, 64.382661337664175 ], [ -14.968331123095826, 64.382909379005369 ], [ -14.96749929000233, 64.383193273101256 ], [ -14.966745554411604, 64.383496859582991 ], [ -14.965171503238627, 64.384345870598864 ], [ -14.96466299373277, 64.384704030490511 ], [ -14.964342821371705, 64.385622087950125 ], [ -14.964311425470891, 64.38608467758236 ], [ -14.964430870257322, 64.38618014872273 ], [ -14.964533826402912, 64.386264138743016 ], [ -14.964542673689962, 64.386268127652912 ], [ -14.964614945367844, 64.386300712178297 ] ], [ [ -14.972296502028513, 64.386892714123306 ], [ -14.971289570184837, 64.386960792105398 ], [ -14.970884685388658, 64.387077457870021 ], [ -14.970401166600841, 64.387351762459573 ], [ -14.969727508974261, 64.387788615051733 ], [ -14.969264700806949, 64.388047507562106 ], [ -14.968787794762129, 64.388401896744455 ], [ -14.968216591071752, 64.388769659572318 ], [ -14.966932140877361, 64.389341439766923 ], [ -14.966025973359164, 64.389851756003566 ], [ -14.965482491649105, 64.390156351422618 ], [ -14.964996513712547, 64.390446554463395 ], [ -14.96527780129602, 64.390542232087114 ], [ -14.965314992979469, 64.390415410281207 ], [ -14.965907771300854, 64.390152131847316 ], [ -14.966559226873423, 64.389866501875687 ], [ -14.967463401128571, 64.389619818525361 ], [ -14.968812010560301, 64.389113731737069 ], [ -14.969488063240959, 64.388660966972537 ], [ -14.969954793931434, 64.38825036017181 ], [ -14.970256811773895, 64.387955060989242 ], [ -14.97055412889021, 64.38769159395369 ], [ -14.971007531555721, 64.387496362925418 ], [ -14.971606845975861, 64.387313151238914 ], [ -14.971859947641933, 64.387224254138985 ], [ -14.972657980697104, 64.387070498164405 ], [ -14.972588334984385, 64.386916753802254 ], [ -14.972296502028513, 64.386892714123306 ] ], [ [ -14.961358365318008, 64.391485997601023 ], [ -14.962321442487459, 64.391488132329741 ], [ -14.96317525009165, 64.391462712224765 ], [ -14.964041684621339, 64.391351799909827 ], [ -14.964284320448048, 64.391051953384846 ], [ -14.964154692970885, 64.390778594993179 ], [ -14.963839519185299, 64.390610464051917 ], [ -14.963849186609414, 64.390353221676364 ], [ -14.964134465419999, 64.389956456529703 ], [ -14.965148095688868, 64.3890402959439 ], [ -14.96611478191223, 64.388441652951116 ], [ -14.966540461410395, 64.388244964845541 ], [ -14.966775831812702, 64.38799396418176 ], [ -14.966705054674431, 64.387513775935062 ], [ -14.966347265152564, 64.387442570124733 ], [ -14.965608251379619, 64.387458918078877 ], [ -14.96517239483833, 64.387532698222088 ], [ -14.964748520100326, 64.387717169867202 ], [ -14.964516740746554, 64.387943742332808 ], [ -14.96391504954881, 64.388564737573944 ], [ -14.963527738653539, 64.388885104234532 ], [ -14.962924853364768, 64.389322127797968 ], [ -14.961926899064347, 64.389748213348753 ], [ -14.961213567194466, 64.389973712723034 ], [ -14.960317141067417, 64.390096039213901 ], [ -14.959194961044517, 64.390212106974914 ], [ -14.958265566949366, 64.390174096328892 ], [ -14.957563727143974, 64.39013012349217 ], [ -14.9562686100347, 64.390265901484511 ], [ -14.954978193716883, 64.390561211001454 ], [ -14.954613543965342, 64.390918973583069 ], [ -14.954780336842514, 64.391132061246523 ], [ -14.955185542721452, 64.391265922063184 ], [ -14.95615152471151, 64.391439852826664 ], [ -14.957103756824436, 64.391515296129896 ], [ -14.957470610629102, 64.391525462702504 ], [ -14.958703239361594, 64.391620927775534 ], [ -14.959493390687195, 64.391642815212407 ], [ -14.96038084261564, 64.391581555842492 ], [ -14.961358365318008, 64.391485997601023 ] ], [ [ -14.979483835598876, 64.394819230322028 ], [ -14.979999048620185, 64.394784378414784 ], [ -14.980782646589375, 64.394658821138393 ], [ -14.981358416287597, 64.394404913904168 ], [ -14.981678372527776, 64.394156221317246 ], [ -14.981956247479328, 64.393808272024174 ], [ -14.981953689296159, 64.393440337005956 ], [ -14.98143954572282, 64.393082835431898 ], [ -14.980790969670439, 64.392868774108919 ], [ -14.980188064787908, 64.392729541114434 ], [ -14.97938528440646, 64.392793254166989 ], [ -14.979007082338901, 64.393052598676746 ], [ -14.978357440212642, 64.393230886900341 ], [ -14.977773771204355, 64.393153485099447 ], [ -14.977084964203993, 64.392827937472589 ], [ -14.976575735721962, 64.392629961090705 ], [ -14.975763279336679, 64.392374569606829 ], [ -14.974979058766403, 64.392119952236513 ], [ -14.974554519993276, 64.391924304669871 ], [ -14.97422904431509, 64.391633291531576 ], [ -14.97389817656002, 64.391378915416908 ], [ -14.973593991488661, 64.391318920989121 ], [ -14.973222700559539, 64.391348009231749 ], [ -14.972792574445213, 64.391668806273103 ], [ -14.972577005938687, 64.39187860121892 ], [ -14.972165829951106, 64.392538459577338 ], [ -14.972047300428528, 64.392966679472323 ], [ -14.971929172930109, 64.393642619174031 ], [ -14.97145377886158, 64.394236778849844 ], [ -14.971136446782342, 64.394635537182992 ], [ -14.970946284571763, 64.395173647392113 ], [ -14.971086386300163, 64.395601018629506 ], [ -14.971435849576952, 64.395986226820185 ], [ -14.971789227922427, 64.39621972050135 ], [ -14.972483993087266, 64.396551343161917 ], [ -14.973107386166683, 64.396936417450647 ], [ -14.973600468089174, 64.397244319192893 ], [ -14.97376564732048, 64.397469597812133 ], [ -14.974062961077736, 64.397759833259883 ], [ -14.974326654646974, 64.3980859271296 ], [ -14.974699663477974, 64.398439560481847 ], [ -14.975066050050247, 64.398645863076922 ], [ -14.975402979278961, 64.398667418605157 ], [ -14.975793326745784, 64.398518775309867 ], [ -14.976076158934237, 64.398330379517091 ], [ -14.976396209122038, 64.3980816984553 ], [ -14.977053174006173, 64.397854568417472 ], [ -14.977485565995044, 64.397805178044521 ], [ -14.977814041957039, 64.397691610946936 ], [ -14.978168778298096, 64.397014705768441 ], [ -14.978214275149746, 64.396513209625766 ], [ -14.978286740556516, 64.395828523909984 ], [ -14.97879694229823, 64.395057806015899 ], [ -14.979483835598876, 64.394819230322028 ] ], [ [ -14.97240145444918, 64.404072899929758 ], [ -14.972193322271975, 64.404059788482598 ], [ -14.972158195663784, 64.404105480615954 ], [ -14.972142439934323, 64.404173810185299 ], [ -14.972146415951373, 64.404262331282041 ], [ -14.972113939625586, 64.40436703746991 ], [ -14.972033458513858, 64.404450771834973 ], [ -14.971919049679627, 64.404533569796286 ], [ -14.971714409767493, 64.404650715378352 ], [ -14.971466454258801, 64.404715091796135 ], [ -14.971242559320194, 64.404770308491095 ], [ -14.971151606005533, 64.404809547679619 ], [ -14.97115497632065, 64.404863669938337 ], [ -14.971276851647724, 64.404884225260048 ], [ -14.971493051425991, 64.404919663388753 ], [ -14.971668947770915, 64.404958900539029 ], [ -14.971901390961031, 64.404999698101605 ], [ -14.972062724806797, 64.404945209719472 ], [ -14.972330530861903, 64.404861733100404 ], [ -14.972607840831133, 64.404790797640302 ], [ -14.972907406990931, 64.404722931662405 ], [ -14.973138988701514, 64.404577057455398 ], [ -14.973266029661762, 64.404524077578927 ], [ -14.97324292241095, 64.404449763991323 ], [ -14.973139093137995, 64.404422340598359 ], [ -14.973017218469712, 64.404401786830007 ], [ -14.972922778570206, 64.404426195598759 ], [ -14.972786836502715, 64.404501032399651 ], [ -14.97269539869874, 64.404466582995028 ], [ -14.972687813727182, 64.404402521076378 ], [ -14.972568581662092, 64.404325554826173 ], [ -14.972426488904462, 64.404211119539937 ], [ -14.972398451215797, 64.404131757947326 ], [ -14.97248374603681, 64.404092361945345 ], [ -14.972872333090896, 64.404036776297829 ], [ -14.972727121185731, 64.404020490024763 ], [ -14.97240145444918, 64.404072899929758 ] ], [ [ -15.160603664657478, 64.320198960119541 ], [ -15.160313802054882, 64.319924162659561 ], [ -15.160095787139459, 64.319722500272945 ], [ -15.159691809669278, 64.319676219585148 ], [ -15.159525741629984, 64.319689646779793 ], [ -15.158697887002081, 64.319739035603874 ], [ -15.158028633515286, 64.319828227312783 ], [ -15.157594793298427, 64.319994872392044 ], [ -15.157526521105492, 64.320188979735391 ], [ -15.158159866078435, 64.320063222043288 ], [ -15.158990219300925, 64.319996091959879 ], [ -15.159317384200326, 64.320004727243386 ], [ -15.159992712745241, 64.32016502944316 ], [ -15.160412724507335, 64.32038983175562 ], [ -15.16080041573041, 64.320845309376281 ], [ -15.161125104792372, 64.320871684948258 ], [ -15.161032253014866, 64.320655516115224 ], [ -15.160898506365388, 64.320438268311179 ], [ -15.160603664657478, 64.320198960119541 ] ] ], [ [ [ -14.959970984443231, 64.281131403401318 ], [ -14.959669449905746, 64.281072472261187 ], [ -14.959400048965525, 64.280795399807033 ], [ -14.959484084884735, 64.28022487798836 ], [ -14.959844453270877, 64.279787333128596 ], [ -14.960755718634537, 64.277315552852201 ], [ -14.963388876816044, 64.274297078010434 ], [ -14.964357093529003, 64.273721926693341 ], [ -14.964934626938891, 64.273485240940246 ], [ -14.965396327008115, 64.273245335777787 ], [ -14.965742196608559, 64.273002212309152 ], [ -14.965908961591007, 64.272922600650844 ], [ -14.965934369368719, 64.273277128373124 ], [ -14.96591290339587, 64.27395047904011 ], [ -14.965799413486023, 64.274722366127023 ], [ -14.965614876865665, 64.275904749495737 ], [ -14.963843580517223, 64.277747335810815 ], [ -14.962680977809704, 64.279732465413815 ], [ -14.962192717819786, 64.280566076082295 ], [ -14.960644798950218, 64.281032196503816 ], [ -14.959970984443231, 64.281131403401318 ] ] ] ] } },
{ "type": "Feature", "properties": { "fid": 77, "rock_type_unit": "Rhyolite lava", "name_unit": "Kvosatindur Rhyolite", "volcanic_system": "Kvosir", "formation_geology_type": "Lava", "feature_type": "Lava", "geological_age": null, "geological_group": null, "geological_formation": "Kvosir Caldera Formation", "notes": "Inaccessible except by the ridge to the north, needs proper observations. Scree samples indicate a red, vesicular rhyolite. The outcrop is extensive, forming much of the mountaintop. Rhyolite lava.", "citation": "Askew et al. 2026", "date_reference": null, "date_input": "2026-07-22", "username": "Robert Alexander Askew - NATT", "unit_code": null, "scale_precision": "25", "rock_type": "Rhyolite" }, "geometry": { "type": "MultiPolygon", "coordinates": [ [ [ [ -15.072580245003842, 64.390185044271036 ], [ -15.072596294942402, 64.390387193200624 ], [ -15.0727545953632, 64.390541115652013 ], [ -15.072799670235215, 64.390750552865228 ], [ -15.072672538170396, 64.391007410228312 ], [ -15.072182770133995, 64.391457120584121 ], [ -15.071697716716105, 64.391796974943119 ], [ -15.071400314244329, 64.392018771491266 ], [ -15.070951769027733, 64.392236497226264 ], [ -15.070019147541844, 64.392523256198132 ], [ -15.068781801624743, 64.392686896476079 ], [ -15.067742110533596, 64.392774649282217 ], [ -15.067229107095574, 64.392786849777451 ], [ -15.066904508475856, 64.39294817918163 ], [ -15.066467683026714, 64.393084134929182 ], [ -15.066143033021376, 64.393231321478709 ], [ -15.065605847947555, 64.393405605660305 ], [ -15.065122980202601, 64.393597767714809 ], [ -15.064534990310381, 64.393729641290122 ], [ -15.063955239765438, 64.393804283305172 ], [ -15.063230230616975, 64.393833966847751 ], [ -15.062278501498268, 64.393857528075401 ], [ -15.061593632658832, 64.393871872134497 ], [ -15.060848547168222, 64.393909209439954 ], [ -15.060410466888619, 64.393922003374428 ], [ -15.060018425887092, 64.393878587429967 ], [ -15.059808215313351, 64.393758006933808 ], [ -15.059835334298025, 64.393569968919664 ], [ -15.059927384677529, 64.393326232585935 ], [ -15.059967471635991, 64.393048263319287 ], [ -15.060081948424594, 64.392780510398879 ], [ -15.060371168543453, 64.392484646606647 ], [ -15.06082805310691, 64.392209724346372 ], [ -15.061567163825549, 64.392081945776269 ], [ -15.062347586177818, 64.391930656513992 ], [ -15.063182727709449, 64.391753717204438 ], [ -15.063150869311945, 64.391661758727338 ], [ -15.06312835072613, 64.391504981718185 ], [ -15.063150765579605, 64.391349417255284 ], [ -15.063469931525811, 64.391221381612056 ], [ -15.063622473292217, 64.391101863624456 ], [ -15.063748793825429, 64.390955609816615 ], [ -15.064001506467513, 64.390871329516642 ], [ -15.064388080861248, 64.390797167184672 ], [ -15.064760609294723, 64.390716117952351 ], [ -15.064883187923249, 64.39059579061707 ], [ -15.064915901821413, 64.390473039209908 ], [ -15.064788574603869, 64.390417548249019 ], [ -15.064810045609736, 64.390268465402286 ], [ -15.06488582373834, 64.390159889754429 ], [ -15.065167546222643, 64.390082897306115 ], [ -15.06566361206086, 64.389979150050706 ], [ -15.066144697171895, 64.389874997238351 ], [ -15.066599604794121, 64.389848221508373 ], [ -15.067148727969053, 64.389745561242705 ], [ -15.067400001358218, 64.389637560722988 ], [ -15.067826112461903, 64.38944386361851 ], [ -15.06822149559977, 64.389200093206767 ], [ -15.068534254301564, 64.389003339162286 ], [ -15.068914263439607, 64.388734530878423 ], [ -15.069496096865844, 64.38838087943077 ], [ -15.069925777176653, 64.388293968529425 ], [ -15.070320105315151, 64.388321006578423 ], [ -15.070422861264165, 64.388397640583719 ], [ -15.070537453456311, 64.388523837258333 ], [ -15.070575312032084, 64.388656174176077 ], [ -15.070582524516318, 64.388869758761473 ], [ -15.070561362445407, 64.389016920473566 ], [ -15.070535497382922, 64.389196784785582 ], [ -15.070450688415205, 64.389522793102998 ], [ -15.070422409619038, 64.389821106033608 ], [ -15.070842761666214, 64.389930033522063 ], [ -15.071239686701668, 64.389992779773493 ], [ -15.07160752441178, 64.389944122602571 ], [ -15.071725410151329, 64.38985619906164 ], [ -15.071923770978328, 64.389731400403846 ], [ -15.072179028366728, 64.389372363848111 ], [ -15.072298158428611, 64.389203217997178 ], [ -15.072446753100186, 64.388960999654003 ], [ -15.072571843873437, 64.388882294498515 ], [ -15.072734803334766, 64.388935925595888 ], [ -15.072858898587182, 64.389128034352481 ], [ -15.072810723195008, 64.389463236782191 ], [ -15.072719975647459, 64.38969880551646 ], [ -15.072612923876934, 64.390062291143352 ], [ -15.072580245003842, 64.390185044271036 ] ] ] ] } },
{ "type": "Feature", "properties": { "fid": 78, "rock_type_unit": "Felsite sheet", "name_unit": "Seti Felsite Sheet", "volcanic_system": "Slaufrudalur", "formation_geology_type": "Intrusion", "feature_type": "Sheet", "geological_age": null, "geological_group": "Hornafjörður Intrusive Suite", "geological_formation": "Kvosir Sheet Swarm", "notes": null, "citation": "Askew et al. 2026", "date_reference": null, "date_input": "2026-07-22", "username": "Robert Alexander Askew - NATT", "unit_code": null, "scale_precision": "10", "rock_type": "Felsite" }, "geometry": { "type": "MultiPolygon", "coordinates": [ [ [ [ -15.034216167852136, 64.383054225500686 ], [ -15.034229221851753, 64.383119652865005 ], [ -15.0341229635531, 64.38317858219186 ], [ -15.034006905091477, 64.383201455126155 ], [ -15.033877322894869, 64.383162141404455 ], [ -15.033829227793253, 64.383027435002205 ], [ -15.033685221814038, 64.382880359315024 ], [ -15.033464473154302, 64.382744210705155 ], [ -15.032871295962865, 64.382584916801463 ], [ -15.032662192403585, 64.38252391694688 ], [ -15.032411936246916, 64.382435768192209 ], [ -15.032299726109166, 64.382328599385175 ], [ -15.032226829453332, 64.382209485572744 ], [ -15.032252193696008, 64.382086537871203 ], [ -15.032326666935434, 64.381987701648768 ], [ -15.032420816242238, 64.381856864458982 ], [ -15.032589435958279, 64.381627190854658 ], [ -15.032572827572238, 64.381327405540489 ], [ -15.032718863445968, 64.381253291468425 ], [ -15.03294053713279, 64.381382959539664 ], [ -15.032982550154907, 64.381507740103046 ], [ -15.033055368305767, 64.381730967304108 ], [ -15.033160013385789, 64.381942045671025 ], [ -15.03319450246669, 64.382118679435109 ], [ -15.033296701415795, 64.38216538316361 ], [ -15.033412266097052, 64.382171780067551 ], [ -15.033593109091354, 64.382168564636089 ], [ -15.033671694093462, 64.382196730915794 ], [ -15.033722138482672, 64.382315233211941 ], [ -15.033742599827658, 64.382484977990359 ], [ -15.033788380610718, 64.382583831683746 ], [ -15.033940774164147, 64.382776686080433 ], [ -15.034162465980264, 64.382906352306492 ], [ -15.034216167852136, 64.383054225500686 ] ] ] ] } },
{ "type": "Feature", "properties": { "fid": 79, "rock_type_unit": "Porphyrytic basalt", "name_unit": "Þorgeirsstaðadalur Porphyrytic Basalt Lava", "volcanic_system": "Þorgeirstaðadalur", "formation_geology_type": "Lava", "feature_type": "Lava", "geological_age": "Neogene", "geological_group": "", "geological_formation": "Þorgeirsstaðadalur Volcano Formation", "notes": null, "citation": "Gupta 2023", "date_reference": null, "date_input": "2026-07-22", "username": "Robert Alexander Askew - NATT", "unit_code": "Þg-PB", "scale_precision": "5", "rock_type": "Porphyrytic Basalt" }, "geometry": { "type": "MultiPolygon", "coordinates": [ [ [ [ -14.954959211999613, 64.342695569728093 ], [ -14.954418469190319, 64.342414841990134 ], [ -14.953346016645005, 64.341999768974247 ], [ -14.951706299894763, 64.341276640125642 ], [ -14.94880538640534, 64.340172986367861 ], [ -14.946327155601365, 64.339320174311908 ], [ -14.943803485209621, 64.337947918183175 ], [ -14.942718504502519, 64.337412839734753 ], [ -14.941374651677874, 64.336764251812824 ], [ -14.940651975559168, 64.33626582636883 ], [ -14.940449088001005, 64.335981174089198 ], [ -14.940413572259629, 64.3358074725612 ], [ -14.941142116986589, 64.336266206852372 ], [ -14.943232195417455, 64.337254443642877 ], [ -14.94682910659877, 64.339241150600841 ], [ -14.950570589890352, 64.340461225375847 ], [ -14.953964976790898, 64.341751262685364 ], [ -14.95590019260465, 64.342548996973946 ], [ -14.956912420401158, 64.342749813324289 ], [ -14.957556478582113, 64.342953687510516 ], [ -14.957740800872676, 64.343158082904665 ], [ -14.957585501336338, 64.343379621143541 ], [ -14.956801009504492, 64.343503979760911 ], [ -14.955677644521401, 64.343432929584452 ], [ -14.954264736711561, 64.343247544338041 ], [ -14.952893321488206, 64.343196151165273 ], [ -14.950844616704657, 64.343165769717302 ], [ -14.948427728517666, 64.343138401296713 ], [ -14.943983723062182, 64.342934975687214 ], [ -14.941413180531683, 64.342703928322052 ], [ -14.93845380020799, 64.342408847400108 ], [ -14.935734694827106, 64.342146982304925 ], [ -14.936417869045256, 64.342086335721987 ], [ -14.941313563860325, 64.342342444189541 ], [ -14.947519685836115, 64.342648145697424 ], [ -14.951866243415488, 64.342888611118909 ], [ -14.954351974182098, 64.342864694514034 ], [ -14.954913049302553, 64.342800569675148 ], [ -14.954959211999613, 64.342695569728093 ] ] ] ] } },
{ "type": "Feature", "properties": { "fid": 80, "rock_type_unit": "Porphyrytic basalt", "name_unit": "Þorgeirsstaðadalur Porphyrytic Basalt Lava", "volcanic_system": "Þorgeirstaðadalur", "formation_geology_type": "Lava", "feature_type": "Lava", "geological_age": "Neogene", "geological_group": null, "geological_formation": "Þorgeirsstaðadalur Volcano Formation", "notes": null, "citation": "Askew et al. 2026", "date_reference": null, "date_input": "2026-07-22", "username": "Robert Alexander Askew - NATT", "unit_code": "Þg-PB", "scale_precision": "5", "rock_type": "Porphyrytic Basalt" }, "geometry": { "type": "MultiPolygon", "coordinates": [ [ [ [ -14.948395430888528, 64.342114529028507 ], [ -14.948173970355727, 64.342161508423274 ], [ -14.947809713173489, 64.342138086927491 ], [ -14.946358569374263, 64.342004699300503 ], [ -14.943713333402705, 64.341864609292841 ], [ -14.940675324194022, 64.341686950534196 ], [ -14.938585344423252, 64.341522387630548 ], [ -14.936165598835126, 64.341308734380917 ], [ -14.933562792724343, 64.341089927662082 ], [ -14.932842196541465, 64.340990088103368 ], [ -14.93345252163879, 64.341007134614188 ], [ -14.935065956921253, 64.34107875690394 ], [ -14.93764022096515, 64.341283454677082 ], [ -14.93903613950237, 64.341375534638431 ], [ -14.941250141217104, 64.341530262871672 ], [ -14.943189511948381, 64.341677305732674 ], [ -14.945401601465905, 64.341845201738494 ], [ -14.946433321652272, 64.341913782464644 ], [ -14.946925523447478, 64.341900912654765 ], [ -14.947209978445336, 64.341842403075674 ], [ -14.947378239115849, 64.341740803013991 ], [ -14.947312154669197, 64.341566253755047 ], [ -14.946563771777518, 64.34123985865395 ], [ -14.945640146757874, 64.340855438207257 ], [ -14.944392633889919, 64.340382277663551 ], [ -14.943501544482531, 64.339985462838399 ], [ -14.942865504973948, 64.33972860341855 ], [ -14.94211722520819, 64.339402185532862 ], [ -14.940767402986088, 64.338793284299101 ], [ -14.939984735312374, 64.338492466293914 ], [ -14.939330026160304, 64.338155356022796 ], [ -14.93904345067811, 64.337815225633577 ], [ -14.938922291903795, 64.337599278184044 ], [ -14.939291479246096, 64.337795572660667 ], [ -14.940071273205989, 64.338322168181676 ], [ -14.941557934535505, 64.339041174983095 ], [ -14.943639292160039, 64.339883016941428 ], [ -14.944770586338718, 64.340313091914183 ], [ -14.946601000251279, 64.340988472492683 ], [ -14.947972606503475, 64.341451780233143 ], [ -14.94842758728824, 64.3416902918717 ], [ -14.948587190712713, 64.341854157060766 ], [ -14.948395430888528, 64.342114529028507 ] ] ] ] } },
{ "type": "Feature", "properties": { "fid": 81, "rock_type_unit": "Porphyrytic basalt", "name_unit": "Porphyrytic Basalt Lava", "volcanic_system": "", "formation_geology_type": "Lava", "feature_type": "Lava", "geological_age": "Neogene", "geological_group": null, "geological_formation": "Hornafjörður Plateau Basalt Formation", "notes": null, "citation": "Gupta 2023; Askew et al. 2026", "date_reference": null, "date_input": "2026-07-22", "username": "Robert Alexander Askew - NATT", "unit_code": "PB", "scale_precision": "10", "rock_type": "Porphyrytic Basalt" }, "geometry": { "type": "MultiPolygon", "coordinates": [ [ [ [ -14.998402144640396, 64.317095444723719 ], [ -14.999033991234562, 64.317314466196905 ], [ -15.000907563104004, 64.317876088163302 ], [ -15.001150726647293, 64.317953587053964 ], [ -15.001328432460598, 64.318043689612011 ], [ -15.001581636099544, 64.318185077388733 ], [ -15.002353069714715, 64.318831610296812 ], [ -15.002982465555551, 64.319295397930702 ], [ -15.00298371796268, 64.319362646764873 ], [ -15.003234101952096, 64.319921643229236 ], [ -15.003304955408609, 64.320346080046008 ], [ -15.003306609039925, 64.320941453130217 ], [ -15.003062999648137, 64.321549293629943 ], [ -15.002618197414403, 64.322170811416456 ], [ -15.002119806681709, 64.322704437526767 ], [ -15.001719346187638, 64.323173538693908 ], [ -15.00156584483917, 64.323466985438586 ], [ -15.001666000638625, 64.323690585109773 ], [ -15.001982126206981, 64.324102557634916 ], [ -15.002284301682552, 64.324610166722124 ], [ -15.002588703394673, 64.32540589811093 ], [ -15.002837210663618, 64.326030216748279 ], [ -15.003070859257123, 64.326955471360407 ], [ -15.004659660521794, 64.330331333418201 ], [ -15.004731492245206, 64.330678704862734 ], [ -15.004807186938871, 64.33099961304174 ], [ -15.004821868021068, 64.331318846553316 ], [ -15.004836549445136, 64.331638080069979 ], [ -15.004851231211088, 64.331957313591715 ], [ -15.004865913318937, 64.332276547118511 ], [ -15.005002632233609, 64.332599129845448 ], [ -15.005265253288307, 64.332898598176058 ], [ -15.005718660082673, 64.333150162449471 ], [ -15.0061071948742, 64.333426514497816 ], [ -15.006495737498604, 64.333702865515392 ], [ -15.006819406909868, 64.334004005001276 ], [ -15.007143083431757, 64.334305143774273 ], [ -15.007592671760998, 64.334583165546874 ], [ -15.008046127772854, 64.334834722607596 ], [ -15.00856447419488, 64.335061488013125 ], [ -15.009017947035991, 64.335313042058445 ], [ -15.009471428199335, 64.335564594697161 ], [ -15.00986003504098, 64.335840936784507 ], [ -15.010415204159028, 64.336259069689987 ], [ -15.011324716364323, 64.335496067299019 ], [ -15.010322602325703, 64.335189386800693 ], [ -15.009210126699992, 64.334414960720039 ], [ -15.008756666950543, 64.33416340728688 ], [ -15.008303215522622, 64.333911852447144 ], [ -15.007849772416048, 64.333660296200918 ], [ -15.007461216746481, 64.333383948793269 ], [ -15.00700779009674, 64.333132389936367 ], [ -15.006684128906231, 64.332831250885505 ], [ -15.006421492998669, 64.332531785112621 ], [ -15.006223740279303, 64.332207529669958 ], [ -15.006087008950386, 64.331884948096501 ], [ -15.005950280838855, 64.331562366401471 ], [ -15.005874571212592, 64.331241458804513 ], [ -15.005737848809302, 64.330918876923604 ], [ -15.005601129623079, 64.330596294921136 ], [ -15.005464413653815, 64.330273712797165 ], [ -15.005392573706176, 64.329926341722981 ], [ -15.00501749118995, 64.328785296847769 ], [ -15.004588787502115, 64.328082181643495 ], [ -15.00432699777774, 64.327297228620552 ], [ -15.003916476500851, 64.326469782828809 ], [ -15.003688214108385, 64.325455298981012 ], [ -15.003426191573439, 64.324823969655228 ], [ -15.003192919315534, 64.32429905186028 ], [ -15.00301573449585, 64.323996521461353 ], [ -15.002740604726771, 64.323758514865105 ], [ -15.00261002063753, 64.323591692743207 ], [ -15.002498690895427, 64.323444603522091 ], [ -15.002576279029194, 64.323216285234352 ], [ -15.002889658980317, 64.322888821144119 ], [ -15.003285082145723, 64.322150721389832 ], [ -15.003649786878283, 64.321623022766261 ], [ -15.003869665042522, 64.32117776480591 ], [ -15.003965372840501, 64.320825117238655 ], [ -15.003963424309701, 64.320383369300899 ], [ -15.003910145201035, 64.319383292589393 ], [ -15.003666030693562, 64.318781260508374 ], [ -15.003480788181331, 64.318382488070242 ], [ -15.003200414282135, 64.318029112245483 ], [ -15.002863409316053, 64.317760598404448 ], [ -15.001652391905274, 64.317112789945938 ], [ -15.000474039693039, 64.316696317892124 ], [ -14.998930844092918, 64.316202587200976 ], [ -14.997656352721137, 64.315687424971742 ], [ -14.996186203571479, 64.315224478281337 ], [ -14.995682459520312, 64.315037775081279 ], [ -14.994264339941569, 64.314749077861165 ], [ -14.993873262939413, 64.314699900191826 ], [ -14.99330589003665, 64.314645865938104 ], [ -14.993038646840642, 64.314657709493048 ], [ -14.99274902290092, 64.314822570571792 ], [ -14.992668579061835, 64.31507001074425 ], [ -14.998402144640396, 64.317095444723719 ] ] ] ] } },
{ "type": "Feature", "properties": { "fid": 82, "rock_type_unit": "Porphyrytic basalt", "name_unit": "Porphyrytic Basalt Lava", "volcanic_system": "", "formation_geology_type": "Lava", "feature_type": "Lava", "geological_age": "Neogene", "geological_group": null, "geological_formation": "Hornafjörður Plateau Basalt Formation", "notes": null, "citation": "Askew et al. 2026", "date_reference": null, "date_input": "2026-07-22", "username": "Robert Alexander Askew - NATT", "unit_code": "PB", "scale_precision": "10", "rock_type": "Porphyrytic Basalt" }, "geometry": { "type": "MultiPolygon", "coordinates": [ [ [ [ -15.010924154441788, 64.31456603686982 ], [ -15.010780072312812, 64.314534432088564 ], [ -15.010685655106103, 64.314453490411339 ], [ -15.010653486075709, 64.314309730087714 ], [ -15.010979860372068, 64.314037532675826 ], [ -15.011360892155954, 64.313900493479125 ], [ -15.011592169562938, 64.313551944052733 ], [ -15.011430507209754, 64.313349325936599 ], [ -15.011272073639461, 64.313197494776858 ], [ -15.011083914392419, 64.313031021370122 ], [ -15.010866698653382, 64.312845314958423 ], [ -15.010604503126689, 64.312676810466044 ], [ -15.010417688319489, 64.31250115492081 ], [ -15.010310931887314, 64.31228621412906 ], [ -15.010463373985036, 64.31204151061452 ], [ -15.010965290060152, 64.311949269317324 ], [ -15.011522646262687, 64.311913854154881 ], [ -15.01186901552116, 64.311941786883835 ], [ -15.01205338912672, 64.311988322446567 ], [ -15.012217164831835, 64.312103427549673 ], [ -15.012329392332898, 64.312207901387623 ], [ -15.012307789138498, 64.312502282892765 ], [ -15.012433712507663, 64.312731574078128 ], [ -15.012747359764663, 64.31298444659032 ], [ -15.012977857573988, 64.31317001770465 ], [ -15.013534829548464, 64.313444329517125 ], [ -15.013804253895822, 64.313591199558232 ], [ -15.013995535150105, 64.313749212341961 ], [ -15.014109479869347, 64.314018023818065 ], [ -15.014117832393772, 64.31417102405787 ], [ -15.014058469581915, 64.314368664578637 ], [ -15.013842964920498, 64.31448231992735 ], [ -15.013070164884235, 64.314634084608727 ], [ -15.012273355858174, 64.314709033226436 ], [ -15.011587784100055, 64.314676412105356 ], [ -15.010924154441788, 64.31456603686982 ] ] ] ] } },
{ "type": "Feature", "properties": { "fid": 83, "rock_type_unit": "Porphyrytic basalt", "name_unit": "Porphyrytic Basalt Lava", "volcanic_system": null, "formation_geology_type": "Lava", "feature_type": "Lava", "geological_age": "Neogene", "geological_group": null, "geological_formation": "Hornafjörður Plateau Basalt Formation", "notes": null, "citation": "Torfasson 1979", "date_reference": "1979", "date_input": "2026-07-22", "username": "Robert Alexander Askew - NATT", "unit_code": "PB", "scale_precision": "5", "rock_type": "Porphyrytic Basalt" }, "geometry": { "type": "MultiPolygon", "coordinates": [ [ [ [ -15.022229312851417, 64.3148579985982 ], [ -15.02225236513344, 64.314699216577822 ], [ -15.022244927585847, 64.314539600882682 ], [ -15.022418505553368, 64.31439821897682 ], [ -15.022708276494091, 64.31429986675036 ], [ -15.023053262004794, 64.314242876508018 ], [ -15.023426814876904, 64.314199950730483 ], [ -15.023796526120696, 64.314183487705151 ], [ -15.024166236920772, 64.314167023741504 ], [ -15.024535947277114, 64.314150558839501 ], [ -15.024907576881905, 64.314120861129609 ], [ -15.025197335969958, 64.314022503953694 ], [ -15.02487347443765, 64.313933948715203 ], [ -15.024509526816873, 64.313910718881246 ], [ -15.024143659769024, 64.313900719997321 ], [ -15.02377779298787, 64.313890720194451 ], [ -15.023452017222215, 64.313815393650813 ], [ -15.023128163768288, 64.313726834533213 ], [ -15.022869130844715, 64.313613478116807 ], [ -15.022674918350402, 64.313475324747984 ], [ -15.022513116837006, 64.313324772907706 ], [ -15.022414214026227, 64.313162656348155 ], [ -15.022774308640154, 64.313212355097363 ], [ -15.023000928593783, 64.3133381100088 ], [ -15.023227550624872, 64.313463864568746 ], [ -15.023486583616753, 64.313577220346602 ], [ -15.023810436461549, 64.31366577866639 ], [ -15.024136211434703, 64.313741104407669 ], [ -15.024496316759979, 64.31379079890182 ], [ -15.024858343085198, 64.313827260637254 ], [ -15.025222289894186, 64.31385048959956 ], [ -15.02558047927104, 64.313913413287409 ], [ -15.025774709497536, 64.314051562786304 ], [ -15.025601151018988, 64.314192948687847 ], [ -15.025254251895863, 64.314263176838409 ], [ -15.024880701022257, 64.314306107302457 ], [ -15.024510988776681, 64.314322573079636 ], [ -15.024141276087331, 64.314339037918486 ], [ -15.023771562954241, 64.314355501818994 ], [ -15.023398008503571, 64.31439842848107 ], [ -15.02305302175299, 64.314455419540479 ], [ -15.02270611278866, 64.314525641624016 ], [ -15.022532535497092, 64.314667023873824 ], [ -15.0224789949766, 64.314824972314284 ], [ -15.022229312851417, 64.3148579985982 ] ] ] ] } },
{ "type": "Feature", "properties": { "fid": 84, "rock_type_unit": "Porphyrytic basalt", "name_unit": "Porphyrytic Basalt Lava", "volcanic_system": null, "formation_geology_type": "Lava", "feature_type": "Lava", "geological_age": null, "geological_group": null, "geological_formation": "Hvammsheiði Volcanic Formation", "notes": null, "citation": "Askew et al. 2026", "date_reference": null, "date_input": "2026-07-22", "username": "Robert Alexander Askew - NATT", "unit_code": null, "scale_precision": "10", "rock_type": "Porphyrytic Basalt" }, "geometry": { "type": "MultiPolygon", "coordinates": [ [ [ [ -14.98790706288462, 64.390334665763305 ], [ -14.987173013031045, 64.390286985082142 ], [ -14.98596065385393, 64.39018032334576 ], [ -14.985170054120942, 64.39008525984292 ], [ -14.984276705471636, 64.389969036788145 ], [ -14.982937847940558, 64.389858866830195 ], [ -14.9819825967247, 64.389731761254211 ], [ -14.981276372097772, 64.389639000032602 ], [ -14.980205092463136, 64.389315753405867 ], [ -14.979793568240151, 64.389221113683632 ], [ -14.979431848135578, 64.389132229621623 ], [ -14.979123786751245, 64.389022903045031 ], [ -14.978867263590649, 64.388976374446344 ], [ -14.978314702138043, 64.38880769598309 ], [ -14.977782967373109, 64.388635205396028 ], [ -14.976854128947135, 64.38840791907117 ], [ -14.976045323388737, 64.388328614788492 ], [ -14.975571167559588, 64.388315533404636 ], [ -14.974872494416783, 64.388313791652308 ], [ -14.974186278287744, 64.388365000264159 ], [ -14.973584421278773, 64.388462376000987 ], [ -14.973261383809998, 64.388523605129421 ], [ -14.97294907691219, 64.388580745671931 ], [ -14.97233089548647, 64.388651360812773 ], [ -14.971540562174336, 64.388721603254112 ], [ -14.971141746700072, 64.388815808446608 ], [ -14.970966165148546, 64.388907410503649 ], [ -14.970809471906039, 64.389008302471467 ], [ -14.970693132148151, 64.389110308999747 ], [ -14.970498229223292, 64.389332902105849 ], [ -14.970407001634428, 64.389470675577755 ], [ -14.970270695099535, 64.389708039732341 ], [ -14.970168517105719, 64.389920041607709 ], [ -14.969984121658548, 64.390208687243614 ], [ -14.969762153817291, 64.390614667512352 ], [ -14.969610593790652, 64.390886683384196 ], [ -14.969653522316275, 64.391076389119021 ], [ -14.96960306994157, 64.391281051599861 ], [ -14.969390750264516, 64.391621535583283 ], [ -14.969030509235182, 64.392071920884291 ], [ -14.968755704284165, 64.392423830311941 ], [ -14.968414772785801, 64.392743222733031 ], [ -14.968369053112443, 64.392641123010378 ], [ -14.968504965801451, 64.392337986095441 ], [ -14.968629703374912, 64.392179218373613 ], [ -14.968809616535422, 64.391921139075976 ], [ -14.968848053657771, 64.391729297193692 ], [ -14.968851493405836, 64.3916373244179 ], [ -14.968863526805462, 64.391418447831882 ], [ -14.968848294514627, 64.391247043806018 ], [ -14.968806441214452, 64.391118745951545 ], [ -14.968715430157339, 64.390980321250481 ], [ -14.968703201477608, 64.390857226195422 ], [ -14.968769547196672, 64.39061354543415 ], [ -14.968857139942964, 64.39043183037812 ], [ -14.969040478384589, 64.390081778047971 ], [ -14.969254078759652, 64.389732561836709 ], [ -14.969338444837312, 64.389572678403425 ], [ -14.969546668083325, 64.389328533692748 ], [ -14.969705732521845, 64.389074262186881 ], [ -14.969977056025098, 64.388814323817314 ], [ -14.970125594659901, 64.38870005487054 ], [ -14.970323229222528, 64.388675303258367 ], [ -14.970627872275559, 64.388591173794524 ], [ -14.970752797177775, 64.3885683196429 ], [ -14.971280828626115, 64.388490837059464 ], [ -14.971905879105055, 64.388442336921514 ], [ -14.972827996284179, 64.388371347098754 ], [ -14.973440585804239, 64.388269886571535 ], [ -14.973696861759699, 64.388180509350349 ], [ -14.974268447214024, 64.388082297853657 ], [ -14.974619169126216, 64.388039367346565 ], [ -14.975220811032795, 64.388012128223565 ], [ -14.975761078164194, 64.388057723937422 ], [ -14.975967145713705, 64.388102866416233 ], [ -14.976195319662761, 64.388135465974074 ], [ -14.976480809618897, 64.388191566933514 ], [ -14.977375069056791, 64.388378445011057 ], [ -14.978160294904663, 64.388549158582919 ], [ -14.979117487203082, 64.388790370174164 ], [ -14.979414172267077, 64.388908151535773 ], [ -14.980051306904532, 64.38905285156973 ], [ -14.980574448333341, 64.389146182156537 ], [ -14.98135926036267, 64.38925110408033 ], [ -14.982127753158709, 64.389329267382621 ], [ -14.983182409226956, 64.389459148064674 ], [ -14.98371950904629, 64.389526546553782 ], [ -14.98422570283137, 64.389597476280301 ], [ -14.984648620434079, 64.389683648336941 ], [ -14.985239651891622, 64.389791751342869 ], [ -14.98566183814836, 64.389750992249191 ], [ -14.986065400268192, 64.389762097561416 ], [ -14.98656408093855, 64.389815275746784 ], [ -14.987269504651906, 64.389909212306648 ], [ -14.987930257910413, 64.389962459849457 ], [ -14.988488839827509, 64.390021662855304 ], [ -14.988454004955084, 64.390358870863452 ], [ -14.98790706288462, 64.390334665763305 ] ] ] ] } },
{ "type": "Feature", "properties": { "fid": 85, "rock_type_unit": "Porphyrytic basalt", "name_unit": "Porphyrytic Basalt Lava", "volcanic_system": "", "formation_geology_type": "Lava", "feature_type": "Lava", "geological_age": "Neogene", "geological_group": null, "geological_formation": null, "notes": null, "citation": "Gupta 2023", "date_reference": null, "date_input": "2026-07-22", "username": "Robert Alexander Askew - NATT", "unit_code": null, "scale_precision": "25", "rock_type": "Porphyrytic Basalt" }, "geometry": { "type": "MultiPolygon", "coordinates": [ [ [ [ -15.06766292249376, 64.318218460383676 ], [ -15.067500792911625, 64.318347415316993 ], [ -15.067118662586566, 64.318337086838724 ], [ -15.067019684482943, 64.31826307268453 ], [ -15.066705748975684, 64.318159468077909 ], [ -15.066439603045744, 64.318104713916284 ], [ -15.0664668118013, 64.317915212754698 ], [ -15.066497421201959, 64.317702023944761 ], [ -15.066705398321966, 64.317398511808534 ], [ -15.066787192304155, 64.317210486309264 ], [ -15.067111137629942, 64.316862549640618 ], [ -15.067332886235018, 64.316844764097794 ], [ -15.067472846974017, 64.317015004142675 ], [ -15.067783372445781, 64.317142294763045 ], [ -15.06798472490307, 64.317266634275825 ], [ -15.068291856168063, 64.317417611494491 ], [ -15.068261261030385, 64.317630800677222 ], [ -15.068053299363919, 64.317934315039309 ], [ -15.067829074826621, 64.31814104985996 ], [ -15.06766292249376, 64.318218460383676 ] ] ] ] } },
{ "type": "Feature", "properties": { "fid": 86, "rock_type_unit": "Reworked volcaniclastic", "name_unit": "Botnar sediment", "volcanic_system": null, "formation_geology_type": "Sedimentary", "feature_type": "Sedimentary Rock", "geological_age": "Neogene", "geological_group": null, "geological_formation": null, "notes": null, "citation": "Torfasson 1979; Askew et al. 2026", "date_reference": "1979", "date_input": "2026-07-22", "username": "Robert Alexander Askew - NATT", "unit_code": null, "scale_precision": "10", "rock_type": "Sandstone" }, "geometry": { "type": "MultiPolygon", "coordinates": [ [ [ [ -15.135374882578969, 64.321457010452903 ], [ -15.135661083605173, 64.321721996628085 ], [ -15.13609861589984, 64.32206119633193 ], [ -15.136791663106749, 64.322500772348349 ], [ -15.137414564869504, 64.323055476169657 ], [ -15.138177824167737, 64.323379914530449 ], [ -15.139323807815554, 64.323667704296511 ], [ -15.140173690081788, 64.32376044278719 ], [ -15.141201200139841, 64.323740892960174 ], [ -15.141916156428584, 64.323642854893507 ], [ -15.142828416622157, 64.323292658646608 ], [ -15.143538851996716, 64.322843515124191 ], [ -15.144024494705233, 64.322458608381709 ], [ -15.144788619436017, 64.322010882455487 ], [ -15.147066459822105, 64.32038651836082 ], [ -15.148373011570365, 64.319531965979252 ], [ -15.149681453016967, 64.318279681343682 ], [ -15.14945475568901, 64.318741650521488 ], [ -15.148876206634727, 64.319404893677429 ], [ -15.144983858137621, 64.32215644550368 ], [ -15.143791104127187, 64.322967192046363 ], [ -15.143248433815105, 64.323373985643315 ], [ -15.142326327119202, 64.323794119167744 ], [ -15.141708985709521, 64.323964942942226 ], [ -15.140725348488298, 64.324055855786597 ], [ -15.13987217003409, 64.323986432005199 ], [ -15.138874224022713, 64.323796169224934 ], [ -15.137573614533439, 64.323457474960833 ], [ -15.136789504779641, 64.322898492866599 ], [ -15.135064576526542, 64.321697380947185 ], [ -15.134113899526772, 64.3212685006756 ], [ -15.13270382208176, 64.32089467676974 ], [ -15.132015236426959, 64.320806179127715 ], [ -15.131323363170738, 64.320740989527621 ], [ -15.130735655071565, 64.320701965110928 ], [ -15.129983474049446, 64.320681963126177 ], [ -15.129449496193947, 64.320644362363694 ], [ -15.128593158060857, 64.320598183813672 ], [ -15.127793844644028, 64.32053011868571 ], [ -15.12754168706565, 64.320406414094037 ], [ -15.12744741526245, 64.320310309720881 ], [ -15.1273795068096, 64.320027715645807 ], [ -15.127915756625805, 64.319667603686042 ], [ -15.128613165601205, 64.319311777921698 ], [ -15.129548504968904, 64.318798486302356 ], [ -15.130161474382737, 64.318276616336846 ], [ -15.130800757541138, 64.317568253581882 ], [ -15.13112861621431, 64.31715579295161 ], [ -15.131244878549037, 64.316714306915941 ], [ -15.131233950403665, 64.316409831795411 ], [ -15.131198928598236, 64.315894126711711 ], [ -15.130758263336606, 64.315578223713359 ], [ -15.130156458507923, 64.31525803311537 ], [ -15.129124940664394, 64.314926407328969 ], [ -15.12814057488929, 64.314642826212307 ], [ -15.126239785669849, 64.314358238563216 ], [ -15.126840531860559, 64.314304036362174 ], [ -15.127904940886788, 64.314402566229873 ], [ -15.128848753925272, 64.314591474750202 ], [ -15.130155420059069, 64.314883624164267 ], [ -15.130981957683627, 64.315139595027134 ], [ -15.131533343754102, 64.315435042649099 ], [ -15.132031024114699, 64.315729060103536 ], [ -15.132209696861176, 64.315991196721811 ], [ -15.132170207763926, 64.316270932416316 ], [ -15.132013406603413, 64.316617745860697 ], [ -15.131786425483289, 64.317079687475712 ], [ -15.131538630419534, 64.317307087522778 ], [ -15.131341260682724, 64.317559226802459 ], [ -15.131194317129321, 64.317836105521053 ], [ -15.131063830373799, 64.317996427670039 ], [ -15.130916881678131, 64.31827330611705 ], [ -15.130729376133969, 64.318455510735447 ], [ -15.130307219387658, 64.318771867991188 ], [ -15.129723880779176, 64.31908393727727 ], [ -15.129194253514324, 64.319397433386968 ], [ -15.128557163742451, 64.319708068862155 ], [ -15.128154730593048, 64.319884552515035 ], [ -15.128077942156253, 64.320046301528109 ], [ -15.128095426205707, 64.320304154516663 ], [ -15.128451744089013, 64.320454028249955 ], [ -15.128874969280535, 64.320512085429357 ], [ -15.129412237422269, 64.320526377045013 ], [ -15.130164413761205, 64.320546381978573 ], [ -15.131071187735957, 64.320617291042765 ], [ -15.132236729134831, 64.320765268747394 ], [ -15.132979042146417, 64.320855193099604 ], [ -15.133771797923368, 64.320969852485405 ], [ -15.134460393354336, 64.32105834182687 ], [ -15.134962453464466, 64.321226693979284 ], [ -15.135374882578969, 64.321457010452903 ] ] ] ] } },
{ "type": "Feature", "properties": { "fid": 87, "rock_type_unit": "Hyaloclastite", "name_unit": "Botnar hyaloclastite", "volcanic_system": null, "formation_geology_type": "Pyroclastic", "feature_type": "Hyaloclastite", "geological_age": "Neogene", "geological_group": null, "geological_formation": null, "notes": "Mapped by Torfasson as hyaloclastite. Upon revisiting this outcrop I observed a poorly exposed breccia between basalt lavas, suggest it may be sedimentary.", "citation": "Torfasson 1979", "date_reference": "1979", "date_input": "2026-07-22", "username": "Robert Alexander Askew - NATT", "unit_code": null, "scale_precision": "20", "rock_type": "Hyaloclastite" }, "geometry": { "type": "MultiPolygon", "coordinates": [ [ [ [ -15.149773574644797, 64.319302873951685 ], [ -15.148427748150658, 64.320437179051439 ], [ -15.147099474021719, 64.321829322528657 ], [ -15.146014260467949, 64.322642932292311 ], [ -15.144512240240676, 64.323351900267284 ], [ -15.143435400115987, 64.324200814177914 ], [ -15.143059134305718, 64.324670513594128 ], [ -15.142570674545608, 64.324979298565935 ], [ -15.142193781649048, 64.325261791213975 ], [ -15.141851659204072, 64.325393114002111 ], [ -15.141008882893949, 64.325440966809779 ], [ -15.140468753898357, 64.325350599300506 ], [ -15.13959494666782, 64.325140236095393 ], [ -15.138286047993613, 64.324859826881806 ], [ -15.137485195056644, 64.324610438200011 ], [ -15.136921770592439, 64.324303000636846 ], [ -15.136128326981801, 64.323714519096171 ], [ -15.135189075163058, 64.323204055853495 ], [ -15.134270693140319, 64.322641492821731 ], [ -15.133123712909667, 64.322265888892673 ], [ -15.1323166886776, 64.321870062138984 ], [ -15.130996496984892, 64.321671177130057 ], [ -15.129830923781384, 64.321523189494997 ], [ -15.12733203979305, 64.321269519277749 ], [ -15.128593158060857, 64.320598183813672 ], [ -15.129449496193947, 64.320644362363694 ], [ -15.129983474049446, 64.320681963126177 ], [ -15.130735655071565, 64.320701965110928 ], [ -15.131323363170738, 64.320740989527621 ], [ -15.132015236426959, 64.320806179127715 ], [ -15.13270382208176, 64.32089467676974 ], [ -15.134113899526772, 64.3212685006756 ], [ -15.135064576526542, 64.321697380947185 ], [ -15.136789504779641, 64.322898492866599 ], [ -15.137573614533439, 64.323457474960833 ], [ -15.138874224022713, 64.323796169224934 ], [ -15.13987217003409, 64.323986432005199 ], [ -15.140725348488298, 64.324055855786597 ], [ -15.141708985709521, 64.323964942942226 ], [ -15.142326327119202, 64.323794119167744 ], [ -15.143248433815105, 64.323373985643315 ], [ -15.143791104127187, 64.322967192046363 ], [ -15.144983858137621, 64.32215644550368 ], [ -15.148876206634727, 64.319404893677429 ], [ -15.14945475568901, 64.318741650521488 ], [ -15.149681453016967, 64.318279681343682 ], [ -15.149773574644797, 64.319302873951685 ] ] ] ] } },
{ "type": "Feature", "properties": { "fid": 88, "rock_type_unit": "Porphyrytic basalt", "name_unit": "Porphyrytic Basalt Lava", "volcanic_system": null, "formation_geology_type": "Lava", "feature_type": "Lava", "geological_age": "Neogene", "geological_group": null, "geological_formation": null, "notes": null, "citation": "Torfasson 1979", "date_reference": "1979", "date_input": "2026-07-22", "username": "Robert Alexander Askew - NATT", "unit_code": null, "scale_precision": "25", "rock_type": "Porphyrytic Basalt" }, "geometry": { "type": "MultiPolygon", "coordinates": [ [ [ [ -15.122228634939828, 64.341701370869146 ], [ -15.123105431065456, 64.341607720040741 ], [ -15.123417186958394, 64.341311831826246 ], [ -15.123570937091804, 64.340988338230318 ], [ -15.123224282997919, 64.340768518934411 ], [ -15.122380534828007, 64.340629059241977 ], [ -15.12201738320179, 64.3405257926959 ], [ -15.122827170370911, 64.340523956200201 ], [ -15.123512920640032, 64.34063580852461 ], [ -15.123929845535669, 64.340740502442415 ], [ -15.124279805400723, 64.340937008893775 ], [ -15.124243499956508, 64.341193431725245 ], [ -15.123881287554015, 64.341464579450587 ], [ -15.123351160978086, 64.341778054772647 ], [ -15.122410685424029, 64.341940208824624 ], [ -15.122228634939828, 64.341701370869146 ] ] ] ] } },
{ "type": "Feature", "properties": { "fid": 89, "rock_type_unit": "Porphyrytic basalt", "name_unit": "Porphyrytic Basalt Lava", "volcanic_system": null, "formation_geology_type": "Lava", "feature_type": "Lava", "geological_age": null, "geological_group": null, "geological_formation": null, "notes": null, "citation": "Torfasson 1979", "date_reference": "1979", "date_input": "2026-07-22", "username": "Robert Alexander Askew - NATT", "unit_code": null, "scale_precision": "25", "rock_type": "Porphyrytic Basalt" }, "geometry": { "type": "MultiPolygon", "coordinates": [ [ [ [ -15.045703657350202, 64.293946222915892 ], [ -15.047345493767464, 64.293652448372711 ], [ -15.047907255742309, 64.2934539793862 ], [ -15.04797112200502, 64.293295408788879 ], [ -15.047539658894246, 64.29315899488418 ], [ -15.046737983623466, 64.293030323865338 ], [ -15.045418050502512, 64.292798490489872 ], [ -15.043809628844132, 64.292576605243468 ], [ -15.043888875062725, 64.292311582743949 ], [ -15.046347461647414, 64.292610029049143 ], [ -15.047187415737374, 64.292757555397927 ], [ -15.048058001384296, 64.292977156931684 ], [ -15.048686049950923, 64.293172348611122 ], [ -15.048994964579233, 64.293305428188361 ], [ -15.048831504453531, 64.293585975139365 ], [ -15.048517416224248, 64.29377336830342 ], [ -15.047345424020065, 64.29393743673036 ], [ -15.045085662168736, 64.294250025844462 ], [ -15.045703657350202, 64.293946222915892 ] ] ] ] } },
{ "type": "Feature", "properties": { "fid": 90, "rock_type_unit": "Porphyrytic basalt", "name_unit": "Porphyrytic Basalt Lava", "volcanic_system": null, "formation_geology_type": "Lava", "feature_type": "Lava", "geological_age": null, "geological_group": null, "geological_formation": null, "notes": null, "citation": "Torfasson 1979", "date_reference": "1979", "date_input": "2026-07-22", "username": "Robert Alexander Askew - NATT", "unit_code": null, "scale_precision": "25", "rock_type": "Porphyrytic Basalt" }, "geometry": { "type": "MultiPolygon", "coordinates": [ [ [ [ -15.117992355316618, 64.306760328998607 ], [ -15.117915822668484, 64.306655081215283 ], [ -15.117878792847712, 64.306617296796702 ], [ -15.117787994465566, 64.306524647635271 ], [ -15.117634106605037, 64.306449090255299 ], [ -15.117606631201722, 64.306384846019242 ], [ -15.117689589055107, 64.306315610784367 ], [ -15.117838700205722, 64.306295774413371 ], [ -15.117999308859828, 64.306323877873226 ], [ -15.118059862349163, 64.306412821436567 ], [ -15.118047540485087, 64.306499819897752 ], [ -15.118189381053043, 64.306668707970886 ], [ -15.118320296428536, 64.30674500477383 ], [ -15.118315188115709, 64.306827741912045 ], [ -15.118213482878071, 64.306894043867473 ], [ -15.117907487280961, 64.306990514523761 ], [ -15.11751100997906, 64.307037816291924 ], [ -15.117181103054412, 64.307013425109218 ], [ -15.117167578443782, 64.306964084664401 ], [ -15.117801431341157, 64.306834066654872 ], [ -15.117992355316618, 64.306760328998607 ] ] ] ] } },
{ "type": "Feature", "properties": { "fid": 91, "rock_type_unit": "Porphyrytic basalt", "name_unit": "Porphyrytic Basalt Lava", "volcanic_system": null, "formation_geology_type": "Lava", "feature_type": "Lava", "geological_age": null, "geological_group": null, "geological_formation": null, "notes": null, "citation": "Torfasson 1979", "date_reference": "1979", "date_input": "2026-07-22", "username": "Robert Alexander Askew - NATT", "unit_code": null, "scale_precision": "25", "rock_type": "Porphyrytic Basalt" }, "geometry": { "type": "MultiPolygon", "coordinates": [ [ [ [ -15.161125104792372, 64.320871684948258 ], [ -15.16080041573041, 64.320845309376281 ], [ -15.160412724507335, 64.32038983175562 ], [ -15.159992712745241, 64.32016502944316 ], [ -15.159317384200326, 64.320004727243386 ], [ -15.158990219300925, 64.319996091959879 ], [ -15.158159866078435, 64.320063222043288 ], [ -15.157526521105492, 64.320188979735391 ], [ -15.157594793298427, 64.319994872392044 ], [ -15.158028633515286, 64.319828227312783 ], [ -15.158697887002081, 64.319739035603874 ], [ -15.159525741629984, 64.319689646779793 ], [ -15.159691809669278, 64.319676219585148 ], [ -15.160095787139459, 64.319722500272945 ], [ -15.160313802054882, 64.319924162659561 ], [ -15.160603664657478, 64.320198960119541 ], [ -15.160898506365388, 64.320438268311179 ], [ -15.161032253014866, 64.320655516115224 ], [ -15.161125104792372, 64.320871684948258 ] ] ] ] } },
{ "type": "Feature", "properties": { "fid": 92, "rock_type_unit": "Ignimbrite", "name_unit": "Þorgeirsstaðadalur Ignimbrite", "volcanic_system": "Þorgeirsstaðadalur", "formation_geology_type": "Pyroclastic", "feature_type": "Pyroclastic", "geological_age": "Neogene", "geological_group": "", "geological_formation": "Þorgeirsstaðadalur Caldera Formation", "notes": "NULClastic rock with white fiamme (replaced with secondary alteration)", "citation": "Askew et al. 2026", "date_reference": null, "date_input": "2026-07-22", "username": "Robert Alexander Askew - NATT", "unit_code": null, "scale_precision": "2", "rock_type": "Ignimbrite" }, "geometry": { "type": "MultiPolygon", "coordinates": [ [ [ [ -14.977749156199822, 64.347044470205105 ], [ -14.978027708406058, 64.34696511103968 ], [ -14.977897739235363, 64.347148224810226 ], [ -14.977875409321584, 64.347192279407267 ], [ -14.977817422596649, 64.347281165975687 ], [ -14.977782837446563, 64.347354662963554 ], [ -14.977768300570675, 64.347435586114671 ], [ -14.97774135108293, 64.347495552318847 ], [ -14.977709769980537, 64.347581151441773 ], [ -14.977698919572793, 64.34765497003724 ], [ -14.977737485220736, 64.347715741453356 ], [ -14.977406642662059, 64.34770454555759 ], [ -14.977275993740047, 64.347688584101434 ], [ -14.977062767150331, 64.347628177975011 ], [ -14.976934441424145, 64.347553441888195 ], [ -14.976816951385107, 64.347487381355776 ], [ -14.976931332119269, 64.347430796277195 ], [ -14.977069479539828, 64.347364970960854 ], [ -14.977215696561229, 64.34725867973151 ], [ -14.977349542060104, 64.347188258268417 ], [ -14.977423003579737, 64.347140875048751 ], [ -14.977562692148272, 64.347095320887348 ], [ -14.977749156199822, 64.347044470205105 ] ] ] ] } },
{ "type": "Feature", "properties": { "fid": 93, "rock_type_unit": "Kvosir volcanic breccias and ignimbrites", "name_unit": "Kvosir Ignimbrites", "volcanic_system": "Kvosir", "formation_geology_type": "Pyroclastic", "feature_type": "Pyroclastic", "geological_age": null, "geological_group": "Hornafjörður Group", "geological_formation": "Kvosir Caldera Formation", "notes": "Mapped as one formation for map scale. A highly complex formation of multiple units of pyrocastic rocks and breccias. In general contisting of lithic rich ignimbrites but also seen are sintered ignimbrites, welded ignimbrites and tuffs.", "citation": "Askew et al. 2026", "date_reference": null, "date_input": "2026-07-22", "username": "Robert Alexander Askew - NATT", "unit_code": "KVF-Ig", "scale_precision": "10", "rock_type": "Ignimbrite" }, "geometry": { "type": "MultiPolygon", "coordinates": [ [ [ [ -15.036913842483438, 64.389734523574745 ], [ -15.036182953667049, 64.389486912409083 ], [ -15.035527899314262, 64.389234850997738 ], [ -15.035140544332405, 64.38900307718562 ], [ -15.034846813550489, 64.388747818193139 ], [ -15.034788937870401, 64.388524998898575 ], [ -15.035083895135962, 64.388357321109126 ], [ -15.035601601900945, 64.388208711322562 ], [ -15.03605006694271, 64.388019174855842 ], [ -15.036423648747007, 64.387827602428743 ], [ -15.036492515145666, 64.387715597233608 ], [ -15.035910827776817, 64.387683522235506 ], [ -15.035419499194644, 64.387598589354198 ], [ -15.035177615790062, 64.38750416715564 ], [ -15.035082700335629, 64.387381203328388 ], [ -15.035203043451677, 64.387277105110115 ], [ -15.035583133054102, 64.387144276933967 ], [ -15.035866787439497, 64.387054377667766 ], [ -15.036089129943825, 64.386972572559884 ], [ -15.036338634183785, 64.386858969114286 ], [ -15.036561947077733, 64.386718624709374 ], [ -15.03667502432363, 64.386664564470607 ], [ -15.036684161761629, 64.386601561912798 ], [ -15.036700142620427, 64.386491373327999 ], [ -15.036674489674443, 64.386357278178082 ], [ -15.036540758362879, 64.386190963686587 ], [ -15.036493551478689, 64.386101833358808 ], [ -15.03642572991976, 64.386051186174484 ], [ -15.036291027680122, 64.385943410033008 ], [ -15.036197488859232, 64.385862781317925 ], [ -15.036061378186895, 64.385764727482666 ], [ -15.035933661304179, 64.385712452226485 ], [ -15.035673127551172, 64.385539436798524 ], [ -15.035527617482177, 64.385506199212671 ], [ -15.035402723781001, 64.385434478471979 ], [ -15.035343803415168, 64.385374311790144 ], [ -15.035306439674939, 64.385269180416671 ], [ -15.035281699308142, 64.385180660252487 ], [ -15.035137168000443, 64.385088883711887 ], [ -15.034896211711207, 64.38504003628185 ], [ -15.034581760843423, 64.38503148731742 ], [ -15.034416108025091, 64.385033490684577 ], [ -15.034236384198827, 64.385080661948209 ], [ -15.033900768196771, 64.385217948983126 ], [ -15.033557016929088, 64.385225876084107 ], [ -15.033376210242404, 64.385206937590439 ], [ -15.033115147341986, 64.385141272221119 ], [ -15.033040357917777, 64.385035122114274 ], [ -15.033071796725748, 64.384922100373203 ], [ -15.033135494948406, 64.3848457458935 ], [ -15.033321294796121, 64.384808502093563 ], [ -15.033569811080246, 64.384753441942067 ], [ -15.033723858397531, 64.384624232735746 ], [ -15.033527946668656, 64.38442043395797 ], [ -15.033345991649872, 64.3843276375991 ], [ -15.033156630717897, 64.384130523603346 ], [ -15.033161884665208, 64.383990760702446 ], [ -15.033315459236221, 64.383864792760662 ], [ -15.033534530044207, 64.383753620469903 ], [ -15.033893136567302, 64.383509590447204 ], [ -15.03399947298456, 64.383346547507244 ], [ -15.034249385403912, 64.383281763708609 ], [ -15.034519837838298, 64.38328261038022 ], [ -15.034978789388745, 64.383382936309573 ], [ -15.035394235649983, 64.383472317216345 ], [ -15.035558049800494, 64.383471148013612 ], [ -15.035868235883678, 64.383468933596149 ], [ -15.036256191982874, 64.383385123234092 ], [ -15.036468767482765, 64.383163147618063 ], [ -15.036362245876873, 64.382912978077115 ], [ -15.035713160459949, 64.382422581672174 ], [ -15.034827572706748, 64.381856348570778 ], [ -15.035086697543743, 64.381247305824658 ], [ -15.036873109184963, 64.380704420958224 ], [ -15.03871970491006, 64.380138507627279 ], [ -15.039790256815092, 64.379428282556702 ], [ -15.040726031278318, 64.378862252017157 ], [ -15.042816966167141, 64.378179710025108 ], [ -15.044351389515537, 64.377802407512561 ], [ -15.047483899186346, 64.377000196893832 ], [ -15.050191022526345, 64.376383546354191 ], [ -15.051572901303862, 64.37587882546039 ], [ -15.052182332978225, 64.375599610627702 ], [ -15.05228969503028, 64.375598883242588 ], [ -15.052722162668877, 64.375852711965493 ], [ -15.053005365251508, 64.376024527795607 ], [ -15.053254057471895, 64.376107178708537 ], [ -15.053979787382618, 64.376266347941893 ], [ -15.054706114130903, 64.376355766225714 ], [ -15.055288478374678, 64.376457700927531 ], [ -15.055518003655836, 64.37650905126138 ], [ -15.055664927717546, 64.376607411360311 ], [ -15.055757357734544, 64.376854586622429 ], [ -15.055371161318684, 64.377164498523712 ], [ -15.054396769575359, 64.377606352935786 ], [ -15.054400317425845, 64.377976094587723 ], [ -15.055087744259231, 64.378339696265925 ], [ -15.05634568587244, 64.378694081730089 ], [ -15.05828401606259, 64.379066848662404 ], [ -15.059602268246298, 64.379398191360863 ], [ -15.06038005134779, 64.379283670275385 ], [ -15.062204965342955, 64.379259032775821 ], [ -15.062679818362829, 64.379321140545514 ], [ -15.063128092599152, 64.379370207741275 ], [ -15.063567530863978, 64.37948064205257 ], [ -15.064088556962123, 64.379815062361402 ], [ -15.064667985458554, 64.379941592765334 ], [ -15.064625575658404, 64.380236161846867 ], [ -15.064942898229383, 64.380651330882074 ], [ -15.065226559241705, 64.381053269355846 ], [ -15.065127452251083, 64.381346308724559 ], [ -15.064721764034639, 64.381544825769879 ], [ -15.06420621845937, 64.3817650199084 ], [ -15.063912172937268, 64.382028155006651 ], [ -15.063766950604158, 64.382246020859341 ], [ -15.063204030192486, 64.382564528846387 ], [ -15.062760285686295, 64.382749526973015 ], [ -15.062017898689188, 64.382901838261404 ], [ -15.060743168528733, 64.383064390485629 ], [ -15.059250045278326, 64.38316357925747 ], [ -15.057268254899544, 64.38336444727156 ], [ -15.055757404770775, 64.383586233452149 ], [ -15.055568552194487, 64.383712445038412 ], [ -15.055722008464338, 64.383831499322014 ], [ -15.056930723592226, 64.383864182666287 ], [ -15.058972818307788, 64.384034281232346 ], [ -15.060449521994373, 64.384180872450443 ], [ -15.061372603959036, 64.384222217725338 ], [ -15.061641709761668, 64.384130995914319 ], [ -15.061928974897178, 64.383916774144595 ], [ -15.06216564027919, 64.384075649804316 ], [ -15.062100090943293, 64.384135487157579 ], [ -15.061497645439884, 64.384365648801847 ], [ -15.060654157238776, 64.384490726455169 ], [ -15.058727901290869, 64.384623508814769 ], [ -15.057466164136756, 64.384687979979006 ], [ -15.056259357937819, 64.384766247211971 ], [ -15.056122931044486, 64.385119881907755 ], [ -15.056176116453678, 64.385392393126835 ], [ -15.056856644311129, 64.385558650449326 ], [ -15.058078581055904, 64.386305464880039 ], [ -15.058495147334044, 64.386616292789128 ], [ -15.05854542546987, 64.386667579847725 ], [ -15.058893756091953, 64.386851741420131 ], [ -15.059265400561081, 64.386874264556681 ], [ -15.059409030495532, 64.386878144871289 ], [ -15.059674735745352, 64.386835394413168 ], [ -15.059958409993737, 64.386868021437337 ], [ -15.060123595552524, 64.386922411671051 ], [ -15.060322885471779, 64.386940276565596 ], [ -15.060734012477287, 64.386888969778013 ], [ -15.061418061827233, 64.386944888133456 ], [ -15.062032119316125, 64.387086288109643 ], [ -15.062421746376165, 64.387184180924208 ], [ -15.062752131760599, 64.38729295563445 ], [ -15.062777275416169, 64.38731859843395 ], [ -15.062845541030125, 64.38744526163245 ], [ -15.062287192678069, 64.387517564424883 ], [ -15.061540297888136, 64.387497399964033 ], [ -15.061278173385784, 64.387515286442977 ], [ -15.060534958782252, 64.387869678823449 ], [ -15.060258489122697, 64.38798703289892 ], [ -15.059902021465531, 64.388249321274202 ], [ -15.059873053158658, 64.388376815295601 ], [ -15.05997324377938, 64.388489472759417 ], [ -15.060539343850007, 64.388600969370188 ], [ -15.061199029136199, 64.388724153223521 ], [ -15.061809329988774, 64.388969695654694 ], [ -15.062151410818551, 64.389166763412703 ], [ -15.062307009689425, 64.389409190827507 ], [ -15.0625647445378, 64.389603980605457 ], [ -15.063164532790219, 64.389849232778658 ], [ -15.063616656469263, 64.389943896609125 ], [ -15.063963337639098, 64.390035714034525 ], [ -15.06439966410251, 64.390166599321233 ], [ -15.064665937070421, 64.390228757974455 ], [ -15.064810045609736, 64.390268465402286 ], [ -15.064788574603869, 64.390417548249019 ], [ -15.064915901821413, 64.390473039209908 ], [ -15.064883187923249, 64.39059579061707 ], [ -15.064760609294723, 64.390716117952351 ], [ -15.064388080861248, 64.390797167184672 ], [ -15.064001506467513, 64.390871329516642 ], [ -15.063748793825429, 64.390955609816615 ], [ -15.063622473292217, 64.391101863624456 ], [ -15.063469931525811, 64.391221381612056 ], [ -15.063150765579605, 64.391349417255284 ], [ -15.062655570245164, 64.391324416127219 ], [ -15.061995157967349, 64.391205802376447 ], [ -15.061841566575284, 64.391096286545618 ], [ -15.06142036747989, 64.390860432267502 ], [ -15.061310952496557, 64.390811665291224 ], [ -15.061013047056974, 64.390748646371804 ], [ -15.0606881319751, 64.390726129166467 ], [ -15.060193184888689, 64.390708181974475 ], [ -15.058849508645283, 64.390935389362397 ], [ -15.058171100735853, 64.390928795917802 ], [ -15.057931385757835, 64.390941041785268 ], [ -15.05789981158825, 64.391034292163468 ], [ -15.05789369307386, 64.391052362359559 ], [ -15.057976520583738, 64.391078004466635 ], [ -15.058207492175915, 64.391126372577077 ], [ -15.058411547613739, 64.391286352121071 ], [ -15.058689005943162, 64.391462356764933 ], [ -15.058819665648828, 64.391606310357531 ], [ -15.059013626617771, 64.391761335379556 ], [ -15.059041927536343, 64.391865077278169 ], [ -15.05891535386489, 64.391992720223882 ], [ -15.058693168158197, 64.392183311228322 ], [ -15.058375343283512, 64.392287063814265 ], [ -15.057964572102247, 64.392285326882231 ], [ -15.05774490298432, 64.392186007535003 ], [ -15.057666907064558, 64.39209941332912 ], [ -15.057359826533554, 64.391978775790463 ], [ -15.057028508829141, 64.391876205677534 ], [ -15.056429192477214, 64.391831921902636 ], [ -15.055631904860039, 64.391810368104018 ], [ -15.054846741270214, 64.391854669120775 ], [ -15.05447368690082, 64.391891388619683 ], [ -15.054208373327103, 64.391931021225162 ], [ -15.053772018789804, 64.391956665304633 ], [ -15.052951828047343, 64.392093625247043 ], [ -15.052562496330365, 64.392202048093012 ], [ -15.052132801642946, 64.392366113472619 ], [ -15.051748968699913, 64.392576968780659 ], [ -15.051404439126914, 64.392879986825562 ], [ -15.051101586750379, 64.392946621950969 ], [ -15.050567510525433, 64.392948433145975 ], [ -15.050330667027081, 64.392922500103808 ], [ -15.050093823977768, 64.392896566677678 ], [ -15.04946006365379, 64.39280782850652 ], [ -15.048772956184173, 64.392672092650031 ], [ -15.047636486631029, 64.392628294944686 ], [ -15.046810783069779, 64.392723052527359 ], [ -15.046352727460603, 64.392691921784262 ], [ -15.045811025947012, 64.392565815933693 ], [ -15.045728884653135, 64.392280722221045 ], [ -15.04556239091664, 64.391857273745615 ], [ -15.04514769861253, 64.391574956437893 ], [ -15.044927919090602, 64.391519711699374 ], [ -15.044253675497323, 64.391482449685725 ], [ -15.043940086163037, 64.391467439137003 ], [ -15.043251121272913, 64.391448754599736 ], [ -15.042637044664104, 64.391432098251599 ], [ -15.042138093786173, 64.391451098637617 ], [ -15.041619469478812, 64.391502099505885 ], [ -15.040966935006756, 64.391647072611121 ], [ -15.040617703545953, 64.391774246102543 ], [ -15.040030124294564, 64.391818421638547 ], [ -15.039871949317018, 64.391814128071132 ], [ -15.039547038999865, 64.391791563841252 ], [ -15.039342093089743, 64.391744767414281 ], [ -15.038964499733007, 64.391647469193202 ], [ -15.038606013894308, 64.39156443296919 ], [ -15.038137492359724, 64.391437174965702 ], [ -15.037843604109188, 64.391346728206273 ], [ -15.037425166228257, 64.391239153581893 ], [ -15.037182682277898, 64.391159264442152 ], [ -15.036910551441499, 64.391064825253096 ], [ -15.036804843082782, 64.390954290443645 ], [ -15.036806567266408, 64.390832929969193 ], [ -15.036977980806787, 64.390677376985693 ], [ -15.037068730068556, 64.390532612611679 ], [ -15.037180277348437, 64.390281861125089 ], [ -15.037207603143331, 64.389989778422262 ], [ -15.036913842483438, 64.389734523574745 ] ], [ [ -15.061085477747232, 64.389494970766691 ], [ -15.0611386661335, 64.389337821090592 ], [ -15.061048311148612, 64.389117325830597 ], [ -15.060896202921224, 64.389007494600605 ], [ -15.060594862130515, 64.388873809928967 ], [ -15.060211790390019, 64.388777563665897 ], [ -15.059748885237347, 64.388705590938613 ], [ -15.058963769002863, 64.388644735162927 ], [ -15.058613987623225, 64.388635284739053 ], [ -15.05821003745981, 64.38868383958409 ], [ -15.057777569215249, 64.388718407124685 ], [ -15.057353647188753, 64.388693734493771 ], [ -15.057222474541312, 64.388650542503868 ], [ -15.056962979854726, 64.388544411881597 ], [ -15.056732952827778, 64.388445685100848 ], [ -15.056549500410037, 64.388341609235482 ], [ -15.056251038033846, 64.388188169325758 ], [ -15.056053331630574, 64.3880770995939 ], [ -15.05586132702968, 64.387926537060579 ], [ -15.055492536956082, 64.387731547088904 ], [ -15.055132308003197, 64.387583042046401 ], [ -15.054543975676191, 64.387428366345461 ], [ -15.053680022035362, 64.387279447127156 ], [ -15.053069838917031, 64.387276153206102 ], [ -15.05261267145872, 64.387376114673643 ], [ -15.052241989072087, 64.387511454481029 ], [ -15.051880804372679, 64.387686697334644 ], [ -15.051241138131257, 64.387781715110279 ], [ -15.050997809609655, 64.387880852743763 ], [ -15.050802955272916, 64.387961478970254 ], [ -15.050747820480542, 64.388026064363274 ], [ -15.050752564001412, 64.388098878702706 ], [ -15.050761099849423, 64.388251089437858 ], [ -15.05085518649213, 64.388339538202416 ], [ -15.051262938396301, 64.388370400082096 ], [ -15.052189653325097, 64.388402091167933 ], [ -15.053162947644482, 64.388322704110635 ], [ -15.054065901193132, 64.388307485841111 ], [ -15.054699870444516, 64.388357672801945 ], [ -15.055233093806374, 64.388471210348229 ], [ -15.055583827907096, 64.38857981140211 ], [ -15.05589559860562, 64.388746828047061 ], [ -15.056079051252988, 64.388850904735719 ], [ -15.056247297273062, 64.388954570042642 ], [ -15.056747272928115, 64.389087026031191 ], [ -15.057228234025402, 64.389139673029007 ], [ -15.057504842953945, 64.389233050005345 ], [ -15.05769400282046, 64.389297632066672 ], [ -15.058100827173304, 64.389335056959993 ], [ -15.058557075241035, 64.389347385036828 ], [ -15.059007627773745, 64.389399204348649 ], [ -15.059288991705293, 64.38945966739719 ], [ -15.059600773655353, 64.389520951514044 ], [ -15.059997163911641, 64.389630774378787 ], [ -15.06038594087623, 64.389687528494392 ], [ -15.060863097696009, 64.389660767374366 ], [ -15.061085477747232, 64.389494970766691 ] ] ] ] } },
{ "type": "Feature", "properties": { "fid": 94, "rock_type_unit": "Mafic intrusion", "name_unit": "Kvosir mafic intrusion", "volcanic_system": "Kvosir", "formation_geology_type": "Intrusion", "feature_type": "Sheet", "geological_age": null, "geological_group": null, "geological_formation": null, "notes": "Mafic intrusion through breccia", "citation": "Askew et al. 2026", "date_reference": null, "date_input": "2026-07-22", "username": "Robert Alexander Askew - NATT", "unit_code": null, "scale_precision": "2", "rock_type": "Basalt" }, "geometry": { "type": "MultiPolygon", "coordinates": [ [ [ [ -15.037461786690161, 64.390152922176668 ], [ -15.037868003321588, 64.390032634375331 ], [ -15.038129539473942, 64.389994595884886 ], [ -15.038329663342266, 64.389987719486683 ], [ -15.038546899257582, 64.389993618880382 ], [ -15.038777099274359, 64.390040907869235 ], [ -15.038959482112039, 64.390091001892642 ], [ -15.039104677788258, 64.390135982185598 ], [ -15.039278209281974, 64.390181731660292 ], [ -15.039468854088424, 64.390240256887154 ], [ -15.0398088448724, 64.390315147553807 ], [ -15.0402061010865, 64.390387488024103 ], [ -15.04042863918659, 64.390422254920921 ], [ -15.040623434530925, 64.390452164714517 ], [ -15.040968169448577, 64.3904943510462 ], [ -15.041271009382404, 64.390498465643773 ], [ -15.041508947245825, 64.390426950505088 ], [ -15.041700842242463, 64.390345978146215 ], [ -15.04191340287414, 64.390253254948874 ], [ -15.042027336971406, 64.390252242442713 ], [ -15.042062720331637, 64.390335277961029 ], [ -15.04196054154376, 64.390451515179578 ], [ -15.041792837164603, 64.390561870683257 ], [ -15.041509418927046, 64.390685501312248 ], [ -15.041181763639949, 64.390721751644548 ], [ -15.040743132893372, 64.390738574307136 ], [ -15.04035469016168, 64.39073623900056 ], [ -15.039971545685964, 64.390762772971726 ], [ -15.039862315003937, 64.390796741890739 ], [ -15.039725932994374, 64.390821766092103 ], [ -15.039526988404836, 64.390820469003017 ], [ -15.039203512484386, 64.390762441367045 ], [ -15.038795030330212, 64.390702104788801 ], [ -15.037995737865883, 64.390655776271231 ], [ -15.037570701108507, 64.390644232072759 ], [ -15.037179295682279, 64.390662326783541 ], [ -15.036977980806787, 64.390677376985693 ], [ -15.037068730068556, 64.390532612611679 ], [ -15.037180277348437, 64.390281861125089 ], [ -15.037461786690161, 64.390152922176668 ] ] ] ] } },
{ "type": "Feature", "properties": { "fid": 95, "rock_type_unit": "Porphyrytic basalt", "name_unit": "Porphyrytic Basalt Lava", "volcanic_system": null, "formation_geology_type": "Lava", "feature_type": "Lava", "geological_age": null, "geological_group": null, "geological_formation": null, "notes": "Outcrop above kvosafoss, structural contours indicate linking with hvammsheipi and slufrudalur porphyrytic groups.", "citation": "Askew et al. 2026", "date_reference": null, "date_input": "2026-07-22", "username": "Robert Alexander Askew - NATT", "unit_code": null, "scale_precision": "2", "rock_type": "Porphyrytic Basalt" }, "geometry": { "type": "MultiPolygon", "coordinates": [ [ [ [ -15.023609890528276, 64.372981777017117 ], [ -15.023767710777877, 64.373205991799196 ], [ -15.023891346524856, 64.373374296474026 ], [ -15.023987432822002, 64.373441057492784 ], [ -15.024161185678159, 64.373555751130624 ], [ -15.024303246766141, 64.373742883670431 ], [ -15.024292629175502, 64.373815897509218 ], [ -15.024059307445826, 64.373965304372334 ], [ -15.023492749382267, 64.374078133455583 ], [ -15.022652197921767, 64.374183485953623 ], [ -15.021831388059917, 64.37429853541262 ], [ -15.021031647492226, 64.374414155465331 ], [ -15.020440005829096, 64.374553777596319 ], [ -15.020206656783852, 64.374703178307328 ], [ -15.02002179185256, 64.374755688133646 ], [ -15.018826477208824, 64.374209357677444 ], [ -15.019417606304621, 64.374163929669876 ], [ -15.020328040006897, 64.37401468826809 ], [ -15.020899923150735, 64.373865364671531 ], [ -15.021251745967987, 64.37377417416856 ], [ -15.021362100995198, 64.373658734405183 ], [ -15.022074158724759, 64.37343745042962 ], [ -15.022407323429405, 64.373395554435604 ], [ -15.022627710310132, 64.373316125645047 ], [ -15.023203442980851, 64.37302426358734 ], [ -15.022811204876367, 64.372063899946468 ], [ -15.023225888566648, 64.372421526772214 ], [ -15.023495550220771, 64.372749585053114 ], [ -15.023609890528276, 64.372981777017117 ] ] ], [ [ [ -15.01905771314614, 64.374891722158125 ], [ -15.018242375897032, 64.374823642295937 ], [ -15.017579895335164, 64.374723081218306 ], [ -15.016957577647082, 64.374637358725209 ], [ -15.016592167747074, 64.374531163995854 ], [ -15.016280679667279, 64.374490582640362 ], [ -15.016001573603608, 64.374372999992261 ], [ -15.015370622518114, 64.374346593990467 ], [ -15.014958205191498, 64.374417788794105 ], [ -15.014627429271624, 64.374509540264768 ], [ -15.014305752200531, 64.374684006917988 ], [ -15.013799490943901, 64.374963382592625 ], [ -15.013397489598489, 64.375108162318895 ], [ -15.012905183273023, 64.374856461359158 ], [ -15.013408789943355, 64.374595342049574 ], [ -15.014080994894192, 64.374338830784168 ], [ -15.014558183186276, 64.374113637852133 ], [ -15.014895606280669, 64.37397625331856 ], [ -15.015205299194681, 64.37388392519658 ], [ -15.01565852899067, 64.373823008318425 ], [ -15.016198516144803, 64.373892742767055 ], [ -15.016720089762771, 64.373943646068724 ], [ -15.017219259960662, 64.374003098417305 ], [ -15.017606405854426, 64.374105303942287 ], [ -15.01810026378976, 64.374201259955441 ], [ -15.018625834160101, 64.374224776427951 ], [ -15.018757069064947, 64.374214691495453 ], [ -15.019889633306718, 64.374793226745766 ], [ -15.019809343762809, 64.374816032260654 ], [ -15.01905771314614, 64.374891722158125 ] ] ] ] } },
{ "type": "Feature", "properties": { "fid": 96, "rock_type_unit": "Porphyrytic basalt", "name_unit": "Porphyrytic Basalt Lava", "volcanic_system": null, "formation_geology_type": "Lava", "feature_type": "Lava", "geological_age": null, "geological_group": null, "geological_formation": null, "notes": "Inferred unit trace", "citation": "Askew et al. 2026", "date_reference": null, "date_input": "2026-07-22", "username": "Robert Alexander Askew - NATT", "unit_code": null, "scale_precision": "25", "rock_type": "Porphyrytic Basalt" }, "geometry": { "type": "MultiPolygon", "coordinates": [ [ [ [ -15.012589480607961, 64.375425098325806 ], [ -15.012369393919927, 64.375483220273907 ], [ -15.012126898080895, 64.375549892019748 ], [ -15.011885732486855, 64.375607436745355 ], [ -15.011647228895077, 64.375646727841698 ], [ -15.011366570679391, 64.375684865350607 ], [ -15.011106988674308, 64.375723578961015 ], [ -15.010848737714051, 64.375753165501663 ], [ -15.010570741040947, 64.375773048264207 ], [ -15.010290080030392, 64.375811183703917 ], [ -15.010031827360731, 64.375840768799662 ], [ -15.009774906275181, 64.375861226840044 ], [ -15.00951798480561, 64.37588168442835 ], [ -15.009218908770473, 64.375900987746519 ], [ -15.00896198651221, 64.375921444356408 ], [ -15.008683986759829, 64.375941323526419 ], [ -15.008405986603679, 64.375961202167105 ], [ -15.008149063172773, 64.375981657346472 ], [ -15.007889473803154, 64.376020365236556 ], [ -15.007632549430996, 64.376040819507011 ], [ -15.00737562467488, 64.376061273325362 ], [ -15.007096289304801, 64.376090276048998 ], [ -15.006839363683804, 64.376110728923678 ], [ -15.006583770897858, 64.376122054776687 ], [ -15.006326844595657, 64.376142506749432 ], [ -15.00607125130095, 64.376153831705196 ], [ -15.005815657794761, 64.376165156213489 ], [ -15.005496832406498, 64.376174747939814 ], [ -15.005220161242304, 64.376185493954665 ], [ -15.00492241263426, 64.376195661914423 ], [ -15.004665484399995, 64.376216110963554 ], [ -15.004409889730784, 64.376227433010826 ], [ -15.004154294850141, 64.376238754610625 ], [ -15.003877622512038, 64.37624949808135 ], [ -15.003599615736539, 64.376269367570089 ], [ -15.00332027424267, 64.376298363069282 ], [ -15.003062009445342, 64.376327935836514 ], [ -15.002803744089983, 64.37635750814691 ], [ -15.002544143598282, 64.376396206533244 ], [ -15.002305619727741, 64.3764354823697 ], [ -15.002065760430632, 64.376483884344992 ], [ -15.001825900285269, 64.376532285926331 ], [ -15.001625524409706, 64.376600096184603 ], [ -15.001423812575828, 64.376677032690765 ], [ -15.001243177186474, 64.376754546983548 ], [ -15.001082283321804, 64.37684176566087 ], [ -15.000962208714126, 64.3769392668937 ], [ -15.000842133251032, 64.377036768028233 ], [ -15.000722056932517, 64.377134269064527 ], [ -15.00062172243131, 64.377241474672701 ], [ -15.000584621211548, 64.377350414702008 ], [ -15.000610754021166, 64.377461089200736 ], [ -15.000636887042116, 64.377571763695371 ], [ -15.000705176838437, 64.37768359447449 ], [ -15.000795880793623, 64.377786876834705 ], [ -15.00095249113955, 64.377873640432725 ], [ -15.00113151610946, 64.377951855423959 ], [ -15.001332955727767, 64.378021521725856 ], [ -15.001558144966628, 64.378073512721002 ], [ -15.001783335060969, 64.378125503368992 ], [ -15.002030939538765, 64.378168945092426 ], [ -15.002279879557948, 64.37820325986489 ], [ -15.002505072090633, 64.378255249400056 ], [ -15.002728930868459, 64.378316365123382 ], [ -15.002906629254966, 64.378403704475161 ], [ -15.003040836352145, 64.378499014547728 ], [ -15.003173709907971, 64.378603451036938 ], [ -15.003263091774565, 64.378715858408739 ], [ -15.00328923671835, 64.378826532435596 ], [ -15.003273223268465, 64.378936050923457 ], [ -15.0031926370458, 64.379052962617948 ], [ -15.003113384658887, 64.379160747729387 ], [ -15.003013052095547, 64.379267954991846 ], [ -15.002892973722089, 64.379365457824534 ], [ -15.002750480137182, 64.379471509250763 ], [ -15.002589575104199, 64.379558729601129 ], [ -15.00236943394418, 64.379616836485553 ], [ -15.002113806567586, 64.379628154515075 ], [ -15.001858178979582, 64.379639472097054 ], [ -15.001602551180175, 64.379650789231519 ], [ -15.001346923169374, 64.37966210591847 ], [ -15.001091294947189, 64.379673422157879 ], [ -15.000837001821989, 64.379675611431097 ], [ -15.000582708656113, 64.379677800261462 ], [ -15.000306000152415, 64.379688536965588 ], [ -15.000053042394061, 64.379681598359667 ], [ -14.999779004967246, 64.379674081042097 ], [ -14.99952604747611, 64.3796671415232 ], [ -14.999273090113252, 64.379660201566097 ], [ -14.999020132878675, 64.379653261170787 ], [ -14.998767175772393, 64.37964632033723 ], [ -14.998515554874649, 64.379630252568035 ], [ -14.998263934272337, 64.379614184365238 ], [ -14.998012313965475, 64.379598115728868 ], [ -14.997762030282765, 64.3795729201684 ], [ -14.99751041064993, 64.379556850667143 ], [ -14.997260127806605, 64.379531654246421 ], [ -14.997009845424097, 64.379506457396715 ], [ -14.996737147253413, 64.379489807886713 ], [ -14.996464449414507, 64.379473157867409 ], [ -14.996212831460708, 64.379457086130188 ], [ -14.99596255072426, 64.37943188748541 ], [ -14.995712270448662, 64.379406688411649 ], [ -14.995463327719326, 64.379372362439568 ], [ -14.995193306173892, 64.379337457107638 ], [ -14.994943027470036, 64.379312256715465 ], [ -14.994694086564353, 64.379277929432035 ], [ -14.994447821117667, 64.379225348804283 ], [ -14.994222635909876, 64.379173346839977 ], [ -14.993997451557762, 64.3791213445285 ], [ -14.993772268061324, 64.379069341869879 ], [ -14.993547085420566, 64.379017338864116 ], [ -14.993299486735486, 64.378973882751879 ], [ -14.99305188883663, 64.378930426219881 ], [ -14.992802953775687, 64.378896095712889 ], [ -14.99255401933921, 64.378861764781533 ], [ -14.992282668422629, 64.37883598051036 ], [ -14.99200997980833, 64.378819322172376 ], [ -14.991758370481477, 64.37880324275956 ], [ -14.991505423074171, 64.378796289345999 ], [ -14.991252475795385, 64.378789335494233 ], [ -14.99099952864513, 64.37878238120426 ], [ -14.990630477732106, 64.37884553994229 ], [ -14.990399606919508, 64.378976640175694 ], [ -14.990252708736683, 64.37925666106473 ], [ -14.99036175418281, 64.379956065577431 ], [ -14.990818800575342, 64.38059173212595 ], [ -14.991643946642171, 64.381604044129304 ], [ -14.992396192966735, 64.38224781778716 ], [ -14.993125042928748, 64.382762658827588 ], [ -14.993719398507562, 64.383328780136821 ], [ -14.994134413258871, 64.383963278106904 ], [ -14.994617729707999, 64.384709608582213 ], [ -14.995396250727909, 64.385464042493609 ], [ -14.996425157682863, 64.386243670571659 ], [ -14.996990856070614, 64.386717356325065 ], [ -14.997372759029272, 64.386856121515578 ], [ -14.998031449252725, 64.386984153835286 ], [ -14.998432071841247, 64.386995145307964 ], [ -14.999012068375094, 64.386937750837092 ], [ -14.999457533711539, 64.386931643251344 ], [ -14.999952895442197, 64.387018534204316 ], [ -15.0001781561029, 64.387070527351014 ], [ -15.000617707656426, 64.387394127238963 ], [ -15.000435088727295, 64.38777397204889 ], [ -15.000123563807152, 64.388021997893176 ], [ -14.999932161670133, 64.388172522734521 ], [ -14.999583507288866, 64.388529487345764 ], [ -14.999566889315794, 64.388932210446754 ], [ -14.999706189725309, 64.389137620074337 ], [ -15.000001119330957, 64.389292318264339 ], [ -15.0003302112237, 64.389502931365726 ], [ -15.000387842003832, 64.3896877745062 ], [ -14.999895568119049, 64.390013312948284 ], [ -14.999295756772444, 64.390061006083016 ], [ -14.998809105291279, 64.390203432338254 ], [ -14.998236760102897, 64.390352669506129 ], [ -14.996805146275863, 64.390441674124261 ], [ -14.995587079037797, 64.390518200721658 ], [ -14.994315106816252, 64.390529094733012 ], [ -14.988454004955084, 64.390358870863452 ], [ -14.988488839827509, 64.390021662855304 ], [ -14.991464882961516, 64.390185067696862 ], [ -14.992687972157009, 64.390218672158937 ], [ -14.99438168655678, 64.390219374014976 ], [ -14.995825021973756, 64.390194857338471 ], [ -14.996845261224234, 64.390167879523602 ], [ -14.997836691018396, 64.390048472515744 ], [ -14.998328691381063, 64.389869543500296 ], [ -14.99881429900088, 64.389589642864124 ], [ -14.998948096282744, 64.389254275794002 ], [ -14.998713761195742, 64.389119563784661 ], [ -14.998491457318007, 64.38890271288858 ], [ -14.998353802306651, 64.388541573124698 ], [ -14.998486263599393, 64.388215332994093 ], [ -14.998672625024149, 64.387954713581166 ], [ -14.998715093893022, 64.38780926796916 ], [ -14.998686582746503, 64.387570243605822 ], [ -14.998515520616406, 64.387437266574295 ], [ -14.997958235497645, 64.387339508647685 ], [ -14.99735714254261, 64.387396320311424 ], [ -14.996795544472954, 64.387472539889018 ], [ -14.996293498552005, 64.387431270628625 ], [ -14.995578549473496, 64.387109259000042 ], [ -14.994878648391996, 64.386540250278301 ], [ -14.994548934093459, 64.386045546479011 ], [ -14.993729589851959, 64.385280823282173 ], [ -14.993180034958774, 64.384697607520991 ], [ -14.992444422924899, 64.383651115631935 ], [ -14.991341104950264, 64.382658654201308 ], [ -14.989615843265375, 64.381145101395646 ], [ -14.987672650387756, 64.379387281864098 ], [ -14.987581990651703, 64.379283991345062 ], [ -14.987491331599916, 64.379180700770263 ], [ -14.987423092059158, 64.379068863804676 ], [ -14.987356192843967, 64.378947900412967 ], [ -14.987331451980973, 64.37882809714138 ], [ -14.987368607952556, 64.378719160474105 ], [ -14.987405763628377, 64.378610223797992 ], [ -14.9874639976409, 64.37850186716733 ], [ -14.987585466848468, 64.378395250633616 ], [ -14.987705595491054, 64.378297760397189 ], [ -14.987825723277901, 64.378200270062393 ], [ -14.98802614505083, 64.378132478739815 ], [ -14.988264704193478, 64.378093226230106 ], [ -14.988523001627676, 64.378063679637123 ], [ -14.988778620007313, 64.378052385402214 ], [ -14.989073716499536, 64.378060503186362 ], [ -14.989325317421525, 64.378076587224854 ], [ -14.989576918639198, 64.37809267082983 ], [ -14.989828520152553, 64.378108754001218 ], [ -14.990081460780072, 64.378115710319605 ], [ -14.990330385329997, 64.378150045465148 ], [ -14.990580649159391, 64.378175253762265 ], [ -14.990829574877006, 64.378209588056833 ], [ -14.991079839710538, 64.378234795498386 ], [ -14.99137092366869, 64.378270287925659 ], [ -14.991619851241875, 64.378304620873038 ], [ -14.991868779439539, 64.378338953396096 ], [ -14.992117708261679, 64.378373285494817 ], [ -14.992366637708281, 64.378407617169188 ], [ -14.992615567779351, 64.378441948419209 ], [ -14.992885577202898, 64.378476858516564 ], [ -14.993133170734739, 64.378520315329581 ], [ -14.993401843859106, 64.378564350919973 ], [ -14.993670517847978, 64.378608386016083 ], [ -14.993919451380366, 64.378642715043455 ], [ -14.994168385537186, 64.378677043646476 ], [ -14.99439356655872, 64.378729045693163 ], [ -14.994641164765991, 64.378772499949548 ], [ -14.994891438256365, 64.378797700858485 ], [ -14.995143049372516, 64.37881377487227 ], [ -14.995395997865094, 64.378820721984013 ], [ -14.995648946486073, 64.378827668657536 ], [ -14.995901895235443, 64.378834614892867 ], [ -14.996153507284307, 64.378850687165425 ], [ -14.996405119628655, 64.378866759004396 ], [ -14.996656732268498, 64.378882830409793 ], [ -14.996907008623369, 64.378908027864 ], [ -14.997155948939932, 64.37894235137388 ], [ -14.997404889880846, 64.378976674459395 ], [ -14.99765650411813, 64.378992744142025 ], [ -14.997905446145069, 64.379027066374221 ], [ -14.998157061139469, 64.37904313519428 ], [ -14.998427083560617, 64.379078035044785 ], [ -14.99867602732958, 64.379112355963301 ], [ -14.998924971722859, 64.379146676457452 ], [ -14.999218747196581, 64.379163900238495 ], [ -14.999471699958836, 64.379170840289589 ], [ -14.999724652849368, 64.379177779902435 ], [ -14.999977605868164, 64.379184719077088 ], [ -15.000230559015222, 64.379191657813521 ], [ -15.00050459173592, 64.379199174283471 ], [ -15.000757545150156, 64.379206112106957 ], [ -15.00101049869262, 64.379213049492208 ], [ -15.001262117219373, 64.379229112961625 ], [ -15.001515071102293, 64.379236049472752 ], [ -15.001753620513293, 64.379196774922249 ], [ -15.001955349989844, 64.379119837950583 ], [ -15.002096509969114, 64.379022913832117 ], [ -15.002216589677031, 64.378925411656112 ], [ -15.002295844914071, 64.378817627032731 ], [ -15.002332941311701, 64.378708686560486 ], [ -15.002285721326778, 64.378597434451521 ], [ -15.002151516376454, 64.378502123684413 ], [ -15.001972484892724, 64.378423909941702 ], [ -15.001793454432169, 64.378345695979746 ], [ -15.001614424994779, 64.378267481798602 ], [ -15.00139190415652, 64.378197237843608 ], [ -15.001168049338391, 64.378136120070721 ], [ -15.000942860325429, 64.378084128473745 ], [ -15.000693923065974, 64.378049811421903 ], [ -15.000468735663679, 64.377997819093892 ], [ -15.000223806070185, 64.377936121697061 ], [ -15.000022369903414, 64.377866453865224 ], [ -14.999843348661498, 64.377788237514366 ], [ -14.99966432844271, 64.377710020944306 ], [ -14.99948530924704, 64.377631804155072 ], [ -14.999307626788813, 64.377544460642937 ], [ -14.999129945464546, 64.377457116914954 ], [ -14.9990827406571, 64.377345863777336 ], [ -14.99903553623337, 64.377234610625095 ], [ -14.999009410009034, 64.377123935845759 ], [ -14.999004361726756, 64.377013839450626 ], [ -14.999020391131884, 64.37690432144187 ], [ -14.999057497972437, 64.376795381812556 ], [ -14.999136759481486, 64.376687598915723 ], [ -14.999258175171118, 64.376580972682703 ], [ -14.999399331607918, 64.376484051184377 ], [ -14.999599712148747, 64.376416243981907 ], [ -14.999780349959488, 64.376338731723806 ], [ -15.000020212025666, 64.376290333503619 ], [ -15.000261408575973, 64.376232808377651 ], [ -15.000481526995788, 64.376174704681461 ], [ -15.000738457966467, 64.376154262995456 ], [ -15.001016465649524, 64.376134398955074 ], [ -15.001274730830632, 64.376104829806678 ], [ -15.001532995453774, 64.376075260201475 ], [ -15.001789924705809, 64.37605481666516 ], [ -15.002046853574067, 64.376034372676713 ], [ -15.002303782058553, 64.376013928236119 ], [ -15.002559375605195, 64.376002609876124 ], [ -15.002817637876143, 64.375973037998563 ], [ -15.003075899589076, 64.375943465664179 ], [ -15.003376314697196, 64.375915048390141 ], [ -15.003652983851678, 64.375904305869625 ], [ -15.003973140813903, 64.375885591624453 ], [ -15.004228732471899, 64.375874270341995 ], [ -15.004505400879673, 64.375863526206132 ], [ -15.004759658297923, 64.375861330544637 ], [ -15.005013915675375, 64.375859134440319 ], [ -15.00531166058896, 64.375848966294143 ], [ -15.005568584894489, 64.375828516108228 ], [ -15.00582550881613, 64.375808065470224 ], [ -15.006103509290787, 64.37578819174341 ], [ -15.006360432434303, 64.375767740164051 ], [ -15.006616022004367, 64.375756414702252 ], [ -15.00689402138052, 64.375736539470196 ], [ -15.007149610438486, 64.375725213074276 ], [ -15.007406532209293, 64.375704759654056 ], [ -15.007662120758461, 64.375693432360876 ], [ -15.007940118735403, 64.375673555136913 ], [ -15.00821811630861, 64.375653677383653 ], [ -15.008473704044963, 64.375642348669686 ], [ -15.008729291569763, 64.37563101950829 ], [ -15.008984878882998, 64.375619689899452 ], [ -15.009241798291992, 64.375599233249602 ], [ -15.009501381755678, 64.375560522955823 ], [ -15.009782041294994, 64.375522389032824 ], [ -15.010060035995377, 64.375502507772367 ], [ -15.010319617384715, 64.375463796023908 ], [ -15.010598942946466, 64.375434787133983 ], [ -15.010858522931509, 64.375396074427471 ], [ -15.011097025471461, 64.375356784620124 ], [ -15.011338190515231, 64.37529924119815 ], [ -15.011576691523043, 64.375259950607358 ], [ -15.011815191846202, 64.375220659627047 ], [ -15.012072105394779, 64.375200197996833 ], [ -15.012905183273023, 64.374856461359158 ], [ -15.013397489598489, 64.375108162318895 ], [ -15.012589480607961, 64.375425098325806 ] ] ] ] } },
{ "type": "Feature", "properties": { "fid": 97, "rock_type_unit": "Breccia", "name_unit": "Sediment", "volcanic_system": null, "formation_geology_type": "Sedimentary", "feature_type": "Sedimentary Rock", "geological_age": null, "geological_group": null, "geological_formation": null, "notes": "Altered unit, clastic with an ash/sandstone matrix. Too altered to see internal features.", "citation": "Askew et al. 2026", "date_reference": null, "date_input": "2026-07-22", "username": "Robert Alexander Askew - NATT", "unit_code": null, "scale_precision": "2", "rock_type": "Breccia" }, "geometry": { "type": "MultiPolygon", "coordinates": [ [ [ [ -15.030737808136552, 64.382618351941446 ], [ -15.030374099693354, 64.382645103964023 ], [ -15.029762700930831, 64.382628460800603 ], [ -15.029459653640778, 64.382601884697365 ], [ -15.029010354468346, 64.382562162877193 ], [ -15.028679663216355, 64.382507343740201 ], [ -15.02846426414615, 64.382460245021633 ], [ -15.028314102755214, 64.382401178310886 ], [ -15.028258813041919, 64.38234469521214 ], [ -15.028372182851607, 64.382292805366546 ], [ -15.028578433667697, 64.382257189149385 ], [ -15.028890163232342, 64.382151141800605 ], [ -15.029265733660369, 64.382115553705276 ], [ -15.02966961200463, 64.382103642542702 ], [ -15.029998376265327, 64.382098848374909 ], [ -15.030355449911795, 64.382117731232626 ], [ -15.030750049657451, 64.382169704602731 ], [ -15.031172961242143, 64.382245354514012 ], [ -15.031288191017318, 64.382326374692809 ], [ -15.031310476902625, 64.38246442410319 ], [ -15.031225422643788, 64.382539993827834 ], [ -15.030971706166877, 64.382610973426438 ], [ -15.030737808136552, 64.382618351941446 ] ] ] ] } },
{ "type": "Feature", "properties": { "fid": 98, "rock_type_unit": "Conglomerate", "name_unit": "Skeggtindar conglomerate", "volcanic_system": null, "formation_geology_type": "Sedimentary", "feature_type": "Sedimentary Rock", "geological_age": "Neogene", "geological_group": null, "geological_formation": null, "notes": "Conglomerate, poor exposure though some sedimentary features visible. Fluvial.", "citation": "Askew et al. 2026", "date_reference": null, "date_input": "2026-07-22", "username": "Robert Alexander Askew - NATT", "unit_code": "SKTsed", "scale_precision": "20", "rock_type": "Sediment" }, "geometry": { "type": "MultiPolygon", "coordinates": [ [ [ [ -15.029072919035697, 64.361974771826851 ], [ -15.029837464254351, 64.361691415481133 ], [ -15.030212530203922, 64.36145275282405 ], [ -15.03046309942661, 64.361192262563307 ], [ -15.030610493463362, 64.360763041422913 ], [ -15.030545837795479, 64.360475528750939 ], [ -15.030378017299107, 64.360019285444437 ], [ -15.030163693729925, 64.359736912951576 ], [ -15.03008305496442, 64.359559577972888 ], [ -15.030706927371877, 64.359512049068002 ], [ -15.031199407831714, 64.359783561335121 ], [ -15.031563537264924, 64.359913309577834 ], [ -15.031800520273308, 64.360039594425686 ], [ -15.03197792598481, 64.360136603186334 ], [ -15.032118158671903, 64.36034321279395 ], [ -15.032168179897008, 64.360731721368197 ], [ -15.032208997028244, 64.361037019315475 ], [ -15.032153057194561, 64.361422642715738 ], [ -15.032009679748667, 64.3618243209052 ], [ -15.031712736707608, 64.362111204148789 ], [ -15.031370858277665, 64.362267814303166 ], [ -15.031048837071879, 64.362434182358712 ], [ -15.030592987858711, 64.362642993649942 ], [ -15.03013180102748, 64.362888529486256 ], [ -15.029654743295717, 64.363096760517323 ], [ -15.02926778668904, 64.363270573916566 ], [ -15.028769521492155, 64.363478224598154 ], [ -15.028395748517832, 64.363707702096519 ], [ -15.028048497531419, 64.363901030385719 ], [ -15.027511823034354, 64.364079977084373 ], [ -15.026988479413969, 64.364167107175561 ], [ -15.026657219528017, 64.364250254594111 ], [ -15.026511523895591, 64.364227846737322 ], [ -15.026632170748021, 64.364129739929382 ], [ -15.026987291452782, 64.36402880743276 ], [ -15.027282826892451, 64.363898596446205 ], [ -15.027516109795451, 64.363757470268723 ], [ -15.027726862458978, 64.363624947509052 ], [ -15.02790055840104, 64.363454543250484 ], [ -15.027992142697833, 64.363263465290672 ], [ -15.02791417445308, 64.363067766134208 ], [ -15.027853400779678, 64.362900189015548 ], [ -15.02777276765976, 64.362722852728965 ], [ -15.02785234966354, 64.362614408093691 ], [ -15.028016704924159, 64.362508274000476 ], [ -15.028296358718556, 64.362340757443008 ], [ -15.02852295725768, 64.362245537040764 ], [ -15.028880712665741, 64.362126236993845 ], [ -15.029072919035697, 64.361974771826851 ] ] ] ] } },
{ "type": "Feature", "properties": { "fid": 99, "rock_type_unit": "Rhyolite lava", "name_unit": "Kvosir Rhyolite Lava", "volcanic_system": "Kvosir", "formation_geology_type": "Lava", "feature_type": "Lava", "geological_age": "Neogene", "geological_group": null, "geological_formation": null, "notes": "Poorly exposed in river bed. Clastic boundary, likely clastic lava (a'a).", "citation": "Askew et al. 2026", "date_reference": null, "date_input": "2026-07-22", "username": "Robert Alexander Askew - NATT", "unit_code": "KVF-R", "scale_precision": "20", "rock_type": "Rhyolite" }, "geometry": { "type": "MultiPolygon", "coordinates": [ [ [ [ -15.06038594087623, 64.389687528494392 ], [ -15.059997163911641, 64.389630774378787 ], [ -15.059600773655353, 64.389520951514044 ], [ -15.059288991705293, 64.38945966739719 ], [ -15.059007627773745, 64.389399204348649 ], [ -15.058557075241035, 64.389347385036828 ], [ -15.058100827173304, 64.389335056959993 ], [ -15.05769400282046, 64.389297632066672 ], [ -15.057504842953945, 64.389233050005345 ], [ -15.057228234025402, 64.389139673029007 ], [ -15.056747272928115, 64.389087026031191 ], [ -15.056247297273062, 64.388954570042642 ], [ -15.056079051252988, 64.388850904735719 ], [ -15.05589559860562, 64.388746828047061 ], [ -15.055583827907096, 64.38857981140211 ], [ -15.055233093806374, 64.388471210348229 ], [ -15.054699870444516, 64.388357672801945 ], [ -15.054065901193132, 64.388307485841111 ], [ -15.053162947644482, 64.388322704110635 ], [ -15.052189653325097, 64.388402091167933 ], [ -15.051262938396301, 64.388370400082096 ], [ -15.05085518649213, 64.388339538202416 ], [ -15.050761099849423, 64.388251089437858 ], [ -15.050752564001412, 64.388098878702706 ], [ -15.050747820480542, 64.388026064363274 ], [ -15.050802955272916, 64.387961478970254 ], [ -15.050997809609655, 64.387880852743763 ], [ -15.051241138131257, 64.387781715110279 ], [ -15.051880804372679, 64.387686697334644 ], [ -15.052241989072087, 64.387511454481029 ], [ -15.05261267145872, 64.387376114673643 ], [ -15.053069838917031, 64.387276153206102 ], [ -15.053680022035362, 64.387279447127156 ], [ -15.054543975676191, 64.387428366345461 ], [ -15.055132308003197, 64.387583042046401 ], [ -15.055492536956082, 64.387731547088904 ], [ -15.05586132702968, 64.387926537060579 ], [ -15.056053331630574, 64.3880770995939 ], [ -15.056251038033846, 64.388188169325758 ], [ -15.056549500410037, 64.388341609235482 ], [ -15.056732952827778, 64.388445685100848 ], [ -15.056962979854726, 64.388544411881597 ], [ -15.057222474541312, 64.388650542503868 ], [ -15.057353647188753, 64.388693734493771 ], [ -15.057777569215249, 64.388718407124685 ], [ -15.05821003745981, 64.38868383958409 ], [ -15.058613987623225, 64.388635284739053 ], [ -15.058963769002863, 64.388644735162927 ], [ -15.059748885237347, 64.388705590938613 ], [ -15.060211790390019, 64.388777563665897 ], [ -15.060594862130515, 64.388873809928967 ], [ -15.060896202921224, 64.389007494600605 ], [ -15.061048311148612, 64.389117325830597 ], [ -15.0611386661335, 64.389337821090592 ], [ -15.061085477747232, 64.389494970766691 ], [ -15.060863097696009, 64.389660767374366 ], [ -15.06038594087623, 64.389687528494392 ] ] ] ] } },
{ "type": "Feature", "properties": { "fid": 100, "rock_type_unit": "Granite", "name_unit": "Slaufrudalur Pluton", "volcanic_system": "Slaufrudalur", "formation_geology_type": "Intrusion", "feature_type": "Pluton", "geological_age": "Neogene", "geological_group": "Hornafjörður Intrusive Suite", "geological_formation": "Slaufrudalur Pluton", "notes": "Layered granitic intrusion - granite to granophyre layers.", "citation": "Burchardt 2010; Gupta 2023", "date_reference": null, "date_input": "2025-12-01", "username": "Robert Alexander Askew - NATT", "unit_code": "SG", "scale_precision": "10", "rock_type": "Granite" }, "geometry": { "type": "MultiPolygon", "coordinates": [ [ [ [ -15.005181750827637, 64.347895748856885 ], [ -15.00544646278305, 64.347955690192649 ], [ -15.005957484055736, 64.347785320592109 ], [ -15.007060726466298, 64.347512653994315 ], [ -15.007495534935673, 64.347656276249012 ], [ -15.007001390478559, 64.3479193054348 ], [ -15.006202683873036, 64.348187152588878 ], [ -15.005890102050596, 64.348455156980336 ], [ -15.006008874324978, 64.348682308645152 ], [ -15.006430294837079, 64.348917758515853 ], [ -15.007040968718297, 64.349105714167138 ], [ -15.00698773367446, 64.349262297961701 ], [ -15.007136422924104, 64.349700992710197 ], [ -15.006838784264808, 64.350074771142914 ], [ -15.006412413971262, 64.350497700953341 ], [ -15.005830495660659, 64.351153429873136 ], [ -15.006501749888081, 64.351343047637954 ], [ -15.007112478316495, 64.35153100301396 ], [ -15.008039289943556, 64.351635426191251 ], [ -15.010335141229945, 64.352146111732239 ], [ -15.012432578230337, 64.352559136371966 ], [ -15.014711997356438, 64.352766385086568 ], [ -15.017249177365114, 64.352686628030099 ], [ -15.018615080711497, 64.353205893217549 ], [ -15.019360879214327, 64.35352021858013 ], [ -15.019776741511278, 64.354121393205489 ], [ -15.019811793654412, 64.35439956979215 ], [ -15.019725104377381, 64.355041520363301 ], [ -15.018816533697871, 64.356242270483364 ], [ -15.017878460941532, 64.356496429498591 ], [ -15.01545505599557, 64.358829502475558 ], [ -15.015602097979079, 64.359370553890386 ], [ -15.016343029920098, 64.359800178559524 ], [ -15.017086160069155, 64.360492972709224 ], [ -15.018708817191765, 64.360993391264387 ], [ -15.019354891251437, 64.361574006678211 ], [ -15.019052750925239, 64.362709203278754 ], [ -15.017230669766274, 64.363871506186285 ], [ -15.016020100466275, 64.365128521266854 ], [ -15.014696847888565, 64.365985057627299 ], [ -15.013432152526557, 64.366566808696149 ], [ -15.012304652319267, 64.367216334199327 ], [ -15.011673091639201, 64.367892212440651 ], [ -15.011747179687626, 64.368551763613866 ], [ -15.013771479284999, 64.369345748074039 ], [ -15.014369325147589, 64.369286858193718 ], [ -15.014589494756931, 64.369326722876849 ], [ -15.014919845033926, 64.369259720926181 ], [ -15.015784952266452, 64.369192433830918 ], [ -15.016401268065314, 64.369290558411819 ], [ -15.016614113617548, 64.369480775784837 ], [ -15.017071927593397, 64.369605827336869 ], [ -15.017360190251622, 64.369571353955678 ], [ -15.017547651041076, 64.369506746530192 ], [ -15.017657040383272, 64.369456739085877 ], [ -15.018028512456551, 64.369534529067849 ], [ -15.018700761708926, 64.369741213724552 ], [ -15.018985523287611, 64.369853285362566 ], [ -15.019136744638301, 64.370138719689848 ], [ -15.01913909734224, 64.370191466338895 ], [ -15.019140115523609, 64.370214293480998 ], [ -15.019468131988662, 64.370223898659674 ], [ -15.019662081785388, 64.370151567257906 ], [ -15.019747093859946, 64.370024769200995 ], [ -15.020338415996097, 64.369989582864633 ], [ -15.020608054335563, 64.369996660997302 ], [ -15.020776368399831, 64.369920710553302 ], [ -15.021110796316627, 64.369993312071713 ], [ -15.021577616530783, 64.370058469004206 ], [ -15.021729239805261, 64.370140260753217 ], [ -15.021523149133676, 64.370164021536979 ], [ -15.021290527355125, 64.370328033328136 ], [ -15.021359753412, 64.370634215064882 ], [ -15.021684043156345, 64.371002711517278 ], [ -15.022478605552465, 64.371543658035634 ], [ -15.022811204876367, 64.372063899946468 ], [ -15.023203442980851, 64.37302426358734 ], [ -15.022627710310132, 64.373316125645047 ], [ -15.022407323429405, 64.373395554435604 ], [ -15.022074158724759, 64.37343745042962 ], [ -15.021362100995198, 64.373658734405183 ], [ -15.020451074235339, 64.37370618480405 ], [ -15.019995533057196, 64.373693272950604 ], [ -15.018628815952928, 64.373512519643796 ], [ -15.017650272073208, 64.373398013293297 ], [ -15.016806537642756, 64.373244044803101 ], [ -15.016047048246049, 64.3730054069989 ], [ -15.014382748144248, 64.372609034081421 ], [ -15.013617483085705, 64.372464821790317 ], [ -15.013161909121669, 64.372333668929386 ], [ -15.012952923609554, 64.372303654327681 ], [ -15.012799085885771, 64.372140988225041 ], [ -15.012771090419379, 64.372044786537828 ], [ -15.012001020567778, 64.371482812148386 ], [ -15.011855241302133, 64.37108738260585 ], [ -15.012097341285537, 64.370800331532749 ], [ -15.012424367305702, 64.370667742601839 ], [ -15.012249984630675, 64.370297471798054 ], [ -15.011995785177541, 64.370102487604314 ], [ -15.010563958186639, 64.369548672903633 ], [ -15.008435983203791, 64.369009483449616 ], [ -15.006136475375387, 64.368455395957071 ], [ -15.004051065560814, 64.367834357585778 ], [ -15.001940477108006, 64.366405237748367 ], [ -15.000050192583528, 64.364840290291525 ], [ -14.999727834490757, 64.364182640580523 ], [ -14.995854111294751, 64.362067567961901 ], [ -14.993866473380912, 64.360784534322676 ], [ -14.991867085883163, 64.359371158184061 ], [ -14.991045801483203, 64.358728589052134 ], [ -14.990273584140075, 64.357982963004773 ], [ -14.988750266801144, 64.356697765645535 ], [ -14.98855172514169, 64.356221431939474 ], [ -14.989592399719983, 64.355378668561428 ], [ -14.99160228493359, 64.353686437414268 ], [ -14.993002137252972, 64.352853626592406 ], [ -14.994507526836237, 64.35231759952498 ], [ -14.99440657674992, 64.351761665505194 ], [ -14.99406918321608, 64.351566028086495 ], [ -14.993782421404999, 64.351255243085276 ], [ -14.993781612536033, 64.351104559361588 ], [ -14.993877910049889, 64.35089123812557 ], [ -14.99342347597109, 64.34975906210191 ], [ -14.991533108647273, 64.349180233059201 ], [ -14.991327987384546, 64.348713621401416 ], [ -14.992070169926503, 64.348417954971325 ], [ -14.993132256713022, 64.348012552245962 ], [ -14.994522358819996, 64.347234221497629 ], [ -14.995145696866327, 64.347216133819742 ], [ -14.996088584334345, 64.347244052100208 ], [ -14.996598573421922, 64.347277927597716 ], [ -14.997125769186516, 64.347292417657229 ], [ -14.999265682115391, 64.347281455045518 ], [ -15.000159283814821, 64.347125729961235 ], [ -15.001133434233354, 64.347112968808332 ], [ -15.002132496504144, 64.346929670743734 ], [ -15.003044198469048, 64.346928353157736 ], [ -15.003598110997959, 64.347088426719452 ], [ -15.004009908867035, 64.347389472278039 ], [ -15.004652330391249, 64.347775864744534 ], [ -15.005181750827637, 64.347895748856885 ] ] ] ] } },
{ "type": "Feature", "properties": { "fid": 101, "rock_type_unit": "Basaltic lava and interbeds", "name_unit": "Plateau basalts", "volcanic_system": null, "formation_geology_type": "Lava", "feature_type": "Lava", "geological_age": "Neogene", "geological_group": "Hornafjörður Group", "geological_formation": null, "notes": null, "citation": "Askew et al. 2026", "date_reference": null, "date_input": "2026-07-22", "username": "Robert Alexander Askew - NATT", "unit_code": null, "scale_precision": "20", "rock_type": "Basalt" }, "geometry": { "type": "MultiPolygon", "coordinates": [ [ [ [ -15.064606822481672, 64.328817375321634 ], [ -15.065006078406105, 64.328855892505771 ], [ -15.065340345698457, 64.328901892831666 ], [ -15.065776758923962, 64.32897837631333 ], [ -15.066027461377576, 64.329012875304215 ], [ -15.066148184670507, 64.329062343084303 ], [ -15.066353798696399, 64.329114104921743 ], [ -15.066513001604088, 64.329192335278037 ], [ -15.066609859503494, 64.329259639712006 ], [ -15.066765097560269, 64.329365485617799 ], [ -15.066785066794488, 64.329523122258252 ], [ -15.066830225693437, 64.329653716532789 ], [ -15.066831616671509, 64.329792369150837 ], [ -15.066854230882527, 64.329931595231969 ], [ -15.066923258353436, 64.330044352384689 ], [ -15.067012187690551, 64.330166888223047 ], [ -15.067209879418575, 64.330273880529745 ], [ -15.06743144020604, 64.330363035381652 ], [ -15.067942202660596, 64.330515448135344 ], [ -15.068750183589124, 64.330823741886704 ], [ -15.07011274107054, 64.331276377144093 ], [ -15.070934068307807, 64.331640463636575 ], [ -15.071454212609927, 64.331876284800217 ], [ -15.071813809838549, 64.332043085029611 ], [ -15.072393584774762, 64.332160379104337 ], [ -15.072685454543109, 64.332205217280006 ], [ -15.072873840030192, 64.332228781322542 ], [ -15.073148446569867, 64.332245429986756 ], [ -15.073314287482885, 64.33227762625026 ], [ -15.073396548056367, 64.332298326980293 ], [ -15.073526644185954, 64.33243120920875 ], [ -15.073938272929354, 64.33297828555564 ], [ -15.074328691943057, 64.333524788388758 ], [ -15.074545133660006, 64.333798611762361 ], [ -15.074770929149768, 64.334155855290916 ], [ -15.074873215703709, 64.334334190781092 ], [ -15.07485342069498, 64.334472271068833 ], [ -15.074796450270842, 64.334572385343876 ], [ -15.074718252376774, 64.33467192728348 ], [ -15.074490144224612, 64.334776668168345 ], [ -15.07411872366904, 64.33484058056473 ], [ -15.073731354454695, 64.334867098186677 ], [ -15.073195394138239, 64.334889607095377 ], [ -15.072303852934235, 64.334865557811227 ], [ -15.067970888205741, 64.334767080024974 ], [ -15.065324197029428, 64.334797225257958 ], [ -15.064793523455457, 64.334782882210874 ], [ -15.06439021191064, 64.334771980203072 ], [ -15.063863509447547, 64.33473001799706 ], [ -15.063376615178518, 64.334707612324323 ], [ -15.056479185594187, 64.333624557044374 ], [ -15.055608926048761, 64.333600980629356 ], [ -15.05501327702418, 64.333594081849284 ], [ -15.054541003692407, 64.333618247710476 ], [ -15.054215983755007, 64.333655644385573 ], [ -15.053904228768406, 64.333748846654018 ], [ -15.053595125224897, 64.333823637938039 ], [ -15.05330193847087, 64.333935824627659 ], [ -15.053166620698176, 64.333987602901175 ], [ -15.052922517843959, 64.33405491395078 ], [ -15.052528503495344, 64.334127400993523 ], [ -15.052198165712465, 64.334201613769125 ], [ -15.051997838444672, 64.334260869307073 ], [ -15.051886397657597, 64.334294811725272 ], [ -15.051768319502948, 64.334374779772489 ], [ -15.05164227585896, 64.334509978575042 ], [ -15.051382233890946, 64.334687748748465 ], [ -15.05102529969016, 64.335241777555552 ], [ -15.050842717849209, 64.335565533289895 ], [ -15.050868608750749, 64.334291929079399 ], [ -15.051769030981392, 64.33290916784506 ], [ -15.051858296105776, 64.332892745636769 ], [ -15.052179292982169, 64.332775829845957 ], [ -15.052780696129245, 64.332723046284784 ], [ -15.053186437982189, 64.332721485143537 ], [ -15.053836526383767, 64.332732827707176 ], [ -15.054600223420907, 64.332759808509735 ], [ -15.055119574166433, 64.332773883037191 ], [ -15.055729089126967, 64.33276527452152 ], [ -15.05661631013025, 64.332739062160755 ], [ -15.057642388655054, 64.332754291062543 ], [ -15.058625188925477, 64.332768340988594 ], [ -15.059476351019905, 64.332791383103711 ], [ -15.060356367570792, 64.332815201081786 ], [ -15.060889248751989, 64.332835902110176 ], [ -15.061913533548511, 64.332863614239685 ], [ -15.062936920786086, 64.332897575830984 ], [ -15.064134329456401, 64.332929954168961 ], [ -15.065033276916603, 64.332922850617948 ], [ -15.065782520639885, 64.332848886172187 ], [ -15.066346911356108, 64.332751080263051 ], [ -15.066822941455074, 64.332663446911866 ], [ -15.067276357513368, 64.332430739040859 ], [ -15.06746559979339, 64.332222298630569 ], [ -15.067530394765818, 64.331972810561027 ], [ -15.067365270522499, 64.331710830419397 ], [ -15.067272327308805, 64.331551295464905 ], [ -15.06687280050402, 64.331308105636282 ], [ -15.066654523605543, 64.331113778892401 ], [ -15.066145041338078, 64.330930425306988 ], [ -15.065941198103081, 64.330736487341042 ], [ -15.065747245772542, 64.330473725659886 ], [ -15.06546917, 64.33029519 ], [ -15.064712960661273, 64.330012380378761 ], [ -15.06393659519669, 64.329671059108691 ], [ -15.063204422672104, 64.329324647457355 ], [ -15.062207199422652, 64.328908251439614 ], [ -15.06101074130334, 64.328367117225582 ], [ -15.060325512790921, 64.327996835602747 ], [ -15.059793542278477, 64.32756788917672 ], [ -15.059315700633627, 64.327266026114302 ], [ -15.058772972778753, 64.327012652268749 ], [ -15.058310491357107, 64.326805416531002 ], [ -15.0577607850701, 64.326648788083631 ], [ -15.060036101803336, 64.325781228524804 ], [ -15.060121692631132, 64.325932963837019 ], [ -15.06055550090691, 64.326471446956788 ], [ -15.060750564841506, 64.326892574171438 ], [ -15.061009260536546, 64.327167566211145 ], [ -15.061500070591693, 64.327458079846664 ], [ -15.062427321664877, 64.327972943219237 ], [ -15.062940706379409, 64.328254820885249 ], [ -15.063668968665114, 64.328524025651646 ], [ -15.064606822481672, 64.328817375321634 ] ] ] ] } },
{ "type": "Feature", "properties": { "fid": 102, "rock_type_unit": null, "name_unit": "Plateau basalts", "volcanic_system": null, "formation_geology_type": "Lava", "feature_type": "Lava", "geological_age": "Neogene", "geological_group": "Hornafjörður Group", "geological_formation": null, "notes": null, "citation": "Askew et al. 2026", "date_reference": null, "date_input": "2026-07-22", "username": "Robert Alexander Askew - NATT", "unit_code": null, "scale_precision": "20", "rock_type": "Basalt" }, "geometry": { "type": "MultiPolygon", "coordinates": [ [ [ [ -15.065175663609395, 64.332738269998828 ], [ -15.064055827452949, 64.332770807191679 ], [ -15.062611375842577, 64.332744308470325 ], [ -15.060301339345372, 64.332694372772195 ], [ -15.058065244686254, 64.332633840435335 ], [ -15.05695171127965, 64.332622526646389 ], [ -15.054712927770547, 64.332681209458826 ], [ -15.054354973579761, 64.332652664853001 ], [ -15.053697674373968, 64.332590880710583 ], [ -15.05294931110399, 64.332558029731189 ], [ -15.052433567641543, 64.332619417802334 ], [ -15.052200040724429, 64.332631928210603 ], [ -15.051843149129414, 64.332762020576368 ], [ -15.052401836186844, 64.331100329713166 ], [ -15.053905271912834, 64.329524803104718 ], [ -15.055365621797803, 64.328088967251347 ], [ -15.057360713160458, 64.326815890620878 ], [ -15.057916573038217, 64.326926649139963 ], [ -15.058571978151377, 64.327201920839713 ], [ -15.059336484034944, 64.327524110209453 ], [ -15.05962499917556, 64.327732913593223 ], [ -15.059766578728885, 64.327956581662463 ], [ -15.060177717444766, 64.32821895126952 ], [ -15.060734906388999, 64.328472710281844 ], [ -15.061500372939236, 64.328788631682883 ], [ -15.062018810606189, 64.329009931641039 ], [ -15.062548982507058, 64.329250389923047 ], [ -15.063199992372304, 64.329556924128653 ], [ -15.064455183456072, 64.330193840484156 ], [ -15.064815852800681, 64.330304086964105 ], [ -15.064982662353072, 64.330352563242172 ], [ -15.065249530167829, 64.330359777205658 ], [ -15.065403713476915, 64.330395349725521 ], [ -15.065571894133337, 64.33048468866555 ], [ -15.065685991246729, 64.33059768951702 ], [ -15.065832578988257, 64.330786940018939 ], [ -15.065949418623624, 64.330981667332892 ], [ -15.066516649105735, 64.331267077532999 ], [ -15.066953159242839, 64.331555234413401 ], [ -15.067106548454742, 64.331798055218854 ], [ -15.067094062941779, 64.332086642207486 ], [ -15.066843518572451, 64.332318549787061 ], [ -15.066377471901601, 64.332538353130516 ], [ -15.065794164332372, 64.3326670526653 ], [ -15.065175663609395, 64.332738269998828 ] ] ] ] } },
{ "type": "Feature", "properties": { "fid": 103, "rock_type_unit": "Basaltic lava and interbeds", "name_unit": "Plateau basalts", "volcanic_system": null, "formation_geology_type": "Lava", "feature_type": "Lava", "geological_age": "Neogene", "geological_group": "Hornafjörður Group", "geological_formation": null, "notes": null, "citation": "Askew et al. 2026", "date_reference": null, "date_input": "2026-07-22", "username": "Robert Alexander Askew - NATT", "unit_code": null, "scale_precision": "20", "rock_type": "Basalt" }, "geometry": { "type": "MultiPolygon", "coordinates": [ [ [ [ -15.043168346329596, 64.352034660461584 ], [ -15.04332460747772, 64.352583548246955 ], [ -15.043283746427827, 64.352866106987875 ], [ -15.043151640115958, 64.353055413542961 ], [ -15.042843508889939, 64.353194551833013 ], [ -15.042546818069471, 64.35325457308312 ], [ -15.042295746978205, 64.353361220109221 ], [ -15.042015323456429, 64.353489762819478 ], [ -15.041475726863363, 64.353599916340173 ], [ -15.040991558128367, 64.353688880710934 ], [ -15.040691675356758, 64.353589956907072 ], [ -15.04024185526, 64.353441570046471 ], [ -15.039513434367413, 64.353047325537986 ], [ -15.038612295646955, 64.352580299552059 ], [ -15.038196765402155, 64.352376104072931 ], [ -15.036713981579823, 64.351586881549281 ], [ -15.035355121385088, 64.35084640182599 ], [ -15.034162361452321, 64.350405447653188 ], [ -15.032285230751118, 64.349809680604224 ], [ -15.029516585671633, 64.348789522044271 ], [ -15.030111786395752, 64.348906266150294 ], [ -15.030817436670885, 64.348940094756983 ], [ -15.031541094573303, 64.349063625708425 ], [ -15.032177955275388, 64.349441311411113 ], [ -15.032501314056026, 64.349628570362412 ], [ -15.032946484854724, 64.349807826691432 ], [ -15.033650063057854, 64.349914175978654 ], [ -15.035453341943928, 64.350199159332334 ], [ -15.036652112372419, 64.350643366456495 ], [ -15.037274746490443, 64.35081420726921 ], [ -15.038069674142509, 64.350979899752673 ], [ -15.038961770873259, 64.351127125702348 ], [ -15.039095852168037, 64.3511613516078 ], [ -15.039443415705081, 64.351250070523065 ], [ -15.039551178033477, 64.351277577603895 ], [ -15.03963249530595, 64.351298334312162 ], [ -15.040006507740927, 64.351393802184177 ], [ -15.040117941515359, 64.351422245699382 ], [ -15.040310945144345, 64.351520368438941 ], [ -15.040461969264463, 64.351597148197001 ], [ -15.040644303256222, 64.351689844927506 ], [ -15.040757147496038, 64.351695601457862 ], [ -15.040917293837952, 64.351703770860126 ], [ -15.041095019778098, 64.351712836824305 ], [ -15.041250849964614, 64.351718346648994 ], [ -15.041372490146525, 64.351722647471064 ], [ -15.041544265424319, 64.351728720741491 ], [ -15.041678275521331, 64.351701751604338 ], [ -15.041827581060163, 64.351671704098067 ], [ -15.042018352777312, 64.35163331127147 ], [ -15.042282607923219, 64.351580129310648 ], [ -15.042358428343155, 64.351564870149446 ], [ -15.042534580387791, 64.351529418632865 ], [ -15.042541692587628, 64.351519738297625 ], [ -15.042601234045748, 64.351438696807719 ], [ -15.042808441160792, 64.351264652396452 ], [ -15.043013652702305, 64.351656016090857 ], [ -15.043168346329596, 64.352034660461584 ] ] ] ] } },
{ "type": "Feature", "properties": { "fid": 104, "rock_type_unit": "Granite", "name_unit": "Slaufrudalur pluton", "volcanic_system": null, "formation_geology_type": "Intrusion", "feature_type": "Pluton", "geological_age": "Neogene", "geological_group": null, "geological_formation": null, "notes": null, "citation": "Askew et al. 2026", "date_reference": null, "date_input": "2026-07-22", "username": "Robert Alexander Askew - NATT", "unit_code": null, "scale_precision": "20", "rock_type": "Granite" }, "geometry": { "type": "MultiPolygon", "coordinates": [ [ [ [ -14.998587539175983, 64.369319988828181 ], [ -14.998585773936618, 64.369321458748601 ], [ -14.998587539175983, 64.369319988828181 ], [ -14.998733588765869, 64.369198372250253 ], [ -14.998839020608539, 64.369110577612446 ], [ -14.998888342166335, 64.369069506611098 ], [ -14.998952957807862, 64.369058138841382 ], [ -14.999041242858178, 64.369042606873336 ], [ -14.999304336598049, 64.368996320434704 ], [ -14.999496698917204, 64.368962477473616 ], [ -14.999655713809872, 64.368934501186033 ], [ -14.999911117322714, 64.368889566285091 ], [ -14.999952152344488, 64.368870763357876 ], [ -14.999981342711163, 64.368857387825329 ], [ -15.000019182199164, 64.368840049087225 ], [ -15.00023845191585, 64.368739575112585 ], [ -15.000407601004214, 64.368662066733052 ], [ -15.000495558919562, 64.368621761947409 ], [ -15.000609578556334, 64.368569514694954 ], [ -15.000645438567027, 64.368553082492056 ], [ -15.000429369286767, 64.368311915649585 ], [ -15.000417781926595, 64.36829898222912 ], [ -15.000407595459185, 64.368287612427068 ], [ -15.000199428635181, 64.368055261204304 ], [ -15.000066112845319, 64.368028449661665 ], [ -14.999952153848529, 64.368005530884801 ], [ -14.999893820478357, 64.367993799164452 ], [ -14.999496718089663, 64.367913935003543 ], [ -14.999205257574175, 64.367855316271729 ], [ -14.99904128536188, 64.367822337707395 ], [ -14.99893397609495, 64.36780075521601 ], [ -14.998636162657844, 64.367787794878922 ], [ -14.998585852846427, 64.367785605420138 ], [ -14.998144734206976, 64.367766407395365 ], [ -14.998130420397803, 64.367765784418168 ], [ -14.997949317502181, 64.367757902188004 ], [ -14.997674988605132, 64.367745962002445 ], [ -14.997653306519835, 64.367745018265765 ], [ -14.997219557468453, 64.367726138172955 ], [ -14.997161879596492, 64.367723627490051 ], [ -14.996950116994958, 64.367714409393699 ], [ -14.996764123923931, 64.367732375867703 ], [ -14.996727193667944, 64.367735943208928 ], [ -14.996500148750206, 64.367757874776245 ], [ -14.996335471003558, 64.367773781700024 ], [ -14.996308685109732, 64.367776369044194 ], [ -14.995943747262242, 64.367811619145073 ], [ -14.995853244839781, 64.367820360806618 ], [ -14.995552022444036, 64.367849455544061 ], [ -14.995397803114129, 64.367864351155035 ], [ -14.995160296548963, 64.367887290896974 ], [ -14.994999259061903, 64.367902844577671 ], [ -14.994942363707441, 64.367887797079575 ], [ -14.99481838514936, 64.367855007501646 ], [ -14.994515887620771, 64.367775002845534 ], [ -14.994486952344634, 64.367767349976177 ], [ -14.994450888005806, 64.36775781158174 ], [ -14.994052796132728, 64.36765252213128 ], [ -14.994031557073816, 64.367591067743533 ], [ -14.993995680791709, 64.367487260490634 ], [ -14.993986405449059, 64.367460422356544 ], [ -14.993902183189288, 64.367216723456011 ], [ -14.993872686484282, 64.367131373078962 ], [ -14.993871295574536, 64.36712146211751 ], [ -14.993846697668193, 64.36694618795083 ], [ -14.993829870016574, 64.366826280007658 ], [ -14.993808731540378, 64.366675653154942 ], [ -14.993788445346883, 64.36653109787413 ], [ -14.993771590801375, 64.366410994658708 ], [ -14.993770081714457, 64.366405118310098 ], [ -14.993722957843456, 64.366221617803973 ], [ -14.993700606856095, 64.366134582124715 ], [ -14.993640964450753, 64.365902329389385 ], [ -14.993631133363142, 64.365864045896387 ], [ -14.993605253689577, 64.36576326667695 ], [ -14.993885454468655, 64.365792717708842 ], [ -14.994037158782868, 64.36572331562553 ], [ -14.994071149527919, 64.365491272171383 ], [ -14.994136911059668, 64.365235578011607 ], [ -14.993904638105892, 64.365082049739939 ], [ -14.993653184232969, 64.365071268370343 ], [ -14.993492863123333, 64.364990943063091 ], [ -14.993455301888339, 64.364511371862278 ], [ -14.993451251868985, 64.364436748318795 ], [ -14.993450089673429, 64.364415334234991 ], [ -14.993323043230577, 64.364240832613078 ], [ -14.993129490472255, 64.363974978350527 ], [ -14.993126077354802, 64.363970290216869 ], [ -14.993121602224218, 64.363964143338151 ], [ -14.992929115350023, 64.363699747546164 ], [ -14.992782310934496, 64.363498096598136 ], [ -14.992732157216107, 64.363429204601019 ], [ -14.992666398204683, 64.363338876359748 ], [ -14.992635139930906, 64.363295938985743 ], [ -14.992514440563623, 64.363158660323492 ], [ -14.992348133773875, 64.362969507182413 ], [ -14.992276572776902, 64.36288811465306 ], [ -14.992211186531634, 64.362813744752401 ], [ -14.992038709664872, 64.36261756858697 ], [ -14.991951415161751, 64.362518278179721 ], [ -14.991800320862582, 64.36250368190079 ], [ -14.991553838991964, 64.362497474018127 ], [ -14.99150253436191, 64.362617538508914 ], [ -14.99146163179376, 64.362713259046913 ], [ -14.991386934252636, 64.362888065117744 ], [ -14.991369423150065, 64.36292904401131 ], [ -14.991300395954338, 64.363090577923316 ], [ -14.991284503556225, 64.363127768226747 ], [ -14.991272615010246, 64.363142096363546 ], [ -14.991258928922754, 64.363158590886925 ], [ -14.991122246684336, 64.363323319670698 ], [ -14.991034466625736, 64.363429110671234 ], [ -14.990971876378755, 64.363504542819172 ], [ -14.990844851260693, 64.363657628853119 ], [ -14.990821504093462, 64.363685765808995 ], [ -14.990809999917401, 64.363699630102019 ], [ -14.990671129828419, 64.363866988640098 ], [ -14.99058552879761, 64.363970149179195 ], [ -14.990520753583583, 64.364048211312564 ], [ -14.990389294099248, 64.36420663477648 ], [ -14.990370375358903, 64.364229433826324 ], [ -14.990361053266223, 64.364240667902763 ], [ -14.990219995154353, 64.364410656181406 ], [ -14.990188514575125, 64.364448592931666 ], [ -14.990185430832087, 64.364511189549432 ], [ -14.990178274549084, 64.364656453183557 ], [ -14.990172103235123, 64.364781721937874 ], [ -14.990165323117868, 64.364919347201024 ], [ -14.990158775375992, 64.36505225431506 ], [ -14.990152371439081, 64.365182241207876 ], [ -14.990145447254692, 64.365322786680963 ], [ -14.990139419512715, 64.365445135204055 ], [ -14.990132118871214, 64.365593319035582 ], [ -14.990126467338763, 64.365708029189591 ], [ -14.990118790225544, 64.365863851378919 ], [ -14.990113514917217, 64.365970923164483 ], [ -14.990105461317684, 64.366134383711 ], [ -14.990102029286447, 64.366204041624172 ], [ -14.990131089380602, 64.366251957559371 ], [ -14.990223861816443, 64.366404924868633 ], [ -14.990307909719045, 64.366543505261134 ], [ -14.990387671226374, 64.366675016791419 ], [ -14.990387945443246, 64.366675468920548 ], [ -14.99038843187213, 64.366676270945121 ], [ -14.990426662259477, 64.36673930510527 ], [ -14.99055203229519, 64.366946012778996 ], [ -14.990567751030081, 64.366971929296554 ], [ -14.990644260958474, 64.367098075550288 ], [ -14.990716122372378, 64.367216556443907 ], [ -14.990843597690798, 64.367426727688013 ], [ -14.990862486651528, 64.367457870032837 ], [ -14.990880215674913, 64.367487099915252 ], [ -14.990900858577294, 64.367521133835837 ], [ -14.991012593794938, 64.367705349999227 ], [ -14.990995173038575, 64.367757640185388 ], [ -14.990970110141403, 64.367832868687856 ], [ -14.990905044245489, 64.368028167785681 ], [ -14.990894858324973, 64.368058741168724 ], [ -14.990843336006591, 64.36821338608695 ], [ -14.990819605273373, 64.368284613603976 ], [ -14.990814913680566, 64.36829869532049 ], [ -14.990744350986567, 64.368510485993596 ], [ -14.990724781343758, 64.368569222789873 ], [ -14.990669095464522, 64.368736358337586 ], [ -14.990642315651941, 64.368816734511171 ], [ -14.990650407032836, 64.368839751198877 ], [ -14.990719768269967, 64.369037054107437 ], [ -14.990745514503923, 64.369110290347976 ], [ -14.990840010356415, 64.369379084372227 ], [ -14.990840623844475, 64.369380829425353 ], [ -14.990842945425358, 64.3693874331084 ], [ -14.990933980641477, 64.369646378140956 ], [ -14.990933163440035, 64.369651368272173 ], [ -14.990925156638472, 64.369700260637714 ], [ -14.990888859993351, 64.369921898616951 ], [ -14.990884773259259, 64.369946853191408 ], [ -14.990844555675523, 64.370192428938296 ], [ -14.990844389156244, 64.370193445725604 ], [ -14.990842673775042, 64.370203920050812 ], [ -14.990816286227846, 64.370365044598174 ], [ -14.990758879728077, 64.370413228096297 ], [ -14.990752000242745, 64.370419002301915 ], [ -14.990699636663789, 64.370462952893376 ], [ -14.990570115472554, 64.370571663895205 ], [ -14.99038701784108, 64.370725341539426 ], [ -14.990381349043684, 64.370730099447712 ], [ -14.990377338961183, 64.370733465170105 ], [ -14.990192580441425, 64.370888534753931 ], [ -14.990055034922714, 64.371003976728744 ], [ -14.99000380966574, 64.37104696981379 ], [ -14.989940254606848, 64.371100311023966 ], [ -14.989931395711242, 64.371107165603149 ], [ -14.98980903729605, 64.371201840143215 ], [ -14.989715147894401, 64.371274486338308 ], [ -14.989611217672646, 64.371354901021832 ], [ -14.989475772138869, 64.371459699458939 ], [ -14.989413395848826, 64.371507961630513 ], [ -14.989365532732224, 64.371544994446211 ], [ -14.989215571824557, 64.371661021969246 ], [ -14.989020136893476, 64.371812231882686 ], [ -14.989017745599797, 64.371814082038014 ], [ -14.989015910697033, 64.37181550171087 ], [ -14.988912693389979, 64.371895361149797 ], [ -14.988446936210453, 64.372809297969425 ], [ -14.988430968397303, 64.373508601842929 ], [ -14.988454557787968, 64.374011787314231 ], [ -14.988500929338352, 64.374336051376147 ], [ -14.988548755455493, 64.374402131009475 ], [ -14.988774941359063, 64.37452491532126 ], [ -14.989019001639113, 64.374657401054932 ], [ -14.989739293235228, 64.374808520137094 ], [ -14.990542746121392, 64.37489402868691 ], [ -14.991144431440093, 64.37492853340882 ], [ -14.991974169826904, 64.374971273398032 ], [ -14.992544609912228, 64.375030129884095 ], [ -14.992908922462737, 64.375134797504529 ], [ -14.993130153087705, 64.375169107931356 ], [ -14.99344935535191, 64.375162934792172 ], [ -14.993735936951074, 64.375117670821126 ], [ -14.994061054694546, 64.375100249981017 ], [ -14.994145653363477, 64.375095716793609 ], [ -14.994368212805764, 64.375068619713716 ], [ -14.996162483479404, 64.374417134396325 ], [ -14.997227744229654, 64.374160763583063 ], [ -14.998802237751965, 64.373838330360101 ], [ -14.998851926846505, 64.373825345060013 ], [ -14.999041075929545, 64.373833910497069 ], [ -14.99926759590768, 64.373844167911869 ], [ -14.999496609444943, 64.373854537878273 ], [ -14.999760725400868, 64.373866496864466 ], [ -14.999952143643242, 64.373875163845284 ], [ -15.000253855694307, 64.37388882415982 ], [ -15.000407678524395, 64.373895788398144 ], [ -15.001380514899072, 64.373946349707637 ], [ -15.002039850061788, 64.373980613599429 ], [ -15.003074747053311, 64.374351069770242 ], [ -15.003490141860176, 64.374604902367281 ], [ -15.00391589306518, 64.374682995787524 ], [ -15.004651654502718, 64.374686554754476 ], [ -15.005486428532553, 64.37458986693369 ], [ -15.006317608882092, 64.374360229856705 ], [ -15.006789840389665, 64.374067618810471 ], [ -15.006926530694759, 64.373709357027053 ], [ -15.006933639289448, 64.373438946904272 ], [ -15.00684613657198, 64.373262120526476 ], [ -15.006073727284132, 64.372847903335227 ], [ -15.005873858145668, 64.372774273625325 ], [ -15.005475198763818, 64.372627409667302 ], [ -15.005418308749617, 64.372606451477722 ], [ -15.005325329149219, 64.372572197826358 ], [ -15.005012556296938, 64.372456971360506 ], [ -15.004962765922723, 64.372444245863349 ], [ -15.004621039178881, 64.372356906065107 ], [ -15.004507235963706, 64.372327819514126 ], [ -15.004421239636555, 64.372305839925403 ], [ -15.004051709858972, 64.372211391748891 ], [ -15.003621494713244, 64.372101430998526 ], [ -15.003596187608517, 64.372094962567658 ], [ -15.003562697539074, 64.372086402580692 ], [ -15.003140669212337, 64.37197853197047 ], [ -15.002821761670118, 64.371897017707113 ], [ -15.002685154670424, 64.371862099957312 ], [ -15.002504376704419, 64.371815891452968 ], [ -15.002229643982783, 64.371745666528227 ], [ -15.002206331722238, 64.37173970759919 ], [ -15.001956105443849, 64.371653441956326 ], [ -15.001774134665922, 64.371590706825344 ], [ -15.00164263246622, 64.371545370613489 ], [ -15.001318630379039, 64.371433667711088 ], [ -15.000870287233225, 64.371279094328983 ], [ -15.000863131290439, 64.371276627179441 ], [ -15.000857959988885, 64.371274844272833 ], [ -15.000407637400075, 64.371119585230431 ], [ -15.000244431492069, 64.371063315475354 ], [ -15.000137774692515, 64.371004313679705 ], [ -14.999952148813815, 64.370901625952342 ], [ -14.99964874254457, 64.370733780277163 ], [ -14.999496668064026, 64.370649651001671 ], [ -14.999401942218267, 64.370597247282745 ], [ -14.999159720010578, 64.370463245234745 ], [ -14.999041195654311, 64.370397674628421 ], [ -14.998712079956805, 64.370215597538348 ], [ -14.998696689138804, 64.370192708785595 ], [ -14.99858573764751, 64.370027703952474 ], [ -14.998514778588836, 64.369922173980001 ], [ -14.998467587118283, 64.369851990582944 ], [ -14.998332871614927, 64.369651638938848 ], [ -14.998281322725136, 64.369574973572838 ], [ -14.998354335651795, 64.369514176600475 ], [ -14.998585773936618, 64.369321458748601 ], [ -14.998587539175983, 64.369319988828181 ] ] ] ] } },
{ "type": "Feature", "properties": { "fid": 105, "rock_type_unit": "Gabbro", "name_unit": "Vestrahorn", "volcanic_system": null, "formation_geology_type": "Intrusion", "feature_type": "Pluton", "geological_age": "Neogene", "geological_group": null, "geological_formation": "Vestrahorn Pluton", "notes": null, "citation": "250.000 Geological map, sheet 9", "date_reference": null, "date_input": "2026-07-22", "username": "Robert Alexander Askew - NATT", "unit_code": null, "scale_precision": "20", "rock_type": "Gabbro" }, "geometry": { "type": "MultiPolygon", "coordinates": [ [ [ [ -14.955261647582205, 64.2718369145108 ], [ -14.953495856953888, 64.272189789769612 ], [ -14.952329259241068, 64.272477413093526 ], [ -14.950373613092916, 64.273383290220522 ], [ -14.949340518066457, 64.274078988789441 ], [ -14.948608811764336, 64.27483363471741 ], [ -14.948224558983334, 64.27559796995007 ], [ -14.94767983818118, 64.276661110292082 ], [ -14.947060327436112, 64.277705314352445 ], [ -14.946305089164705, 64.278880522175697 ], [ -14.946121596199056, 64.280122229376701 ], [ -14.945647644568766, 64.281413354944661 ], [ -14.94412729932235, 64.282441134836446 ], [ -14.93955598856679, 64.283740414034597 ], [ -14.93171324926017, 64.284948008339072 ], [ -14.924045824370578, 64.284970968495827 ], [ -14.919033678718668, 64.285543785661531 ], [ -14.914513588810912, 64.286487017721711 ], [ -14.908564255193255, 64.286319634089494 ], [ -14.906608478061781, 64.286264555017823 ], [ -14.90301308671946, 64.285919487327931 ], [ -14.902905974345288, 64.285866736339742 ], [ -14.901858511156785, 64.285338386111334 ], [ -14.901040122443291, 64.284881974420472 ], [ -14.90077871717761, 64.284626045957722 ], [ -14.900746692661128, 64.284340661985951 ], [ -14.901076229940937, 64.284027706120497 ], [ -14.901240059294311, 64.28384295550218 ], [ -14.900815648009877, 64.283542949319397 ], [ -14.899801575798929, 64.282958071117335 ], [ -14.898917036273, 64.282544674197709 ], [ -14.897050219455872, 64.281916114298141 ], [ -14.896396587479241, 64.281631186702128 ], [ -14.896331298019005, 64.281417565125793 ], [ -14.896660103561706, 64.281303834111398 ], [ -14.897544251911544, 64.281247022107181 ], [ -14.89869231814691, 64.281305254608711 ], [ -14.899871229205115, 64.281405673246596 ], [ -14.900790172135101, 64.281435013712567 ], [ -14.901707667704855, 64.28129295158061 ], [ -14.903283043416016, 64.280823779022796 ], [ -14.904366007718075, 64.28059656076654 ], [ -14.905153005272977, 64.280553998230218 ], [ -14.905677181693907, 64.280668301859848 ], [ -14.906496293115792, 64.280896761064298 ], [ -14.907643850981559, 64.281111959228099 ], [ -14.908364438362073, 64.28116894656408 ], [ -14.909742054149925, 64.281141087707752 ], [ -14.91164529493485, 64.280785992007196 ], [ -14.912694613006279, 64.280730089697911 ], [ -14.913545888874093, 64.280602271836202 ], [ -14.914203284503236, 64.28038907990107 ], [ -14.9145632952797, 64.280175722061244 ], [ -14.914501117812003, 64.279577139908525 ], [ -14.914536060556227, 64.278964255713817 ], [ -14.914799729959018, 64.278508548073191 ], [ -14.915325431249439, 64.27812477858059 ], [ -14.91585056059008, 64.277925868813838 ], [ -14.916439307036498, 64.27785441407913 ], [ -14.916833421373596, 64.277954247551989 ], [ -14.916833035809617, 64.278082569830659 ], [ -14.916313725924757, 64.278407121767856 ], [ -14.916267940452649, 64.27852554779021 ], [ -14.916469631409099, 64.278751799147386 ], [ -14.916830331650907, 64.278979935127509 ], [ -14.917484414342169, 64.279166062139979 ], [ -14.918008950586781, 64.279166359258326 ], [ -14.918796134704253, 64.279038474585832 ], [ -14.919715643618559, 64.278853223022679 ], [ -14.921124478100769, 64.278697847950653 ], [ -14.923126363088809, 64.278399192770522 ], [ -14.924733821170474, 64.278086846955716 ], [ -14.926143127544053, 64.277731308881755 ], [ -14.92807995272925, 64.276991946275714 ], [ -14.931033928732731, 64.275725387596125 ], [ -14.932247355973827, 64.275170483632067 ], [ -14.932935832237172, 64.274800187203581 ], [ -14.934019380290966, 64.274131242763943 ], [ -14.93490669332861, 64.273476561864442 ], [ -14.935531658193057, 64.272863935926779 ], [ -14.935596425376367, 64.272536422639305 ], [ -14.935271615358131, 64.271937735660686 ], [ -14.934878930174229, 64.271239408133994 ], [ -14.934684520837953, 64.270513350476421 ], [ -14.934751961020279, 64.269929191122827 ], [ -14.935111995941822, 64.269573097438723 ], [ -14.935833535176258, 64.269117552869616 ], [ -14.936261510079134, 64.268832373167854 ], [ -14.936622599392617, 64.268006954091987 ], [ -14.936822465483363, 64.267265814340007 ], [ -14.936790607296754, 64.266753400869604 ], [ -14.93662674923147, 64.266197857431166 ], [ -14.93636568476496, 64.26572752329082 ], [ -14.936236530807619, 64.265342493510431 ], [ -14.936008375122288, 64.264929606046096 ], [ -14.935681814607497, 64.264231307054558 ], [ -14.935257630061306, 64.263803970222369 ], [ -14.934767151749567, 64.263489677056583 ], [ -14.934340491655176, 64.263247194038428 ], [ -14.934473455927847, 64.262877538881767 ], [ -14.934833346730169, 64.262550157795246 ], [ -14.935063338179198, 64.26216529106344 ], [ -14.935033552646798, 64.261666338334635 ], [ -14.935065374868268, 64.261296635668344 ], [ -14.935297386021634, 64.260926126929164 ], [ -14.935722888521882, 64.260769271188465 ], [ -14.936738344094909, 64.260727538204151 ], [ -14.937262691412522, 64.260655976018299 ], [ -14.937919815021178, 64.2602721810986 ], [ -14.938969718300735, 64.259574469833794 ], [ -14.939494474466162, 64.259303680428545 ], [ -14.940805238249533, 64.259133713579104 ], [ -14.941655514446843, 64.259105342511333 ], [ -14.942377685132778, 64.259147807957291 ], [ -14.942901402266283, 64.25936248082283 ], [ -14.943063814291467, 64.259661368000735 ], [ -14.942962907992719, 64.260558702512526 ], [ -14.943028594676063, 64.26073012381174 ], [ -14.943256673854858, 64.261213894880768 ], [ -14.943713989650265, 64.261627758944115 ], [ -14.944730558530752, 64.262069652260195 ], [ -14.945516398734433, 64.262312236227928 ], [ -14.946269434608384, 64.262454301915653 ], [ -14.947251719317523, 64.262512090798879 ], [ -14.94849631167539, 64.262469460729392 ], [ -14.949872937473392, 64.262451990629785 ], [ -14.950000003142721, 64.262450419729447 ], [ -14.950605573047451, 64.262470186388711 ], [ -14.95153522602717, 64.262304682578133 ], [ -14.957369506437091, 64.263789008040064 ], [ -14.959984663966733, 64.264451500689731 ], [ -14.96086897167805, 64.264762530488312 ], [ -14.961629197569485, 64.265390229518403 ], [ -14.961885221805636, 64.266020752392066 ], [ -14.961986864205931, 64.266646981756537 ], [ -14.961998968233706, 64.267354964924408 ], [ -14.962266462808298, 64.268171141399876 ], [ -14.962599730455018, 64.268803809579623 ], [ -14.962600404780307, 64.26932613868 ], [ -14.962237270975669, 64.269686715208479 ], [ -14.960032608651888, 64.270181413859589 ], [ -14.959279865326607, 64.270615517277477 ], [ -14.956108435982294, 64.271716361673725 ], [ -14.955261647582205, 64.2718369145108 ] ] ] ] } },
{ "type": "Feature", "properties": { "fid": 106, "rock_type_unit": null, "name_unit": null, "volcanic_system": null, "formation_geology_type": null, "feature_type": null, "geological_age": null, "geological_group": null, "geological_formation": null, "notes": null, "citation": "250.000 Geological map, sheet 9", "date_reference": null, "date_input": "2025-12-09", "username": "Robert Alexander Askew - NATT", "unit_code": null, "scale_precision": "20", "rock_type": "Granite" }, "geometry": { "type": "MultiPolygon", "coordinates": [ [ [ [ -14.98715336442338, 64.254936970249958 ], [ -14.98753369538341, 64.254599982125271 ], [ -14.988123948163086, 64.254215955578289 ], [ -14.988747153193446, 64.253973713092762 ], [ -14.989171453678271, 64.253854484385656 ], [ -14.992471449471763, 64.255007137559019 ], [ -14.996452383106933, 64.255830424902598 ], [ -14.999633859477626, 64.256512659560229 ], [ -14.997334449937163, 64.25728161795324 ], [ -14.993301431953309, 64.256813643420358 ], [ -14.988590034476335, 64.255375557095348 ], [ -14.98715336442338, 64.254936970249958 ] ] ] ] } },
{ "type": "Feature", "properties": { "fid": 107, "rock_type_unit": null, "name_unit": null, "volcanic_system": null, "formation_geology_type": null, "feature_type": null, "geological_age": null, "geological_group": null, "geological_formation": null, "notes": null, "citation": "250.000 Geological map, sheet 9", "date_reference": null, "date_input": "2025-12-09", "username": "Robert Alexander Askew - NATT", "unit_code": null, "scale_precision": "20", "rock_type": "Basalt" }, "geometry": { "type": "MultiPolygon", "coordinates": [ [ [ [ -15.017911681829709, 64.25360186003185 ], [ -15.023870756602941, 64.246128925566339 ], [ -15.025158974238161, 64.246569924722763 ], [ -15.025423888929087, 64.246620292515885 ], [ -15.025937047827428, 64.246598594981634 ], [ -15.026168860302228, 64.246648970618381 ], [ -15.026268238929038, 64.246706568249465 ], [ -15.026284892853111, 64.246814595708429 ], [ -15.026384288120509, 64.246879395493522 ], [ -15.027245051955013, 64.246821620935847 ], [ -15.028370766435422, 64.246828610457555 ], [ -15.029032812625495, 64.246706044603187 ], [ -15.029496299878998, 64.246669943105388 ], [ -15.029893629485004, 64.246698670832302 ], [ -15.030324164782407, 64.246806609518202 ], [ -15.031069401402528, 64.247065725999548 ], [ -15.032096268971127, 64.247483218978132 ], [ -15.032444128182792, 64.247655986291548 ], [ -15.032974374826553, 64.248066382614638 ], [ -15.033504358704821, 64.248253512856976 ], [ -15.034564162294425, 64.248462120099447 ], [ -15.035027729507465, 64.248476417001427 ], [ -15.035756407523641, 64.248663490584846 ], [ -15.036567765401639, 64.24877131903142 ], [ -15.036816288579658, 64.248908095862291 ], [ -15.036932638247606, 64.249253757673571 ], [ -15.03708174621271, 64.249332941126227 ], [ -15.037611681006275, 64.249440839308235 ], [ -15.037727698736344, 64.249527231466161 ], [ -15.037453774693605, 64.250000004241258 ], [ -15.037446625518617, 64.250208470342471 ], [ -15.037938004851396, 64.250492814729142 ], [ -15.03797129728051, 64.250706379049149 ], [ -15.037676741098396, 64.251034893087706 ], [ -15.037282859483623, 64.251148959680023 ], [ -15.036202010465018, 64.251276657862888 ], [ -15.035647329250086, 64.251491269431554 ], [ -15.03535267955122, 64.251775805193446 ], [ -15.034992380435821, 64.252360079287385 ], [ -15.034730997386365, 64.252859078839776 ], [ -15.034306412375289, 64.253201080541558 ], [ -15.033454794787366, 64.253599707450306 ], [ -15.03253706087153, 64.253927455100893 ], [ -15.031588075663988, 64.254012916039912 ], [ -15.031031104009118, 64.254099180159699 ], [ -15.03057292353682, 64.253970956198074 ], [ -15.029819106839085, 64.25328731207307 ], [ -15.029523861124639, 64.253088154430728 ], [ -15.029032744746829, 64.253016465752381 ], [ -15.02818070823888, 64.253059704809814 ], [ -15.027493787475112, 64.253173801857884 ], [ -15.027132682990175, 64.253116437530039 ], [ -15.026771414562084, 64.252902931349837 ], [ -15.026509066893134, 64.252561080016221 ], [ -15.026279673195523, 64.252148330773466 ], [ -15.025920227432314, 64.25164945714647 ], [ -15.025754698453321, 64.251122727086837 ], [ -15.025362214074413, 64.250567324919231 ], [ -15.024967963631694, 64.250325101124957 ], [ -15.024379881712173, 64.250168162333878 ], [ -15.023822927728144, 64.250211329505973 ], [ -15.022742280278408, 64.250624289566005 ], [ -15.02126747917727, 64.250924234140285 ], [ -15.0203187904487, 64.251322802190273 ], [ -15.01989403324508, 64.251636043615378 ], [ -15.019434367349035, 64.252191576784554 ], [ -15.019337576543014, 64.252448239682664 ], [ -15.01969683247798, 64.252833163278765 ], [ -15.019895112771692, 64.253146314966557 ], [ -15.020221642464028, 64.253887500535313 ], [ -15.020124865076928, 64.254157622350547 ], [ -15.019959821928127, 64.254186363721161 ], [ -15.019371766167842, 64.25414336638336 ], [ -15.018715563543925, 64.25400166588787 ], [ -15.017911681829709, 64.25360186003185 ] ] ] ] } },
{ "type": "Feature", "properties": { "fid": 108, "rock_type_unit": "Gabbro", "name_unit": "Stokksnes Pluton", "volcanic_system": null, "formation_geology_type": "Intrusion", "feature_type": "Pluton", "geological_age": null, "geological_group": null, "geological_formation": null, "notes": null, "citation": "250.000 Geological map, sheet 9", "date_reference": null, "date_input": "2025-12-09", "username": "Robert Alexander Askew - NATT", "unit_code": null, "scale_precision": "20", "rock_type": "Gabbro" }, "geometry": { "type": "MultiPolygon", "coordinates": [ [ [ [ -14.985637170184562, 64.258742234470375 ], [ -14.983510460014159, 64.258326689094233 ], [ -14.982854427424989, 64.257511640126637 ], [ -14.982980345813532, 64.257463034494592 ], [ -14.983601580027115, 64.257249530123346 ], [ -14.984158883413077, 64.256965126090535 ], [ -14.98478220361476, 64.256665470576479 ], [ -14.985894709745917, 64.256053577918195 ], [ -14.986255913554446, 64.255825677835901 ], [ -14.986617201481261, 64.255412020603117 ], [ -14.98715336442338, 64.254936970249958 ], [ -14.988590034476335, 64.255375557095348 ], [ -14.993301431953309, 64.256813643420358 ], [ -14.997334449937163, 64.25728161795324 ], [ -14.999633859477626, 64.256512659560229 ], [ -14.996452383106933, 64.255830424902598 ], [ -14.992471449471763, 64.255007137559019 ], [ -14.989171453678271, 64.253854484385656 ], [ -14.989762363183202, 64.253688428478213 ], [ -14.990319535932702, 64.253404001060957 ], [ -14.990829267343889, 64.253009188217504 ], [ -14.991039776808085, 64.252805498624198 ], [ -14.99192289499574, 64.252478008700464 ], [ -14.992742002741258, 64.252306653335154 ], [ -14.993561086167755, 64.25216490416399 ], [ -14.994250203400554, 64.251964826026551 ], [ -14.995067264976203, 64.251495527861096 ], [ -14.996084451146594, 64.250768686714352 ], [ -14.99677147528271, 64.250284127499029 ], [ -14.996837508949985, 64.250113627450901 ], [ -14.996716425646779, 64.250000004732797 ], [ -14.999052810852261, 64.248977544212778 ], [ -14.999632264241008, 64.248840708848931 ], [ -15.000426935474909, 64.248797499010124 ], [ -15.001469930688186, 64.248682259480631 ], [ -15.001817582741786, 64.248552616216813 ], [ -15.002281115221924, 64.248264534131494 ], [ -15.00257910395676, 64.248163700473256 ], [ -15.004367026736899, 64.247925995810689 ], [ -15.004847088756916, 64.247724324964892 ], [ -15.005625127351285, 64.247479430923988 ], [ -15.006303835011327, 64.247342562229008 ], [ -15.006701120906458, 64.2472057102121 ], [ -15.007181183798721, 64.247133667394579 ], [ -15.007810162381686, 64.246795145674966 ], [ -15.007876339675372, 64.246636696737696 ], [ -15.007975640371045, 64.246564671011029 ], [ -15.008240481687139, 64.246471030376355 ], [ -15.008819843474493, 64.246355766678661 ], [ -15.00964741740408, 64.245981211961919 ], [ -15.010623990612514, 64.245714671030569 ], [ -15.010888845773257, 64.24567863941239 ], [ -15.011219925200857, 64.245700220626858 ], [ -15.011567581903142, 64.245757808346966 ], [ -15.011749714649826, 64.245858624820727 ], [ -15.011667028394388, 64.246067487729334 ], [ -15.011220219007054, 64.246427621444511 ], [ -15.010988511187421, 64.246542870272123 ], [ -15.010657451339046, 64.246607712293297 ], [ -15.010309831439603, 64.246679755819429 ], [ -15.010193984164722, 64.246766187476751 ], [ -15.010260285022907, 64.24697503893232 ], [ -15.010392743719748, 64.247054252344668 ], [ -15.010591406310088, 64.247068643752485 ], [ -15.012114282049193, 64.246737232566744 ], [ -15.012743318650069, 64.246672362829813 ], [ -15.012908872877198, 64.246693954480676 ], [ -15.01304132900318, 64.24673715575527 ], [ -15.013107578809322, 64.246801966010793 ], [ -15.013124213350336, 64.24697481061861 ], [ -15.013587805747212, 64.247118807051493 ], [ -15.013587882780037, 64.247270048900049 ], [ -15.013770044428041, 64.24739246654191 ], [ -15.014034948209275, 64.247450057045867 ], [ -15.014299829639043, 64.247464437401277 ], [ -15.014564699002497, 64.247435601022019 ], [ -15.014829521333702, 64.247341945934949 ], [ -15.015094402459598, 64.247341923389016 ], [ -15.01544208342418, 64.247399497119119 ], [ -15.015524876443768, 64.247442705984227 ], [ -15.015541557244754, 64.247658760136034 ], [ -15.015806546281699, 64.247853185232714 ], [ -15.016054924513746, 64.247939581209579 ], [ -15.016568157815241, 64.24798993893485 ], [ -15.016866118012237, 64.247932290235426 ], [ -15.017064636740077, 64.247701802785457 ], [ -15.017461850019545, 64.247543312786519 ], [ -15.017594158751297, 64.24734164220547 ], [ -15.018024378974909, 64.247024704593372 ], [ -15.018106982022625, 64.246765426298964 ], [ -15.018255878368757, 64.246621362892654 ], [ -15.01954654727338, 64.24582177725425 ], [ -15.020721553605821, 64.245396699849863 ], [ -15.021251200741419, 64.24531020173437 ], [ -15.021449825058971, 64.245295767796819 ], [ -15.021648490020645, 64.24531734617311 ], [ -15.02197959524254, 64.24536771078769 ], [ -15.022410091642366, 64.24549727644623 ], [ -15.022973145202736, 64.245770867852485 ], [ -15.023834238927373, 64.24611642508539 ], [ -15.023870756602941, 64.246128925566339 ], [ -15.017911681829709, 64.25360186003185 ], [ -15.017570112640152, 64.253431977269926 ], [ -15.017076956249095, 64.253345891334618 ], [ -15.016356923903032, 64.253389048494995 ], [ -15.015799996663716, 64.25360268138482 ], [ -15.015212016541998, 64.253673635719295 ], [ -15.014456849475872, 64.253602820915958 ], [ -15.013835856529539, 64.253660311786106 ], [ -15.01321286464529, 64.253859588066604 ], [ -15.012558993957155, 64.254243716965433 ], [ -15.011706918041789, 64.254357751771167 ], [ -15.010396759787975, 64.254372212439492 ], [ -15.009905743538615, 64.254486210928434 ], [ -15.009086734543462, 64.254828166257212 ], [ -15.008399798377109, 64.255284067746572 ], [ -15.008234847083925, 64.25565469292431 ], [ -15.008629159164546, 64.256338465086685 ], [ -15.009283489004007, 64.257007865376977 ], [ -15.009644718913281, 64.257378455104146 ], [ -15.010168909231735, 64.257548918743424 ], [ -15.011021162413694, 64.257649364767317 ], [ -15.012167146325901, 64.25767192782007 ], [ -15.003915084919861, 64.260911154367804 ], [ -14.997188447626803, 64.262033825739778 ], [ -14.991520537258163, 64.261520739448613 ], [ -14.986570700989484, 64.25983820934205 ], [ -14.986137025329411, 64.259329084518086 ], [ -14.985637170184562, 64.258742234470375 ] ] ] ] } },
{ "type": "Feature", "properties": { "fid": 109, "rock_type_unit": "Gabbro", "name_unit": "Stokksnes Pluton", "volcanic_system": null, "formation_geology_type": "Intrusion", "feature_type": "Pluton", "geological_age": null, "geological_group": null, "geological_formation": null, "notes": null, "citation": "250.000 Geological map, sheet 9", "date_reference": null, "date_input": "2025-12-09", "username": "Robert Alexander Askew - NATT", "unit_code": null, "scale_precision": "20", "rock_type": "Gabbro" }, "geometry": { "type": "MultiPolygon", "coordinates": [ [ [ [ -14.970459712436345, 64.247805348508763 ], [ -14.970495616277327, 64.247663813143888 ], [ -14.970429685597557, 64.247397327878502 ], [ -14.97004945396098, 64.246907516392895 ], [ -14.969999971018726, 64.246734658338852 ], [ -14.970099771284133, 64.246302559311985 ], [ -14.96986825977555, 64.246072051385781 ], [ -14.969553960611311, 64.245870330405012 ], [ -14.969471413500179, 64.245668658335987 ], [ -14.969388705973355, 64.245611025947795 ], [ -14.968875646564063, 64.245517289525168 ], [ -14.968495233965474, 64.245236334128322 ], [ -14.968313239033586, 64.245157071730603 ], [ -14.967998832419795, 64.245063377116423 ], [ -14.967585082653727, 64.244991265958447 ], [ -14.967254025300427, 64.244983991502963 ], [ -14.967055343787008, 64.24501275494157 ], [ -14.965863177528709, 64.245278952434148 ], [ -14.965465838828028, 64.245322071646711 ], [ -14.964869991732147, 64.245264314831218 ], [ -14.964472795261266, 64.245192199380469 ], [ -14.96387712134368, 64.245004802665363 ], [ -14.963214929096894, 64.245047849637146 ], [ -14.962619221477285, 64.244889253241695 ], [ -14.961824727138914, 64.244845837158508 ], [ -14.961229031573982, 64.244687237358107 ], [ -14.960169806529514, 64.244564519376937 ], [ -14.959987877993052, 64.244456438499867 ], [ -14.960070978252162, 64.244225994400097 ], [ -14.960037952717506, 64.244168374775541 ], [ -14.959773306933565, 64.244031461649001 ], [ -14.959177513550369, 64.243959279614188 ], [ -14.958118065140692, 64.244009394429156 ], [ -14.957539192467239, 64.243699545518027 ], [ -14.957456906078974, 64.243389832248937 ], [ -14.957291653122056, 64.243216935816591 ], [ -14.957242221093557, 64.243072883969788 ], [ -14.957292271079552, 64.242813626694613 ], [ -14.957424906336316, 64.24266962688435 ], [ -14.95773970749983, 64.242468063076117 ], [ -14.957888976309658, 64.242266450129947 ], [ -14.958071188512736, 64.242172875700433 ], [ -14.959809551146689, 64.241870882917993 ], [ -14.960024844735303, 64.24178451856649 ], [ -14.960025100467366, 64.241604466477156 ], [ -14.959528991846781, 64.241316253561564 ], [ -14.959512636602232, 64.241179410370464 ], [ -14.959777666003864, 64.241035441981879 ], [ -14.960241132527123, 64.24099956098361 ], [ -14.9603901701018, 64.240949187524961 ], [ -14.96047312792985, 64.240805169262217 ], [ -14.96029149367652, 64.240509839521238 ], [ -14.960341273907867, 64.240423431532264 ], [ -14.960556500242088, 64.240373073950565 ], [ -14.960904055746864, 64.240380371272096 ], [ -14.961102706600913, 64.240344411587017 ], [ -14.961301523627869, 64.240193224614941 ], [ -14.96118583785821, 64.240077963972965 ], [ -14.961020352248855, 64.240063515351437 ], [ -14.960772053749771, 64.24009225714488 ], [ -14.960573516633207, 64.240041789948265 ], [ -14.960573779290513, 64.239861738179755 ], [ -14.960756021814685, 64.239724950627988 ], [ -14.960871927304636, 64.239688972470773 ], [ -14.961500870686367, 64.239660329873573 ], [ -14.962560237932804, 64.239545372678265 ], [ -14.963354858216141, 64.239379931783816 ], [ -14.964414091175291, 64.239351384765996 ], [ -14.964943902347963, 64.239185867931852 ], [ -14.965274937730625, 64.239157137811176 ], [ -14.966549183085688, 64.23922945664529 ], [ -14.966664949656229, 64.239301503670234 ], [ -14.966697837798829, 64.239474357941958 ], [ -14.966598087061495, 64.23984883641991 ], [ -14.966730437465873, 64.239892079870501 ], [ -14.967061474214477, 64.239863345530495 ], [ -14.967723745897617, 64.239640231417738 ], [ -14.968319693382655, 64.239517931747429 ], [ -14.968567925503468, 64.239532384248562 ], [ -14.96908085836718, 64.23964052343878 ], [ -14.969345651042623, 64.239647781493602 ], [ -14.969494673351731, 64.239582994532171 ], [ -14.969627305332905, 64.239374163597986 ], [ -14.969941834107805, 64.239302211326077 ], [ -14.970603835745329, 64.239295145849738 ], [ -14.971133513959321, 64.23921603014098 ], [ -14.971547217613541, 64.239259320965601 ], [ -14.971993973313404, 64.239345832497762 ], [ -14.972192581623087, 64.239338670428054 ], [ -14.972391322230509, 64.239194665650217 ], [ -14.972308775987846, 64.239000197545693 ], [ -14.971531099287301, 64.238834399727608 ], [ -14.971200133016044, 64.23881273268259 ], [ -14.970869221046634, 64.238733444211249 ], [ -14.970521844292985, 64.238582133533697 ], [ -14.970555089564277, 64.238445301691044 ], [ -14.971068175935454, 64.238394990198543 ], [ -14.971531445179117, 64.238510313055798 ], [ -14.971779645890546, 64.238539168380441 ], [ -14.972590528131114, 64.238582536283289 ], [ -14.973252443312207, 64.23865467849491 ], [ -14.97358342904338, 64.238654739486776 ], [ -14.97457658471399, 64.2384604602954 ], [ -14.974709022446422, 64.238410068254908 ], [ -14.974891140383455, 64.238330879080266 ], [ -14.975454189609568, 64.237906057131156 ], [ -14.976099649720464, 64.237855749033969 ], [ -14.9765298919153, 64.237891829309177 ], [ -14.976744868398377, 64.238086319978834 ], [ -14.976959949915328, 64.238151169844457 ], [ -14.977191642226853, 64.238158409495355 ], [ -14.978383266460417, 64.238050562888901 ], [ -14.979111436893659, 64.238050664407083 ], [ -14.9796409744309, 64.238093951363851 ], [ -14.981097271102691, 64.238137361082366 ], [ -14.982189479294478, 64.238209518205807 ], [ -14.982487328243831, 64.238259967275908 ], [ -14.982685874155031, 64.238332010328151 ], [ -14.98281820284636, 64.238447254498467 ], [ -14.982818078767135, 64.238641710295724 ], [ -14.982669065792582, 64.238756922633414 ], [ -14.982304900752276, 64.238864910983054 ], [ -14.981891144764534, 64.238886466390142 ], [ -14.981493972629796, 64.238857609581814 ], [ -14.981013952835147, 64.238972776964118 ], [ -14.981030435910574, 64.23907361000542 ], [ -14.981113170587662, 64.239095225746411 ], [ -14.98197478015253, 64.239142092486574 ], [ -14.982817736823039, 64.239203463016239 ], [ -14.983347243902442, 64.239354766426572 ], [ -14.983479557140312, 64.239484418175266 ], [ -14.983512417605739, 64.239894934384196 ], [ -14.983727510524337, 64.239988584435324 ], [ -14.984041954576282, 64.240017427222355 ], [ -14.984704033855239, 64.239895065730764 ], [ -14.985233655098478, 64.239873512269256 ], [ -14.986044555705607, 64.239996024556064 ], [ -14.987186510769419, 64.240032140894726 ], [ -14.988245807433559, 64.239866582530368 ], [ -14.988527204949676, 64.239751373830941 ], [ -14.988593431612694, 64.239686561724497 ], [ -14.988576921670683, 64.239607340374889 ], [ -14.98851073274917, 64.239556920423695 ], [ -14.988080462939351, 64.239492065433893 ], [ -14.98708757193782, 64.239247115900127 ], [ -14.98616087157216, 64.239074184305977 ], [ -14.985978850616604, 64.239009347814346 ], [ -14.985846516933176, 64.238886902432526 ], [ -14.985830026357856, 64.238771670645676 ], [ -14.985979063770802, 64.238598837118843 ], [ -14.985995666911583, 64.23848360524768 ], [ -14.985797138489293, 64.238368352649886 ], [ -14.985797208562376, 64.23822431515292 ], [ -14.985880024829015, 64.238080284721391 ], [ -14.985995896216208, 64.238029880213389 ], [ -14.98622757936479, 64.238044307244692 ], [ -14.986525408438368, 64.238159566062194 ], [ -14.98665779205295, 64.238173983304407 ], [ -14.986856393500892, 64.238159596957871 ], [ -14.986972258042643, 64.238116395900789 ], [ -14.987071607383987, 64.237993970659417 ], [ -14.986955912264172, 64.237677072555243 ], [ -14.987055280125183, 64.237533043953448 ], [ -14.987353217736855, 64.237396229199703 ], [ -14.988313096603152, 64.237281080432055 ], [ -14.988908863691927, 64.23725231981409 ], [ -14.989107439322243, 64.237266738142623 ], [ -14.989636921530549, 64.237490036270259 ], [ -14.990017428448908, 64.237785344417915 ], [ -14.990447645872115, 64.237958221317101 ], [ -14.991192361274278, 64.237951064288126 ], [ -14.99195357554812, 64.238109552969419 ], [ -14.992648630654202, 64.238123993821304 ], [ -14.992929955058573, 64.238181626737486 ], [ -14.993062323798753, 64.238289661780598 ], [ -14.993095382348557, 64.238440899499906 ], [ -14.992913287842626, 64.238642547619222 ], [ -14.992532627825714, 64.238736154057065 ], [ -14.991589264753303, 64.238851336980943 ], [ -14.991340980719439, 64.238980958889044 ], [ -14.991175431773069, 64.239132190238891 ], [ -14.991225070190477, 64.239182602530178 ], [ -14.991440189517638, 64.239254639775396 ], [ -14.992317287986369, 64.239420333426452 ], [ -14.992780697393794, 64.239391548715716 ], [ -14.993310326046526, 64.239297946126243 ], [ -14.993839982051703, 64.238995485916419 ], [ -14.994502013129125, 64.238801062394487 ], [ -14.996024586215075, 64.238729091486661 ], [ -14.99660384206655, 64.238613872139993 ], [ -14.996802453907158, 64.238469841006733 ], [ -14.996984530200645, 64.238109744202831 ], [ -14.997116941527425, 64.237994514145711 ], [ -14.997580327621868, 64.237814472257909 ], [ -14.998060272754682, 64.237562410304747 ], [ -14.998440911670279, 64.2372167199605 ], [ -14.998656051523128, 64.237115894539016 ], [ -14.99890428287093, 64.23708709259229 ], [ -14.999533127211095, 64.237166312854569 ], [ -14.999797910535515, 64.237144709940409 ], [ -15.000327458124778, 64.237015076100619 ], [ -15.000757721550217, 64.237015070193877 ], [ -15.001088691315303, 64.237051078496265 ], [ -15.001949230571915, 64.237238321615649 ], [ -15.002280203533624, 64.237281529142052 ], [ -15.002776685709899, 64.23745436674254 ], [ -15.003240064293681, 64.237540782701899 ], [ -15.003190431793364, 64.237648813744855 ], [ -15.002660876528612, 64.237764056153765 ], [ -15.002511944498588, 64.237850483078375 ], [ -15.002445752364613, 64.237936905041423 ], [ -15.002495422624143, 64.238188975794046 ], [ -15.002760217599441, 64.238260990825367 ], [ -15.003703536311228, 64.238296977095601 ], [ -15.004431728925123, 64.238440998067816 ], [ -15.004779282519602, 64.238549013417298 ], [ -15.004878595122946, 64.238642640200155 ], [ -15.004895174484533, 64.23878667786461 ], [ -15.004961380700054, 64.238844291994639 ], [ -15.005176539568962, 64.238909102517169 ], [ -15.005855087874204, 64.238930682427267 ], [ -15.006053683917745, 64.238973887640157 ], [ -15.006318501387662, 64.23906749986152 ], [ -15.00664954768286, 64.239261937034996 ], [ -15.007410888102189, 64.23944915478144 ], [ -15.008205311029085, 64.239528333849407 ], [ -15.009330739754963, 64.239593082090522 ], [ -15.010522394513014, 64.239722637444729 ], [ -15.011962291978071, 64.239794548561761 ], [ -15.013402141492801, 64.239751209064153 ], [ -15.014064117493694, 64.239693533964527 ], [ -15.014560543843215, 64.239535040073662 ], [ -15.015238880939906, 64.239146065147906 ], [ -15.015420894219567, 64.239088430990336 ], [ -15.015685671242865, 64.239045190858249 ], [ -15.016413830704463, 64.239001895467808 ], [ -15.016810975340265, 64.238915432069845 ], [ -15.017108865342459, 64.238915393993508 ], [ -15.017307486926196, 64.238951379878941 ], [ -15.018102005966293, 64.239160140451062 ], [ -15.0184991992158, 64.239152889617998 ], [ -15.018896353346689, 64.239095223690953 ], [ -15.019491988741724, 64.23886468218744 ], [ -15.020683333900887, 64.238562032806911 ], [ -15.020981428224271, 64.238455407667956 ], [ -15.023055959378732, 64.240153114560215 ], [ -15.024295259698526, 64.242446226230157 ], [ -15.024685383939719, 64.243527037490793 ], [ -15.024286665041107, 64.243687649933008 ], [ -15.023234390624005, 64.244111519057 ], [ -15.021021805391486, 64.244769836924561 ], [ -15.020853496454531, 64.244748505566918 ], [ -15.020125144097383, 64.244748608561807 ], [ -15.019463098767471, 64.244856727631714 ], [ -15.019082453189801, 64.244972009514314 ], [ -15.018337809331721, 64.245353808447319 ], [ -15.017907514698745, 64.245512305464231 ], [ -15.017444082039765, 64.245620390006366 ], [ -15.016881279279961, 64.245656465062552 ], [ -15.016285343742428, 64.245642128763649 ], [ -15.015093419529189, 64.24554143082257 ], [ -15.013769010517612, 64.245318298371998 ], [ -15.01317301245825, 64.245167113665332 ], [ -15.012312049250871, 64.244742271480561 ], [ -15.012047171397784, 64.244691879647959 ], [ -15.01045808026676, 64.244720810786205 ], [ -15.009994612064553, 64.244764056075368 ], [ -15.009266317682128, 64.244908140074116 ], [ -15.008339370297531, 64.245001823515992 ], [ -15.007478571315731, 64.244951457911441 ], [ -15.006816408650751, 64.244793043575712 ], [ -15.006088075506872, 64.244836290736103 ], [ -15.005972193017444, 64.24478587893276 ], [ -15.005988710429268, 64.2446490433273 ], [ -15.006319657064253, 64.244130486805375 ], [ -15.006418914536207, 64.243842405160407 ], [ -15.006369224951614, 64.243755981018751 ], [ -15.006203693359286, 64.243683970618278 ], [ -15.005723654079077, 64.243633573857792 ], [ -15.005061566399046, 64.243669607436445 ], [ -15.003406347181395, 64.243957736982551 ], [ -15.002611815694037, 64.24395775115029 ], [ -15.001552434973663, 64.243864140505082 ], [ -15.00115517305618, 64.243907355008091 ], [ -15.000294434162736, 64.244087413041711 ], [ -14.99925160417801, 64.244159427412882 ], [ -14.999102630984192, 64.244188237352375 ], [ -14.998473602139038, 64.2445339278256 ], [ -14.99805977079796, 64.244706768965912 ], [ -14.997480402279937, 64.244843595862861 ], [ -14.996884469889821, 64.244915605750506 ], [ -14.99652028552447, 64.245066837450054 ], [ -14.996023664214942, 64.245146045517629 ], [ -14.995626385278246, 64.245174845751222 ], [ -14.995361534388291, 64.245138820657317 ], [ -14.995129804938465, 64.245037991306205 ], [ -14.994898090616115, 64.244843528725298 ], [ -14.99460013264957, 64.244829112495694 ], [ -14.994004199187856, 64.244922716835291 ], [ -14.993540682228851, 64.245030727418339 ], [ -14.993126802077883, 64.245225160345655 ], [ -14.991951427341261, 64.245491573220221 ], [ -14.991554126502278, 64.245534763769896 ], [ -14.990627130870985, 64.245505897870814 ], [ -14.990246368481072, 64.245606705048317 ], [ -14.989700012078837, 64.245815519579267 ], [ -14.98950136210293, 64.245829909969032 ], [ -14.989302733333906, 64.245801088280857 ], [ -14.989037890889549, 64.245736252760679 ], [ -14.988872410254849, 64.245621006070181 ], [ -14.989104383243204, 64.245023258989235 ], [ -14.989766648120955, 64.244684814921882 ], [ -14.990130952178996, 64.244303138974985 ], [ -14.990693830708391, 64.244072711635866 ], [ -14.991008397552283, 64.243863873511984 ], [ -14.991058105061208, 64.243727038803655 ], [ -14.990727118991048, 64.243525366376844 ], [ -14.990694053210774, 64.243410131028767 ], [ -14.990793406318051, 64.243294905270673 ], [ -14.990992060289154, 64.243201291175509 ], [ -14.991505220865744, 64.243078887625359 ], [ -14.991554902418851, 64.242992468785715 ], [ -14.991405994885156, 64.242790802514193 ], [ -14.991223944217566, 64.242740381475997 ], [ -14.990694273808474, 64.242761947614611 ], [ -14.989899829736531, 64.242617861732512 ], [ -14.989568793956321, 64.242596229364167 ], [ -14.989320504100425, 64.242639424129138 ], [ -14.988923201576679, 64.242769031208198 ], [ -14.988641804260963, 64.242805021058857 ], [ -14.988443197379738, 64.242761791737692 ], [ -14.988310817304614, 64.242682558206909 ], [ -14.988277816478398, 64.242444888587954 ], [ -14.988145459413225, 64.242300841439231 ], [ -14.987715179694963, 64.242163970087248 ], [ -14.987599317717516, 64.242156757728537 ], [ -14.987499992960787, 64.242185559706698 ], [ -14.987350985381559, 64.24228637056423 ], [ -14.987268134519036, 64.242488020002256 ], [ -14.987301199788547, 64.242574445917626 ], [ -14.987830726551138, 64.242876974676136 ], [ -14.988161646850024, 64.243157877776113 ], [ -14.988575435906645, 64.243201124705024 ], [ -14.989038957339023, 64.243042715951034 ], [ -14.989171379550498, 64.243035522792255 ], [ -14.989585136390358, 64.243157986348876 ], [ -14.989700970216456, 64.243237216833506 ], [ -14.989568521987099, 64.24333082762972 ], [ -14.989088444956225, 64.243482038614999 ], [ -14.988608267570786, 64.243856502656314 ], [ -14.988028845716155, 64.244029303857275 ], [ -14.987730826527294, 64.244202125498759 ], [ -14.987581789015135, 64.244346155432439 ], [ -14.987846529596879, 64.244576641297243 ], [ -14.9878464561942, 64.244749486794561 ], [ -14.987631183965114, 64.244922316139593 ], [ -14.987316598339929, 64.245080732933758 ], [ -14.98693585023794, 64.245138314899663 ], [ -14.986422729060454, 64.245051844531275 ], [ -14.985959308498865, 64.24490776132734 ], [ -14.98584346193763, 64.244857338056192 ], [ -14.985727660216938, 64.244727686011359 ], [ -14.986174764873455, 64.244389239032103 ], [ -14.986307308669593, 64.244144385074421 ], [ -14.986919883378665, 64.243877969031146 ], [ -14.986953063263485, 64.243726731782175 ], [ -14.986837235116527, 64.243640297015702 ], [ -14.986671735155964, 64.243597069842934 ], [ -14.98657241983539, 64.24358985889792 ], [ -14.986092359849009, 64.243683437429993 ], [ -14.985827518400399, 64.243669009955767 ], [ -14.985695119345495, 64.243632988269923 ], [ -14.985331052736639, 64.243460104478928 ], [ -14.985149083260827, 64.243265631388056 ], [ -14.984738135732666, 64.243070877818354 ], [ -14.983477424014179, 64.243049394489873 ], [ -14.983345063201106, 64.242962952199619 ], [ -14.984073739388453, 64.242300455047712 ], [ -14.984073836826081, 64.242127607299039 ], [ -14.983842248962082, 64.241897119583243 ], [ -14.983925073973701, 64.241781895980495 ], [ -14.984107200394286, 64.241673887174414 ], [ -14.984057588102326, 64.241609064121093 ], [ -14.983892105923363, 64.241551429617502 ], [ -14.983676938738663, 64.241551407751786 ], [ -14.983163783482908, 64.241666579548578 ], [ -14.982948617084585, 64.241652152431499 ], [ -14.982617642701015, 64.241572888557414 ], [ -14.981972372032356, 64.241234318667225 ], [ -14.981724148228604, 64.241162270672348 ], [ -14.981624834159796, 64.241176662459196 ], [ -14.981459217686439, 64.241335082559402 ], [ -14.981359754477978, 64.241565533688075 ], [ -14.981326360396199, 64.241997644917205 ], [ -14.980995148719387, 64.242256872893051 ], [ -14.981011663199087, 64.242314491737787 ], [ -14.981259840209692, 64.242458562950475 ], [ -14.981193496035035, 64.242660211776723 ], [ -14.98092850515201, 64.242890638541056 ], [ -14.980448396574458, 64.243027416941914 ], [ -14.980365478454488, 64.243250663842772 ], [ -14.980613612923262, 64.243473958258377 ], [ -14.980894940567008, 64.243560419983851 ], [ -14.981159780670117, 64.243560454565511 ], [ -14.981755712824203, 64.24349571326934 ], [ -14.982417879100787, 64.243387763895825 ], [ -14.982715797219909, 64.243423806346257 ], [ -14.98298056604766, 64.24352466752201 ], [ -14.983046736460553, 64.243596693544461 ], [ -14.982980440923599, 64.243740727380427 ], [ -14.982616084399375, 64.24405757204417 ], [ -14.982582852625949, 64.244259222339707 ], [ -14.98231779846946, 64.244576075417172 ], [ -14.982367349673934, 64.244748929094101 ], [ -14.982516209385443, 64.244936196048272 ], [ -14.982516141071082, 64.245051430297806 ], [ -14.982383680731948, 64.245101827048359 ], [ -14.982151917701424, 64.245130608262798 ], [ -14.981688435366998, 64.245108942900004 ], [ -14.980563033595729, 64.244770304773368 ], [ -14.97990100535973, 64.244647784674015 ], [ -14.979603207322048, 64.244424479907053 ], [ -14.979619807281832, 64.244359665028654 ], [ -14.979934465119161, 64.244158053111761 ], [ -14.979967637532946, 64.244071635370361 ], [ -14.979884935200129, 64.243985201052084 ], [ -14.979438151409022, 64.243797885836528 ], [ -14.978643788372329, 64.24358171381111 ], [ -14.978180349283713, 64.243545635669832 ], [ -14.976525001311384, 64.243660608892256 ], [ -14.975663993837639, 64.243977356619411 ], [ -14.975266708743176, 64.243998894364552 ], [ -14.974538450735448, 64.243933953661028 ], [ -14.974273587167165, 64.243955512980889 ], [ -14.974091410188413, 64.244056307392782 ], [ -14.97409127353281, 64.244200344811716 ], [ -14.974339416412988, 64.244366036278862 ], [ -14.974587655849433, 64.244423692735396 ], [ -14.97536558792169, 64.244495848297092 ], [ -14.975944832038826, 64.244618374237902 ], [ -14.976226138029716, 64.2447264532764 ], [ -14.976490838849324, 64.244913750619659 ], [ -14.97672249330985, 64.245014611836723 ], [ -14.977530021486229, 64.245304636666319 ], [ -14.978294614101845, 64.245576609416588 ], [ -14.978625571207344, 64.245735102978102 ], [ -14.979303857492026, 64.246304151229012 ], [ -14.979601703013868, 64.246469840369272 ], [ -14.98037959711219, 64.246686006408623 ], [ -14.980528513641218, 64.246786851522742 ], [ -14.980495123056711, 64.247182955043357 ], [ -14.979849332024894, 64.247413330482118 ], [ -14.979617478863114, 64.247528531427605 ], [ -14.979634011003553, 64.247557342387466 ], [ -14.978781527359912, 64.248167016590671 ], [ -14.978571802813601, 64.248470646575228 ], [ -14.97807657992022, 64.24917035677862 ], [ -14.977828099921918, 64.249343165234592 ], [ -14.977496850942895, 64.249501559877729 ], [ -14.976868957576873, 64.250000002455238 ], [ -14.976564669453021, 64.250495856431513 ], [ -14.976439127372551, 64.250616980381707 ], [ -14.973462157643612, 64.24853564742611 ], [ -14.970459712436345, 64.247805348508763 ] ] ] ] } },
{ "type": "Feature", "properties": { "fid": 110, "rock_type_unit": null, "name_unit": null, "volcanic_system": null, "formation_geology_type": null, "feature_type": null, "geological_age": null, "geological_group": null, "geological_formation": null, "notes": null, "citation": "250.000 Geological map, sheet 9", "date_reference": null, "date_input": "2025-12-09", "username": "Robert Alexander Askew - NATT", "unit_code": null, "scale_precision": "20", "rock_type": "Basalt" }, "geometry": { "type": "MultiPolygon", "coordinates": [ [ [ [ -15.020981428224271, 64.238455407667956 ], [ -15.021146592943674, 64.238396324496307 ], [ -15.021543722946149, 64.23832424516651 ], [ -15.022470442270446, 64.238266490109112 ], [ -15.022999883037443, 64.238100761626953 ], [ -15.023198310600659, 64.23791348236098 ], [ -15.023148599228772, 64.237834266378655 ], [ -15.022933410794591, 64.237776684421945 ], [ -15.022569323980898, 64.237762335564994 ], [ -15.022486494066566, 64.237654319750263 ], [ -15.022684937061623, 64.237474241128211 ], [ -15.023081892074657, 64.237222110143918 ], [ -15.023197724006668, 64.237207688243899 ], [ -15.024184407570882, 64.23730843318539 ], [ -15.024323320633659, 64.237531593967773 ], [ -15.024091910013016, 64.237848518873065 ], [ -15.024257560182688, 64.23803574073159 ], [ -15.02460525963664, 64.238222935121584 ], [ -15.024903225888767, 64.238316511423321 ], [ -15.025515654186124, 64.238424431661613 ], [ -15.026133215188269, 64.23846820051925 ], [ -15.026203943718329, 64.239169252801034 ], [ -15.027279958649945, 64.242149837626812 ], [ -15.027374493974754, 64.242411667417031 ], [ -15.027197899860587, 64.243632758988412 ], [ -15.027186088023395, 64.24371443017715 ], [ -15.024286665041107, 64.243687649933008 ], [ -15.024685383939719, 64.243527037490793 ], [ -15.024295259698526, 64.242446226230157 ], [ -15.023055959378732, 64.240153114560215 ], [ -15.020981428224271, 64.238455407667956 ] ] ] ] } },
{ "type": "Feature", "properties": { "fid": 111, "rock_type_unit": null, "name_unit": null, "volcanic_system": null, "formation_geology_type": null, "feature_type": null, "geological_age": null, "geological_group": null, "geological_formation": null, "notes": null, "citation": "250.000 Geological map, sheet 9", "date_reference": null, "date_input": "2025-12-09", "username": "Robert Alexander Askew - NATT", "unit_code": null, "scale_precision": "20", "rock_type": "Granite" }, "geometry": { "type": "MultiPolygon", "coordinates": [ [ [ [ -14.96698916452509, 64.255474270944617 ], [ -14.967193151484125, 64.255252812503414 ], [ -14.967618791550992, 64.254739610675841 ], [ -14.967751315579291, 64.254341207576999 ], [ -14.967784950535579, 64.253799204404075 ], [ -14.967391258942003, 64.253471576227724 ], [ -14.967457468495208, 64.253315449852252 ], [ -14.967981843542232, 64.253030197586057 ], [ -14.968117103001141, 64.252965874315521 ], [ -14.968938240963947, 64.25328533254708 ], [ -14.970160588516279, 64.254270546208758 ], [ -14.969135104101358, 64.255668983680806 ], [ -14.96698916452509, 64.255474270944617 ] ] ] ] } },
{ "type": "Feature", "properties": { "fid": 112, "rock_type_unit": "Gabbro", "name_unit": "Stokksnes Pluton", "volcanic_system": null, "formation_geology_type": "Intrusion", "feature_type": "Pluton", "geological_age": null, "geological_group": null, "geological_formation": null, "notes": null, "citation": "250.000 Geological map, sheet 9", "date_reference": null, "date_input": "2026-07-22", "username": "Robert Alexander Askew - NATT", "unit_code": null, "scale_precision": "20", "rock_type": "Gabbro" }, "geometry": { "type": "MultiPolygon", "coordinates": [ [ [ [ -14.962192717819786, 64.280566076082295 ], [ -14.960644798950218, 64.281032196503816 ], [ -14.959970984443231, 64.281131403401318 ], [ -14.959669449905746, 64.281072472261187 ], [ -14.959400048965525, 64.280795399807033 ], [ -14.959484084884735, 64.28022487798836 ], [ -14.959844453270877, 64.279787333128596 ], [ -14.960755718634537, 64.277315552852201 ], [ -14.963388876816044, 64.274297078010434 ], [ -14.964357093529003, 64.273721926693341 ], [ -14.964934626938891, 64.273485240940246 ], [ -14.965396327008115, 64.273245335777787 ], [ -14.965742196608559, 64.273002212309152 ], [ -14.965908961591007, 64.272922600650844 ], [ -14.965934369368719, 64.273277128373124 ], [ -14.96591290339587, 64.27395047904011 ], [ -14.965799413486023, 64.274722366127023 ], [ -14.965614876865665, 64.275904749495737 ], [ -14.963843580517223, 64.277747335810815 ], [ -14.962680977809704, 64.279732465413815 ], [ -14.962192717819786, 64.280566076082295 ] ] ] ] } },
{ "type": "Feature", "properties": { "fid": 113, "rock_type_unit": "Granite", "name_unit": "Vestrahorn Pluton", "volcanic_system": null, "formation_geology_type": "Intrusion", "feature_type": "Pluton", "geological_age": "Neogene", "geological_group": null, "geological_formation": null, "notes": null, "citation": "250.000 Geological map, sheet 9", "date_reference": null, "date_input": "2026-07-22", "username": "Robert Alexander Askew - NATT", "unit_code": null, "scale_precision": "20", "rock_type": "Granite" }, "geometry": { "type": "MultiPolygon", "coordinates": [ [ [ [ -14.984390854349627, 64.280348928304221 ], [ -14.981545639490761, 64.280499760803679 ], [ -14.979028056665401, 64.280480653613822 ], [ -14.976408627860534, 64.280627167373183 ], [ -14.974759564206176, 64.280766824188362 ], [ -14.973088313688326, 64.281057484885153 ], [ -14.971679971054829, 64.281405962467275 ], [ -14.970505777396147, 64.281744072572621 ], [ -14.969666810551525, 64.282175716048201 ], [ -14.968433367237846, 64.282916534954495 ], [ -14.967540908221087, 64.283447775877221 ], [ -14.966530937368933, 64.283723020366978 ], [ -14.965183213984471, 64.283921485603912 ], [ -14.963925063318836, 64.284038183277573 ], [ -14.962223188103417, 64.284007751120356 ], [ -14.959921579634486, 64.283573103444567 ], [ -14.958515754236849, 64.283112788983004 ], [ -14.958028867583666, 64.282206258558375 ], [ -14.95782376385859, 64.281492902338641 ], [ -14.957729579603278, 64.28081632923579 ], [ -14.957651762822353, 64.280291850758488 ], [ -14.957531223746443, 64.278771702029246 ], [ -14.957178144506667, 64.27745385763788 ], [ -14.957562041231855, 64.274848500786362 ], [ -14.957023780972351, 64.272930948828801 ], [ -14.955261647582205, 64.2718369145108 ], [ -14.956108435982294, 64.271716361673725 ], [ -14.959279865326607, 64.270615517277477 ], [ -14.960032608651888, 64.270181413859589 ], [ -14.962237270975669, 64.269686715208479 ], [ -14.962600404780307, 64.26932613868 ], [ -14.962599730455018, 64.268803809579623 ], [ -14.962266462808298, 64.268171141399876 ], [ -14.961998968233706, 64.267354964924408 ], [ -14.961986864205931, 64.266646981756537 ], [ -14.961885221805636, 64.266020752392066 ], [ -14.961629197569485, 64.265390229518403 ], [ -14.96086897167805, 64.264762530488312 ], [ -14.959984663966733, 64.264451500689731 ], [ -14.957369506437091, 64.263789008040064 ], [ -14.95153522602717, 64.262304682578133 ], [ -14.951883499618638, 64.262242680314557 ], [ -14.952998340425653, 64.262029470576323 ], [ -14.953884106253401, 64.261801817776544 ], [ -14.95509583635778, 64.261631697297645 ], [ -14.956373441853078, 64.261560292532991 ], [ -14.957029706983157, 64.261574845299876 ], [ -14.959093248144878, 64.261746836109111 ], [ -14.960665809968319, 64.261789441650109 ], [ -14.961064164438296, 64.261777499315841 ], [ -14.974205463511041, 64.26211184757004 ], [ -14.978122735507437, 64.261506957335754 ], [ -14.983632801345651, 64.260283543039961 ], [ -14.986137025329411, 64.259329084518086 ], [ -14.986570700989484, 64.25983820934205 ], [ -14.991520537258163, 64.261520739448613 ], [ -14.997188447626803, 64.262033825739778 ], [ -15.003915084919861, 64.260911154367804 ], [ -15.012167146325901, 64.25767192782007 ], [ -15.012428488669176, 64.257677070115392 ], [ -15.012952678715243, 64.257805347080406 ], [ -15.01328093640719, 64.258132858439183 ], [ -15.013510247752061, 64.258646132296136 ], [ -15.013673452361726, 64.259030192803507 ], [ -15.014034934731713, 64.259728312995932 ], [ -15.014429429627032, 64.260369890864212 ], [ -15.015084114880468, 64.261267197981894 ], [ -15.016395074446825, 64.262050462505556 ], [ -15.017377664393495, 64.262377884813887 ], [ -15.017639899590581, 64.262577072766845 ], [ -15.017805176523359, 64.262833698746007 ], [ -15.018459662545553, 64.263189872032157 ], [ -15.019116076931219, 64.263318115573014 ], [ -15.019999570033439, 64.263502850570163 ], [ -15.020360928327804, 64.263730733851659 ], [ -15.020361161698643, 64.264043917344651 ], [ -15.020491393213039, 64.264314905277516 ], [ -15.021040157880766, 64.264781676281373 ], [ -15.017749239509875, 64.265452868598729 ], [ -15.015130565423982, 64.266042659638998 ], [ -15.013795851307362, 64.266427224690233 ], [ -15.012205114453067, 64.266973227202143 ], [ -15.010071454085651, 64.267521146823697 ], [ -15.007959676741025, 64.267918007462853 ], [ -15.006808480514163, 64.268105382410013 ], [ -15.006060387281742, 64.268185898981883 ], [ -15.005008356419845, 64.268224355419704 ], [ -15.004074572787344, 64.268249209869296 ], [ -15.003263925660489, 64.268226903054028 ], [ -15.002067258497853, 64.268193965686905 ], [ -14.999403719307592, 64.26812061813159 ], [ -14.996920964721175, 64.268136445359175 ], [ -14.995188204831241, 64.268324547517182 ], [ -14.993634327059082, 64.26834908255897 ], [ -14.989087845577483, 64.268695341133565 ], [ -14.988686464876087, 64.269054917548829 ], [ -14.98866438994296, 64.269205942344684 ], [ -14.988717068475774, 64.26937588008893 ], [ -14.989008088398574, 64.269771427869671 ], [ -14.98939776295072, 64.270287636993686 ], [ -14.990433311268877, 64.27115864120421 ], [ -14.991266700054387, 64.271821878147861 ], [ -14.992891541979088, 64.272735793403413 ], [ -14.994249789628418, 64.274675755250826 ], [ -14.994449001872846, 64.277059378472899 ], [ -14.989707849857171, 64.279544527774902 ], [ -14.984390854349627, 64.280348928304221 ] ], [ [ -14.962192717819786, 64.280566076082295 ], [ -14.962680977809704, 64.279732465413815 ], [ -14.963843580517223, 64.277747335810815 ], [ -14.965614876865665, 64.275904749495737 ], [ -14.965799413486023, 64.274722366127023 ], [ -14.96591290339587, 64.27395047904011 ], [ -14.965934369368719, 64.273277128373124 ], [ -14.965908961591007, 64.272922600650844 ], [ -14.965742196608559, 64.273002212309152 ], [ -14.965396327008115, 64.273245335777787 ], [ -14.964934626938891, 64.273485240940246 ], [ -14.964357093529003, 64.273721926693341 ], [ -14.963388876816044, 64.274297078010434 ], [ -14.960755718634537, 64.277315552852201 ], [ -14.959844453270877, 64.279787333128596 ], [ -14.959484084884735, 64.28022487798836 ], [ -14.959400048965525, 64.280795399807033 ], [ -14.959669449905746, 64.281072472261187 ], [ -14.959970984443231, 64.281131403401318 ], [ -14.960644798950218, 64.281032196503816 ], [ -14.962192717819786, 64.280566076082295 ] ] ] ] } },
{ "type": "Feature", "properties": { "fid": 114, "rock_type_unit": null, "name_unit": null, "volcanic_system": null, "formation_geology_type": null, "feature_type": null, "geological_age": null, "geological_group": null, "geological_formation": null, "notes": null, "citation": "250.000 Geological map, sheet 9", "date_reference": null, "date_input": "2026-07-22", "username": "Robert Alexander Askew - NATT", "unit_code": null, "scale_precision": "20", "rock_type": "Rhyolite" }, "geometry": { "type": "MultiPolygon", "coordinates": [ [ [ [ -15.17227209652215, 64.370436335337189 ], [ -15.171458779564054, 64.371151434320836 ], [ -15.169818070362117, 64.372298714005424 ], [ -15.169443461313691, 64.372960366066266 ], [ -15.169390134320393, 64.373844116005586 ], [ -15.170043339157932, 64.374715903694948 ], [ -15.170668949129423, 64.37528173858486 ], [ -15.17196708485992, 64.37607888382783 ], [ -15.172394840640868, 64.376547948247875 ], [ -15.17215750732278, 64.377209851719869 ], [ -15.170779657201718, 64.377173676701659 ], [ -15.167322953740928, 64.376369543159711 ], [ -15.16253198006755, 64.375292436547014 ], [ -15.158171941717296, 64.375058736968299 ], [ -15.153228855533621, 64.3737788399837 ], [ -15.149211912693126, 64.374346824133497 ], [ -15.145215498571927, 64.375430115934705 ], [ -15.142463382011213, 64.375476223338424 ], [ -15.141743051793043, 64.374743823623348 ], [ -15.142697340505396, 64.373817954870006 ], [ -15.146660239589453, 64.372971626027137 ], [ -15.152777638714513, 64.372419844393406 ], [ -15.161256598964771, 64.372643337156816 ], [ -15.163397591305644, 64.372450027944723 ], [ -15.164315145658959, 64.3723671714082 ], [ -15.165218748479827, 64.371796506743678 ], [ -15.164307482096856, 64.370464777142786 ], [ -15.162285753363054, 64.369222694259392 ], [ -15.160073892912363, 64.367381133252735 ], [ -15.16051365267691, 64.366203841043841 ], [ -15.161334008110771, 64.366225447332084 ], [ -15.162584939718034, 64.367090595378087 ], [ -15.164573299988131, 64.368569574092291 ], [ -15.166694708733697, 64.369100921167075 ], [ -15.171327365564832, 64.369341549241781 ], [ -15.172431247480091, 64.369742417938483 ], [ -15.17227209652215, 64.370436335337189 ] ] ] ] } },
{ "type": "Feature", "properties": { "fid": 116, "rock_type_unit": null, "name_unit": null, "volcanic_system": null, "formation_geology_type": null, "feature_type": null, "geological_age": null, "geological_group": null, "geological_formation": null, "notes": null, "citation": "250.000 Geological map, sheet 9", "date_reference": null, "date_input": "2026-07-22", "username": "Robert Alexander Askew - NATT", "unit_code": null, "scale_precision": "20", "rock_type": "Felsite" }, "geometry": { "type": "MultiPolygon", "coordinates": [ [ [ [ -15.192000174405848, 64.363830048483521 ], [ -15.190660321366373, 64.364344429529538 ], [ -15.188362997631287, 64.364650633316728 ], [ -15.186614531366072, 64.365062728451576 ], [ -15.185291482997821, 64.365455416218154 ], [ -15.18352170139679, 64.366019529148801 ], [ -15.183315326903642, 64.365983603574406 ], [ -15.182715134288324, 64.365235357824204 ], [ -15.182536187169685, 64.364498142113561 ], [ -15.18218060666311, 64.36351212289145 ], [ -15.181875990028873, 64.362161172526044 ], [ -15.182143717340056, 64.361252524388945 ], [ -15.182758140907385, 64.360383479791039 ], [ -15.184346695090674, 64.359600986586116 ], [ -15.18573966301623, 64.359210144633479 ], [ -15.188317312547888, 64.358911325962765 ], [ -15.190055079937025, 64.359078856369322 ], [ -15.193303182233857, 64.359529999631548 ], [ -15.197648172510688, 64.359687569402467 ], [ -15.200042940354184, 64.360225564563763 ], [ -15.200727502173761, 64.360853038990115 ], [ -15.200493347602022, 64.361105669406939 ], [ -15.20031317034393, 64.361300060031965 ], [ -15.199386324978757, 64.361886323881862 ], [ -15.197782823297121, 64.362271802389898 ], [ -15.195787692589983, 64.362433391329475 ], [ -15.193724830994999, 64.363081532312691 ], [ -15.192000174405848, 64.363830048483521 ] ] ] ] } },
{ "type": "Feature", "properties": { "fid": 117, "rock_type_unit": null, "name_unit": null, "volcanic_system": null, "formation_geology_type": null, "feature_type": null, "geological_age": null, "geological_group": null, "geological_formation": null, "notes": null, "citation": "250.000 Geological map, sheet 9", "date_reference": null, "date_input": "2026-07-22", "username": "Robert Alexander Askew - NATT", "unit_code": null, "scale_precision": "20", "rock_type": "Felsite" }, "geometry": { "type": "MultiPolygon", "coordinates": [ [ [ [ -15.187805322602495, 64.352361124604684 ], [ -15.188709348616801, 64.352557773077564 ], [ -15.189307016138629, 64.352817581268013 ], [ -15.189066850596818, 64.353024952339823 ], [ -15.187899863207448, 64.353818513630785 ], [ -15.186486650312254, 64.355116073347503 ], [ -15.184374992558171, 64.356487408129311 ], [ -15.182616905011178, 64.357861712211403 ], [ -15.181864124348577, 64.358208254725071 ], [ -15.181042835653665, 64.357026894446392 ], [ -15.181148955919994, 64.356266623716863 ], [ -15.181483743261301, 64.35557947278879 ], [ -15.182485595305636, 64.354297990437743 ], [ -15.183529748047217, 64.353337843907426 ], [ -15.182851170491618, 64.352648582846911 ], [ -15.185094337074577, 64.352218984889618 ], [ -15.186085207112587, 64.352183883431167 ], [ -15.187805322602495, 64.352361124604684 ] ] ] ] } },
{ "type": "Feature", "properties": { "fid": 118, "rock_type_unit": null, "name_unit": null, "volcanic_system": null, "formation_geology_type": null, "feature_type": null, "geological_age": null, "geological_group": null, "geological_formation": null, "notes": null, "citation": "250.000 Geological map, sheet 9", "date_reference": null, "date_input": "2026-07-22", "username": "Robert Alexander Askew - NATT", "unit_code": null, "scale_precision": "20", "rock_type": "Rhyolite" }, "geometry": { "type": "MultiPolygon", "coordinates": [ [ [ [ -15.178330000944406, 64.34721909234483 ], [ -15.179007620798842, 64.347723215703709 ], [ -15.17926215542129, 64.347912568815673 ], [ -15.177746893508465, 64.348942787579659 ], [ -15.175657089515875, 64.349456581802841 ], [ -15.173036272278118, 64.350185864711634 ], [ -15.172019934470566, 64.35040334084934 ], [ -15.170376322586467, 64.350651388562937 ], [ -15.169870351721528, 64.350163706916931 ], [ -15.170831945151816, 64.349355614654186 ], [ -15.17292717263029, 64.348102926365215 ], [ -15.175000708475588, 64.347215754714526 ], [ -15.176437845814529, 64.347009307916366 ], [ -15.177143663299846, 64.346997311298921 ], [ -15.178330000944406, 64.34721909234483 ] ] ] ] } },
{ "type": "Feature", "properties": { "fid": 119, "rock_type_unit": null, "name_unit": null, "volcanic_system": null, "formation_geology_type": null, "feature_type": null, "geological_age": null, "geological_group": null, "geological_formation": null, "notes": null, "citation": "250.000 Geological map, sheet 9", "date_reference": null, "date_input": "2026-07-22", "username": "Robert Alexander Askew - NATT", "unit_code": null, "scale_precision": "20", "rock_type": "Granite" }, "geometry": { "type": "MultiPolygon", "coordinates": [ [ [ [ -15.234579461135109, 64.340555868308044 ], [ -15.230419547330456, 64.340541910696416 ], [ -15.228022086732413, 64.340571397014585 ], [ -15.226706121251535, 64.340415223994967 ], [ -15.224322411219877, 64.339834589715153 ], [ -15.222045508962076, 64.339500851661356 ], [ -15.221133679888752, 64.339477193545363 ], [ -15.219929936769983, 64.339018659846388 ], [ -15.218908510791982, 64.338259639717535 ], [ -15.21862546890028, 64.338073814355241 ], [ -15.217188378909986, 64.336444747968329 ], [ -15.215514932761531, 64.335821364162044 ], [ -15.211406680903917, 64.335500879917888 ], [ -15.207116141474746, 64.335480741833862 ], [ -15.205807457087522, 64.335782380245519 ], [ -15.204089064127299, 64.33650062654857 ], [ -15.203753721450703, 64.336888662045723 ], [ -15.202166349054863, 64.339000890998122 ], [ -15.202169518455724, 64.342014641313668 ], [ -15.202622751669669, 64.342505634806727 ], [ -15.203911829303632, 64.343363317292017 ], [ -15.204801160377787, 64.344057963910089 ], [ -15.205756474050498, 64.344784844144044 ], [ -15.207100542195006, 64.345247148731048 ], [ -15.208228187585187, 64.345518076602445 ], [ -15.210881857052982, 64.346413806704973 ], [ -15.209997853725069, 64.346696020686466 ], [ -15.207414642434673, 64.346537221866072 ], [ -15.205276181570172, 64.346725698533859 ], [ -15.204651659840081, 64.347167248265507 ], [ -15.204022900017407, 64.34763920681273 ], [ -15.203591947682245, 64.348207882739288 ], [ -15.203118785969385, 64.349080671962355 ], [ -15.202649813962942, 64.349923048252791 ], [ -15.202535874705399, 64.3507441571806 ], [ -15.20264087989286, 64.351509930248739 ], [ -15.203879755472924, 64.352732550836919 ], [ -15.205664800921696, 64.353572604657174 ], [ -15.208015594457683, 64.354396837258506 ], [ -15.211089388714653, 64.355087224407512 ], [ -15.211918917568299, 64.355200356033876 ], [ -15.212610918765741, 64.355798246679967 ], [ -15.212133702953205, 64.356701477267976 ], [ -15.211183407179385, 64.356951462456351 ], [ -15.209701813659152, 64.356948607744386 ], [ -15.208648334818237, 64.356946568764215 ], [ -15.206864210596112, 64.357113787190087 ], [ -15.205211998654271, 64.357345462390228 ], [ -15.203547098678479, 64.35766835332953 ], [ -15.202717529669302, 64.357555174084084 ], [ -15.202470556694678, 64.357304566469182 ], [ -15.202529652326904, 64.356878806155521 ], [ -15.203424058184538, 64.356016990629541 ], [ -15.203544877493831, 64.355653881468925 ], [ -15.203331673557731, 64.355159983510561 ], [ -15.201599886805758, 64.354443376226939 ], [ -15.199623873264944, 64.353964548245685 ], [ -15.196631664022659, 64.353703341169179 ], [ -15.194947456475498, 64.353659366733424 ], [ -15.194840938805784, 64.35341241153975 ], [ -15.194774205413916, 64.352372931809583 ], [ -15.194962782493382, 64.351523250334324 ], [ -15.195306885157242, 64.351074412253183 ], [ -15.195574058719719, 64.35016574007004 ], [ -15.194710134872008, 64.349288569663742 ], [ -15.193004904608078, 64.348125370724006 ], [ -15.190068395225412, 64.347125645419112 ], [ -15.184362785185773, 64.346738530578747 ], [ -15.181017509359526, 64.347126402522349 ], [ -15.179007620798842, 64.347723215703709 ], [ -15.178330000944406, 64.34721909234483 ], [ -15.178695610396492, 64.346976988865023 ], [ -15.17884219205558, 64.346431435932189 ], [ -15.179199230598647, 64.345891403766387 ], [ -15.179728512585845, 64.345630587751899 ], [ -15.18049525591878, 64.344972776225632 ], [ -15.181273111844606, 64.343328778937746 ], [ -15.180002651136304, 64.342155573290214 ], [ -15.179815580205545, 64.341982817071624 ], [ -15.177976202132452, 64.342044048526446 ], [ -15.176651956624402, 64.341948245203099 ], [ -15.176498411216178, 64.341906525717818 ], [ -15.175905863043836, 64.341745523050847 ], [ -15.175754910817068, 64.341314248364739 ], [ -15.175975909682652, 64.340740129741519 ], [ -15.177670895017663, 64.339667717013683 ], [ -15.179036229962607, 64.338989130561288 ], [ -15.180398526624806, 64.338811215227949 ], [ -15.181507982463511, 64.338931878064557 ], [ -15.183161585026612, 64.339188883635714 ], [ -15.183812089996117, 64.339572195894434 ], [ -15.184286506612901, 64.340713939878938 ], [ -15.184478061637707, 64.341359919725321 ], [ -15.185201117466237, 64.342233475655846 ], [ -15.186066578720951, 64.342384420739151 ], [ -15.188377136977149, 64.343514869543284 ], [ -15.189754622878013, 64.343508286383781 ], [ -15.19221889604119, 64.343496476876936 ], [ -15.194760346866184, 64.342968477503746 ], [ -15.195264073931609, 64.341317269083135 ], [ -15.194484088401493, 64.339038101298001 ], [ -15.195376159944797, 64.336564857909806 ], [ -15.19691306489211, 64.333395159337499 ], [ -15.201917841749253, 64.330910382141738 ], [ -15.207260411137099, 64.327958735301095 ], [ -15.211842750556862, 64.326532596837481 ], [ -15.213466506364036, 64.327222203722144 ], [ -15.215527753231939, 64.327581019114234 ], [ -15.217552542635348, 64.327694688919919 ], [ -15.218744418431738, 64.327725654575104 ], [ -15.220851931477396, 64.327749864144778 ], [ -15.222385978308958, 64.327850724512416 ], [ -15.223503561879905, 64.3279102437277 ], [ -15.22445996605885, 64.32811817766904 ], [ -15.226034824933144, 64.328433702316161 ], [ -15.226587346958464, 64.328509067144694 ], [ -15.227703870506266, 64.329087377187804 ], [ -15.229555097226109, 64.329440543330008 ], [ -15.231055789010288, 64.329784609887739 ], [ -15.232032222652569, 64.330359256151453 ], [ -15.232467654282715, 64.331286141752344 ], [ -15.233026627335423, 64.332338304004381 ], [ -15.23511264590188, 64.333033191998936 ], [ -15.236938237472977, 64.334087561796025 ], [ -15.237790497560518, 64.335055718345146 ], [ -15.237694387893342, 64.335755204150317 ], [ -15.237539766397781, 64.336880463855636 ], [ -15.2375662911793, 64.338224047080843 ], [ -15.237481791891542, 64.339351119050733 ], [ -15.236531399583686, 64.340120092540317 ], [ -15.234579461135109, 64.340555868308044 ] ] ] ] } },
{ "type": "Feature", "properties": { "fid": 120, "rock_type_unit": null, "name_unit": null, "volcanic_system": null, "formation_geology_type": null, "feature_type": null, "geological_age": null, "geological_group": null, "geological_formation": null, "notes": null, "citation": "250.000 Geological map, sheet 9", "date_reference": null, "date_input": "2026-07-22", "username": "Robert Alexander Askew - NATT", "unit_code": null, "scale_precision": "20", "rock_type": "Gabbro" }, "geometry": { "type": "MultiPolygon", "coordinates": [ [ [ [ -15.19989227429374, 64.31770396101858 ], [ -15.20372829150271, 64.317781625305543 ], [ -15.206160182337083, 64.317997657642678 ], [ -15.208154763583668, 64.31832433831292 ], [ -15.209885157543969, 64.318781454892601 ], [ -15.209931105779399, 64.318838756551571 ], [ -15.210185112082872, 64.319155521104747 ], [ -15.209582280750841, 64.320208061229849 ], [ -15.208459372769036, 64.320697669433258 ], [ -15.207463980350838, 64.321282156931119 ], [ -15.206111754957087, 64.321903118827464 ], [ -15.205152075623291, 64.322317314587849 ], [ -15.204577907642046, 64.322565115389935 ], [ -15.202448941429536, 64.322952138722698 ], [ -15.199346167054019, 64.32351209516348 ], [ -15.196565890542882, 64.323775201307612 ], [ -15.195514775660746, 64.323729069233622 ], [ -15.194248332040781, 64.322982657912462 ], [ -15.194544529449647, 64.320850499741084 ], [ -15.195297984286926, 64.319830052948376 ], [ -15.195743190509333, 64.319156204053513 ], [ -15.195753193643718, 64.319141056629377 ], [ -15.198715499044697, 64.318001698735173 ], [ -15.19989227429374, 64.31770396101858 ] ] ] ] } },
{ "type": "Feature", "properties": { "fid": 121, "rock_type_unit": null, "name_unit": null, "volcanic_system": null, "formation_geology_type": null, "feature_type": null, "geological_age": null, "geological_group": null, "geological_formation": null, "notes": null, "citation": "250.000 Geological map, sheet 9", "date_reference": null, "date_input": "2025-12-09", "username": "Robert Alexander Askew - NATT", "unit_code": null, "scale_precision": "20", "rock_type": "Rhyolite" }, "geometry": { "type": "MultiPolygon", "coordinates": [ [ [ [ -15.021021805391486, 64.244769836924561 ], [ -15.023234390624005, 64.244111519057 ], [ -15.024286665041107, 64.243687649933008 ], [ -15.027186088023395, 64.24371443017715 ], [ -15.027197899860587, 64.243632758988412 ], [ -15.031763154523762, 64.243556654407357 ], [ -15.033761901063068, 64.243908554513723 ], [ -15.033612266310689, 64.244944852147427 ], [ -15.034959857475869, 64.246022066941052 ], [ -15.035858165433913, 64.246402049990039 ], [ -15.035687271344583, 64.246402089211813 ], [ -15.034627911721048, 64.246488769454587 ], [ -15.03396575371438, 64.246496126690275 ], [ -15.03336975961648, 64.246460252048905 ], [ -15.032508807413702, 64.246345217236737 ], [ -15.031912801240145, 64.246302134388614 ], [ -15.031250509196054, 64.246187047784844 ], [ -15.02985988793329, 64.246108115666047 ], [ -15.028800291095198, 64.245971491878421 ], [ -15.028005662203654, 64.245935637196396 ], [ -15.027343521260642, 64.24595016619817 ], [ -15.026747461935328, 64.245827842791684 ], [ -15.026166971177505, 64.245827948079665 ], [ -15.025952824752451, 64.245770368762081 ], [ -15.025538790446758, 64.245561585012183 ], [ -15.025224174473921, 64.245453610372351 ], [ -15.02303864440043, 64.244906619565512 ], [ -15.022442669848981, 64.244849098433463 ], [ -15.021648123191961, 64.244849216987902 ], [ -15.021021805391486, 64.244769836924561 ] ] ] ] } },
{ "type": "Feature", "properties": { "fid": 122, "rock_type_unit": "Hyaloclastite", "name_unit": "Dalsheiði breccia", "volcanic_system": null, "formation_geology_type": "Lava", "feature_type": "Lava", "geological_age": null, "geological_group": null, "geological_formation": null, "notes": null, "citation": "250.000 Geological map, sheet 9", "date_reference": null, "date_input": "2025-12-15", "username": "Robert Alexander Askew - NATT", "unit_code": null, "scale_precision": "20", "rock_type": "Hyaloclastite" }, "geometry": { "type": "MultiPolygon", "coordinates": [ [ [ [ -15.263977239527934, 64.488093669175328 ], [ -15.257723607434587, 64.487979032835852 ], [ -15.252645814351727, 64.488051936957419 ], [ -15.245504102321958, 64.487936576827792 ], [ -15.236331061747505, 64.486642144078942 ], [ -15.23073596321802, 64.485168906732511 ], [ -15.229029058815968, 64.484291319251881 ], [ -15.223847260157561, 64.48323399515202 ], [ -15.219666332919266, 64.482495227955908 ], [ -15.216216254683768, 64.481009178578233 ], [ -15.214811992664091, 64.480589847894734 ], [ -15.210694148219783, 64.480528369193252 ], [ -15.208381322097889, 64.479882671373645 ], [ -15.205129839945711, 64.478852103430597 ], [ -15.200018903139108, 64.477300036573524 ], [ -15.194445925731028, 64.474947165729645 ], [ -15.191540951077998, 64.474060466255494 ], [ -15.190187658176065, 64.473281704038712 ], [ -15.185007408886321, 64.471118908170581 ], [ -15.178735524055362, 64.468927401681981 ], [ -15.171500364286395, 64.466631534595763 ], [ -15.164010737845242, 64.464204679955131 ], [ -15.160661943482557, 64.463147949060911 ], [ -15.151028083498453, 64.460393693483255 ], [ -15.146080900610942, 64.459204402018472 ], [ -15.141966133964679, 64.458036893157328 ], [ -15.134945211276845, 64.456386895159653 ], [ -15.125903829482436, 64.45463795895175 ], [ -15.117757835117759, 64.453205138362094 ], [ -15.109068962091614, 64.451194066709917 ], [ -15.099963529864089, 64.44991493551548 ], [ -15.089795901900681, 64.448043469159202 ], [ -15.085792817139234, 64.447215265880587 ], [ -15.079681303126232, 64.445812140256194 ], [ -15.077345459943659, 64.445366401934365 ], [ -15.0739218027345, 64.445229420318171 ], [ -15.071878759891487, 64.445287202942055 ], [ -15.071814088774365, 64.445736145113031 ], [ -15.072181605549625, 64.446444574563259 ], [ -15.073270071161019, 64.446856894212516 ], [ -15.073553083787115, 64.447427845169841 ], [ -15.072695858914432, 64.447945634206121 ], [ -15.070760018213555, 64.44834429703107 ], [ -15.067986004314101, 64.448765463081344 ], [ -15.066738541160047, 64.4487319063238 ], [ -15.065166405444645, 64.449140283669351 ], [ -15.063555207141464, 64.449457456878662 ], [ -15.062382389084947, 64.449268134034469 ], [ -15.061433711818935, 64.448972168777004 ], [ -15.05917920712584, 64.449046619655988 ], [ -15.056698094555504, 64.449064221811142 ], [ -15.054995825152751, 64.448928159311293 ], [ -15.053676905103233, 64.448667218671488 ], [ -15.051922670798366, 64.448890267761655 ], [ -15.050684975782596, 64.448789234189576 ], [ -15.049551302740745, 64.448330448845937 ], [ -15.048963439166622, 64.4477061302332 ], [ -15.047784456285934, 64.446840482904818 ], [ -15.046875072136077, 64.446275064409548 ], [ -15.045838999446401, 64.445863954374275 ], [ -15.044640535555706, 64.445493511313487 ], [ -15.043243854403674, 64.445410642456963 ], [ -15.041044823232932, 64.445463774308848 ], [ -15.039875405320625, 64.445612375100694 ], [ -15.038995172443334, 64.445565990769325 ], [ -15.037874875411372, 64.445017329529691 ], [ -15.036881394468013, 64.444314353498527 ], [ -15.036306957271528, 64.443600198819937 ], [ -15.034673927518659, 64.442631977017655 ], [ -15.033190095370948, 64.442073410886621 ], [ -15.032365216563708, 64.442005950761583 ], [ -15.031771350051189, 64.441426455707798 ], [ -15.029774570972235, 64.440808853286072 ], [ -15.026268161158198, 64.43981215636677 ], [ -15.023427623650905, 64.438901094433874 ], [ -15.023078462169924, 64.438832259809743 ], [ -15.022793775689379, 64.438541957982025 ], [ -15.022189648553796, 64.438402898113424 ], [ -15.021578401819813, 64.438312688505064 ], [ -15.020677335978332, 64.43826363134751 ], [ -15.019165038826911, 64.438124348952471 ], [ -15.018387758097552, 64.438005079056254 ], [ -15.017451568867548, 64.437807903755441 ], [ -15.016610632316581, 64.437735936113285 ], [ -15.015490579888931, 64.437631829663545 ], [ -15.014907021591878, 64.437176136919902 ], [ -15.01435566248974, 64.436785575727157 ], [ -15.014409783732118, 64.436245224639492 ], [ -15.014762928309368, 64.435782769509416 ], [ -15.015197440373747, 64.435251548974406 ], [ -15.015561593564744, 64.434900915392546 ], [ -15.016451772871093, 64.43451955286136 ], [ -15.017190336158952, 64.433390390762426 ], [ -15.018181057626739, 64.433034295602454 ], [ -15.020783324481377, 64.432813921351169 ], [ -15.023337151927784, 64.432724021335986 ], [ -15.027113153740485, 64.432578862102218 ], [ -15.031567662232698, 64.432429502571665 ], [ -15.033535310191558, 64.432167446041873 ], [ -15.035873051163447, 64.431870336567329 ], [ -15.038235823257311, 64.43189163876427 ], [ -15.042570450943773, 64.432434989567412 ], [ -15.044897991196144, 64.433286725825866 ], [ -15.048680245000744, 64.434177767578817 ], [ -15.050978960557986, 64.434510325965448 ], [ -15.053082921185679, 64.434747448555925 ], [ -15.053725803216492, 64.434990156478534 ], [ -15.056083117316, 64.435639694547589 ], [ -15.060664822411923, 64.436416776878616 ], [ -15.064704423606457, 64.43697630370103 ], [ -15.066961664188069, 64.437960971536882 ], [ -15.07608504173194, 64.440166675337849 ], [ -15.081093459279277, 64.440886936655289 ], [ -15.090194997080363, 64.442167241247546 ], [ -15.098761640844547, 64.44354534879912 ], [ -15.107336261245097, 64.445238609374925 ], [ -15.117931137387451, 64.447773655753053 ], [ -15.124603988580994, 64.449556159529962 ], [ -15.132273984579166, 64.45066057024269 ], [ -15.139929843644227, 64.452237372220566 ], [ -15.148687248922284, 64.454518736243202 ], [ -15.155033904744645, 64.456510854905503 ], [ -15.161209676224619, 64.458610849370999 ], [ -15.16613214910765, 64.459979223096852 ], [ -15.170717841724514, 64.461518857002744 ], [ -15.173028219761806, 64.462165148838565 ], [ -15.177345054597033, 64.463021570535417 ], [ -15.180004065383395, 64.463789513040339 ], [ -15.184692068254297, 64.465353875353387 ], [ -15.186569510894145, 64.465740798799573 ], [ -15.190742503744664, 64.466885958923143 ], [ -15.193783376987403, 64.46716788355144 ], [ -15.196699587965668, 64.467221189927528 ], [ -15.199797636975628, 64.467842441788846 ], [ -15.203612775865276, 64.468189327696294 ], [ -15.207358339552405, 64.468286466573318 ], [ -15.209853337918537, 64.467990623131541 ], [ -15.210665932758861, 64.467403334099131 ], [ -15.215008733308402, 64.468462044179702 ], [ -15.218858420914875, 64.468561580511704 ], [ -15.22223459132802, 64.468310828686143 ], [ -15.222547613103849, 64.46793588788249 ], [ -15.223970874786801, 64.467837442120015 ], [ -15.225147306773398, 64.467259470423997 ], [ -15.226273944920468, 64.467040696760989 ], [ -15.228788776849505, 64.467353376962194 ], [ -15.229603264854056, 64.4671265321074 ], [ -15.230347860925185, 64.466650046016724 ], [ -15.231266354026333, 64.466425872524965 ], [ -15.232726006628788, 64.466440934553233 ], [ -15.233262454445869, 64.465959075599287 ], [ -15.233101666351285, 64.465233959430208 ], [ -15.232992902766036, 64.46451018248932 ], [ -15.233648851215809, 64.463918747822291 ], [ -15.235161094376034, 64.463552125014473 ], [ -15.236345021939597, 64.46367271092268 ], [ -15.237959904886893, 64.464074735009561 ], [ -15.238711591353368, 64.464679853505189 ], [ -15.238450184088034, 64.465439166005879 ], [ -15.238111949208163, 64.466376746246681 ], [ -15.237400917669538, 64.466989313832471 ], [ -15.237426786395844, 64.46793625679274 ], [ -15.237906049413361, 64.468624493003574 ], [ -15.239266019428124, 64.469740912466136 ], [ -15.242707715245519, 64.471096658620226 ], [ -15.246266245233144, 64.471796302729885 ], [ -15.250721860983226, 64.472428721677971 ], [ -15.256398310533372, 64.473678015747012 ], [ -15.259348508767074, 64.474249112483648 ], [ -15.261818843195671, 64.474131993368076 ], [ -15.265182709056361, 64.474353056526851 ], [ -15.268384368296545, 64.474614964824781 ], [ -15.269654327729571, 64.475255643183345 ], [ -15.269568020697651, 64.476267281918368 ], [ -15.269407914477233, 64.477817753819068 ], [ -15.270552229329779, 64.478995931125638 ], [ -15.273631795898012, 64.479772781065805 ], [ -15.278860780109891, 64.480874570953773 ], [ -15.283875902383066, 64.481249792580087 ], [ -15.287075469822131, 64.481150744188866 ], [ -15.290238253570125, 64.480938047800279 ], [ -15.295106552812392, 64.481241572424707 ], [ -15.29815332914219, 64.481881878197555 ], [ -15.300740914413812, 64.482442927339079 ], [ -15.302541690580943, 64.483029116826245 ], [ -15.303987551811165, 64.483921729112055 ], [ -15.304931474626768, 64.485049476905644 ], [ -15.304739277851489, 64.486080960824111 ], [ -15.303205386302212, 64.486605466635794 ], [ -15.301640718125213, 64.486971476981694 ], [ -15.30169018237595, 64.487761244086599 ], [ -15.30043115801965, 64.488568648293679 ], [ -15.297687314092405, 64.48915264459103 ], [ -15.29416845778392, 64.489671922922938 ], [ -15.291902719805737, 64.48958568165871 ], [ -15.291808314511181, 64.489582087518258 ], [ -15.290634033390331, 64.489537375847561 ], [ -15.286027693468665, 64.48921785382575 ], [ -15.283298864521543, 64.488923322032463 ], [ -15.280475094132798, 64.488941739626199 ], [ -15.278934532460736, 64.489127894645108 ], [ -15.278058419107818, 64.489804045224432 ], [ -15.277601873337552, 64.490468327940164 ], [ -15.275684446032587, 64.490734989782595 ], [ -15.272192821157857, 64.490668676888973 ], [ -15.270321459165135, 64.490598496886435 ], [ -15.268551644480642, 64.489787397825935 ], [ -15.266212579526261, 64.488556223731109 ], [ -15.263977239527934, 64.488093669175328 ] ] ] ] } },
{ "type": "Feature", "properties": { "fid": 123, "rock_type_unit": "Ignimbrite", "name_unit": null, "volcanic_system": "Unknown", "formation_geology_type": "Pyroclastic", "feature_type": "Pyroclastic", "geological_age": "Neogene", "geological_group": null, "geological_formation": null, "notes": null, "citation": "Nátt", "date_reference": null, "date_input": "2025-12-15", "username": "Robert Alexander Askew - NATT", "unit_code": null, "scale_precision": "20", "rock_type": "Ignimbrite" }, "geometry": { "type": "MultiPolygon", "coordinates": [ [ [ [ -15.124603988580994, 64.449556159529962 ], [ -15.141737796429032, 64.450957050263156 ], [ -15.150141075024953, 64.452437283572536 ], [ -15.154608775737982, 64.453641926085709 ], [ -15.159200865038605, 64.45490690357083 ], [ -15.161157173314034, 64.455129914955563 ], [ -15.163309723974185, 64.454900333136635 ], [ -15.16449425722258, 64.454015977129771 ], [ -15.165227094653611, 64.451632198048088 ], [ -15.16573161410799, 64.449929002035361 ], [ -15.164888360774526, 64.447446672337875 ], [ -15.159805919434271, 64.444967462105197 ], [ -15.155427802538894, 64.443135940816774 ], [ -15.152865539434549, 64.441580938958268 ], [ -15.150400110467187, 64.439341854588818 ], [ -15.149777386936583, 64.438123934216051 ], [ -15.152337307582801, 64.4368754094195 ], [ -15.158483251239293, 64.435549514778998 ], [ -15.165564370688148, 64.43321806458485 ], [ -15.171493009935611, 64.43154267604659 ], [ -15.173955360769135, 64.429089770427694 ], [ -15.173779450067642, 64.426567759035223 ], [ -15.172280828332548, 64.423095671170458 ], [ -15.169272025967144, 64.420957090832303 ], [ -15.165416527943396, 64.419196706988672 ], [ -15.160530819660096, 64.41723748338535 ], [ -15.160533760681457, 64.414158708586214 ], [ -15.161670040981491, 64.412429239898813 ], [ -15.162084115575379, 64.410895337222328 ], [ -15.1619711154665, 64.408875560970372 ], [ -15.161186932989747, 64.407395976163315 ], [ -15.15883940527344, 64.405746523017513 ], [ -15.155665374552035, 64.404332725260275 ], [ -15.152377242284782, 64.403731153979891 ], [ -15.148403468074751, 64.403068502327883 ], [ -15.146579976083313, 64.402634169532178 ], [ -15.144496269538502, 64.401935470050717 ], [ -15.143523872087693, 64.401094461034148 ], [ -15.144033834064359, 64.400292616989091 ], [ -15.145223421377253, 64.399594547785881 ], [ -15.146790117909568, 64.399035162087614 ], [ -15.148413369477387, 64.398777633054493 ], [ -15.151464599105401, 64.398943952509626 ], [ -15.155791007366883, 64.39991620075584 ], [ -15.158889755071094, 64.401156384070191 ], [ -15.161938014848651, 64.402051880731861 ], [ -15.167313602002183, 64.402622244606974 ], [ -15.168373881048065, 64.402135156643084 ], [ -15.169490980670286, 64.401949926303928 ], [ -15.170608065159623, 64.401764687426834 ], [ -15.171811978042433, 64.401667538535364 ], [ -15.173027862447869, 64.401484873269951 ], [ -15.174144903982599, 64.401299607360087 ], [ -15.175261930382689, 64.401114332912982 ], [ -15.17629208575468, 64.400840954122614 ], [ -15.177334186705114, 64.400482061268377 ], [ -15.178178614806589, 64.400117985452766 ], [ -15.178930179353769, 64.399708563999951 ], [ -15.179588880778995, 64.399253798345214 ], [ -15.180247560299483, 64.398799029730341 ], [ -15.180906217916185, 64.398344258155547 ], [ -15.181466038640135, 64.397886898043353 ], [ -15.182310331622086, 64.397522798393766 ], [ -15.183433121309399, 64.397294707916814 ], [ -15.184630820923395, 64.397240207083158 ], [ -15.185786731818435, 64.397484972634373 ], [ -15.18683191324126, 64.39781265467515 ], [ -15.187562770589388, 64.398260846568391 ], [ -15.188090048870102, 64.398746626533168 ], [ -15.188722131401462, 64.399192231481251 ], [ -15.189459020520673, 64.399597660050247 ], [ -15.190294754947121, 64.400005664584114 ], [ -15.191031689295782, 64.400411085236669 ], [ -15.192088965500268, 64.40065322178765 ], [ -15.193268920382469, 64.400726912154312 ], [ -15.194454837996302, 64.400757838890655 ], [ -15.19564671279938, 64.400746001851402 ], [ -15.196704042808136, 64.400988105013653 ], [ -15.197336317493928, 64.401433672738477 ], [ -15.197561385581006, 64.401954447861755 ], [ -15.197687629149787, 64.402472648042789 ], [ -15.197616207608814, 64.40298569888175 ], [ -15.198044918851762, 64.403468868295619 ], [ -15.198985687922429, 64.403836643295307 ], [ -15.200213383123813, 64.403568243246781 ], [ -15.201156437914728, 64.403206607519977 ], [ -15.202099467763345, 64.402844965713385 ], [ -15.202949582514828, 64.402437992322959 ], [ -15.203793729922927, 64.402073768479909 ], [ -15.20463785484586, 64.401709539766529 ], [ -15.205389066951147, 64.401299982231663 ], [ -15.206047366677906, 64.400845097310537 ], [ -15.206513929167459, 64.400342317623512 ], [ -15.206486352537366, 64.399826693844119 ], [ -15.206063487171408, 64.399300794702796 ], [ -15.205937099551392, 64.398782601834469 ], [ -15.206107172719445, 64.398272116007931 ], [ -15.206765387628931, 64.397817227913123 ], [ -15.207231885271984, 64.397314446001474 ], [ -15.207797179341879, 64.396814230448228 ], [ -15.208362452736392, 64.396314012719216 ], [ -15.208828895387837, 64.395811225742904 ], [ -15.209196512614527, 64.395305870465947 ], [ -15.209662922745247, 64.394803080850011 ], [ -15.210030511016171, 64.394297723497829 ], [ -15.210496888629526, 64.393794931242709 ], [ -15.210969178028028, 64.393249382750682 ], [ -15.211435520517444, 64.392746587523433 ], [ -15.211704250976815, 64.392238660632813 ], [ -15.212071767083488, 64.391733298204727 ], [ -15.212630931453399, 64.391275818879336 ], [ -15.21383423327533, 64.391178323851761 ], [ -15.215013838006252, 64.391251838593433 ], [ -15.215855619464792, 64.391616941824793 ], [ -15.216487989457288, 64.392062426474652 ], [ -15.216713345012387, 64.392583171856685 ], [ -15.216642306107278, 64.393096231743058 ], [ -15.216571264537503, 64.393609291607035 ], [ -15.216500220302917, 64.394122351448615 ], [ -15.216330366887856, 64.39463284926957 ], [ -15.215962890501469, 64.39513822247828 ], [ -15.215793020750366, 64.395648719698215 ], [ -15.215721956621541, 64.396161779209166 ], [ -15.215947331366703, 64.396682525870901 ], [ -15.216475083278814, 64.397168203321343 ], [ -15.217107591704261, 64.397613685402632 ], [ -15.217844858973086, 64.398018970751906 ], [ -15.218477409383029, 64.398464446920201 ], [ -15.219534853211, 64.398706384846534 ], [ -15.22071479793428, 64.398779853577736 ], [ -15.221744410798237, 64.398506154460549 ], [ -15.222681094643274, 64.398187135140191 ], [ -15.223617756637887, 64.397868109819754 ], [ -15.224554396782439, 64.397549078499466 ], [ -15.225676835017806, 64.39732066344591 ], [ -15.226793349488945, 64.397134995180423 ], [ -15.22808977186962, 64.397082693034093 ], [ -15.229287372913332, 64.397027826149341 ], [ -15.230484969152055, 64.396972949448326 ], [ -15.231688457913062, 64.396875307325729 ], [ -15.232897833488805, 64.3967348996364 ], [ -15.234026062215651, 64.396463664798858 ], [ -15.235055454677887, 64.396189871918466 ], [ -15.235991903939919, 64.395870767307031 ], [ -15.236841297570741, 64.395463596943031 ], [ -15.237684778360684, 64.395099177492483 ], [ -15.238435314050292, 64.394689450253082 ], [ -15.23927874973444, 64.394325021612786 ], [ -15.240215085890375, 64.394005889960127 ], [ -15.241058476788886, 64.393641451056496 ], [ -15.241994768785442, 64.393322308007484 ], [ -15.243023963279613, 64.393048459024655 ], [ -15.244146062593664, 64.392819902142548 ], [ -15.245262267976893, 64.392634092788128 ], [ -15.246390204972233, 64.392362762529146 ], [ -15.247419319366582, 64.392088882593157 ], [ -15.248448413155613, 64.391814995410897 ], [ -15.249384556430408, 64.391495805028853 ], [ -15.250227747794098, 64.391131313235917 ], [ -15.25116384691532, 64.390812111461514 ], [ -15.251914063120338, 64.390402315067888 ], [ -15.252850117624345, 64.390083102498153 ], [ -15.253879081599129, 64.389809177084643 ], [ -15.254908024969897, 64.389535244426384 ], [ -15.256024023245278, 64.38934935287368 ], [ -15.257221229648977, 64.389294257046174 ], [ -15.258406723390223, 64.389324664736804 ], [ -15.259580515544808, 64.389440576231024 ], [ -15.260637973842522, 64.389682216540805 ], [ -15.261480315622844, 64.390047056735938 ], [ -15.261706510894529, 64.390567732528254 ], [ -15.261729269790022, 64.391126102273915 ], [ -15.261659078897555, 64.391639183886156 ], [ -15.261588885372262, 64.39215226547698 ], [ -15.261414035663691, 64.392705572336482 ], [ -15.261337984615933, 64.393261410625556 ], [ -15.261267780905687, 64.393774492100704 ], [ -15.261191723914404, 64.394330330341049 ], [ -15.261121514717511, 64.394843411771134 ], [ -15.261045451782012, 64.39539924996258 ], [ -15.260975237097822, 64.395912331347418 ], [ -15.260905019779505, 64.396425412710499 ], [ -15.260927767187447, 64.396983782731724 ], [ -15.260857546228076, 64.397496864096837 ], [ -15.260886145489099, 64.398012477370841 ], [ -15.260815921107874, 64.398525558739649 ], [ -15.260548041010937, 64.39903357596782 ], [ -15.259698889497519, 64.399440884195371 ], [ -15.258669621448375, 64.39971485072428 ], [ -15.257547360647278, 64.399943519228515 ], [ -15.256425081080071, 64.400172179115657 ], [ -15.255302782746998, 64.400400830385465 ], [ -15.254168739680729, 64.400714986073098 ], [ -15.253133503607218, 64.401031670138508 ], [ -15.25238301408946, 64.401441472992303 ], [ -15.251911409466787, 64.401987155456212 ], [ -15.251544491851279, 64.402492618249141 ], [ -15.251869440985551, 64.403015847744172 ], [ -15.252909759536147, 64.40338581344038 ], [ -15.254066540664581, 64.403630038736665 ], [ -15.255235066479546, 64.403788741747206 ], [ -15.256421186377391, 64.403819165575257 ], [ -15.257804996260026, 64.40385464787424 ], [ -15.259002834121111, 64.403799537410535 ], [ -15.26020066715372, 64.403744417129133 ], [ -15.261392643012154, 64.403732043842851 ], [ -15.262677611103836, 64.403764948414675 ], [ -15.263863738240396, 64.403795311837669 ], [ -15.265044021345689, 64.403868422593021 ], [ -15.266212621036805, 64.404027037828939 ], [ -15.267387077362578, 64.404142886668239 ], [ -15.268561543639148, 64.404258726069841 ], [ -15.269759377503021, 64.404203527441879 ], [ -15.270811658849503, 64.404487851407865 ], [ -15.271654592438987, 64.404852633170918 ], [ -15.272288177334207, 64.405297876357352 ], [ -15.272415852421648, 64.405816011695109 ], [ -15.27234582434896, 64.406329098771423 ], [ -15.272078082025226, 64.406837137301778 ], [ -15.271420736920295, 64.407292319558238 ], [ -15.270484310104289, 64.4076116513627 ], [ -15.269262964840982, 64.407837884480983 ], [ -15.26806497075458, 64.407893079048122 ], [ -15.266872816518399, 64.407905506756876 ], [ -15.265686507734136, 64.407875167750163 ], [ -15.264500201582999, 64.407844819115141 ], [ -15.263331448653666, 64.407686190160021 ], [ -15.262273270247753, 64.407444569152986 ], [ -15.261092840181037, 64.40737143600883 ], [ -15.259912416429389, 64.407298293331607 ], [ -15.258726141722137, 64.407267897833819 ], [ -15.25752229218295, 64.407365762701488 ], [ -15.25639384675479, 64.407637179087729 ], [ -15.255550228567895, 64.408001706737068 ], [ -15.255183297509534, 64.408507178795389 ], [ -15.255014077043807, 64.409017721817264 ], [ -15.255438034161632, 64.409543479358405 ], [ -15.256071463648119, 64.409988792919904 ], [ -15.256501317614896, 64.410471790786445 ], [ -15.256931186770316, 64.410954787398524 ], [ -15.257256339584373, 64.411478005100534 ], [ -15.257284885549481, 64.411993619387601 ], [ -15.257115682751204, 64.412504164915489 ], [ -15.256940612328108, 64.413057466909152 ], [ -15.256870275241997, 64.413570546709181 ], [ -15.256898816110189, 64.414086161115335 ], [ -15.25712512303517, 64.414606844546171 ], [ -15.257351438581816, 64.415127527637537 ], [ -15.258194520630855, 64.415492387186504 ], [ -15.259031766544096, 64.415899998618812 ], [ -15.260084386578336, 64.416184399957686 ], [ -15.260211881174621, 64.416702546178215 ], [ -15.260339380604794, 64.417220692298116 ], [ -15.259216414981411, 64.417449373790888 ], [ -15.258053142504757, 64.417247945820407 ], [ -15.25699464058116, 64.41700628650581 ], [ -15.255831403336504, 64.416804840862937 ], [ -15.25477880366393, 64.41652040889872 ], [ -15.253621470634046, 64.416276189108046 ], [ -15.252673670039922, 64.415951522247013 ], [ -15.251615265884805, 64.415709824001937 ], [ -15.250772264954808, 64.415344926513086 ], [ -15.24982453049412, 64.415020241194583 ], [ -15.24887681854813, 64.414695549736905 ], [ -15.248447032885082, 64.414212529370275 ], [ -15.247283977528326, 64.414011015749608 ], [ -15.246724928124445, 64.414468628105084 ], [ -15.246165860002401, 64.414926238331134 ], [ -15.245798662455158, 64.415431686968333 ], [ -15.245530337571717, 64.415939677011963 ], [ -15.245163114657636, 64.416445124073263 ], [ -15.243854041575467, 64.416583090012793 ], [ -15.242667381799578, 64.416552564170274 ], [ -15.241719701750592, 64.416227826301011 ], [ -15.240981589390177, 64.415822661137767 ], [ -15.240453041914485, 64.415337071858119 ], [ -15.240023395021707, 64.41485402672015 ], [ -15.239494883296986, 64.414368433995421 ], [ -15.238861622388859, 64.413923048537782 ], [ -15.238018846821721, 64.413558077547478 ], [ -15.236855896200183, 64.413356480975636 ], [ -15.235687068154897, 64.413197630951231 ], [ -15.234506460897213, 64.413124283081302 ], [ -15.233308165149932, 64.413179192780248 ], [ -15.232121664930002, 64.413148581352075 ], [ -15.231069452812941, 64.412863978761109 ], [ -15.230122038423829, 64.41253916577277 ], [ -15.229279422207496, 64.41217414442589 ], [ -15.228233183148683, 64.411846765896399 ], [ -15.227396520676429, 64.411438978214079 ], [ -15.226658749903446, 64.411033740831712 ], [ -15.226025775367647, 64.410588299844278 ], [ -15.225898957207754, 64.410070124017565 ], [ -15.225969866506773, 64.409557059253316 ], [ -15.226040773144463, 64.409043994465591 ], [ -15.226600057795419, 64.408586461329634 ], [ -15.227629981035516, 64.408312720625702 ], [ -15.228752835450257, 64.408084281836821 ], [ -15.230049773251276, 64.408031962276638 ], [ -15.231236049112766, 64.40806259051466 ], [ -15.232515285848685, 64.408138515901172 ], [ -15.233567331158103, 64.408423108031045 ], [ -15.234409889015875, 64.408788104605847 ], [ -15.235141819496517, 64.409236058596079 ], [ -15.235867880416121, 64.40972676472748 ], [ -15.236500995354508, 64.410172163076254 ], [ -15.237238888755796, 64.410577350766232 ], [ -15.237860264291726, 64.411108254953945 ], [ -15.238487553832025, 64.411596400605148 ], [ -15.239015994072352, 64.412081996917067 ], [ -15.239544453086353, 64.412567591328312 ], [ -15.240072930874952, 64.413053183838741 ], [ -15.24070030455778, 64.413541320033247 ], [ -15.24112994277967, 64.414024363156599 ], [ -15.241757357627714, 64.414512494833971 ], [ -15.242384794884016, 64.415000623828263 ], [ -15.243547856227519, 64.415202176430881 ], [ -15.244682622379282, 64.414888102979702 ], [ -15.245433596514255, 64.414478339444258 ], [ -15.246091547097977, 64.414023273965356 ], [ -15.246557597898844, 64.413520366244612 ], [ -15.246924755739711, 64.413014915740135 ], [ -15.247193026003607, 64.412506923197114 ], [ -15.247659030690615, 64.412004011996018 ], [ -15.248694745680258, 64.411687366566525 ], [ -15.249730436677241, 64.411370713803308 ], [ -15.250673105308918, 64.411008758533924 ], [ -15.250848289456664, 64.410455464094795 ], [ -15.250622136438583, 64.40993477103838 ], [ -15.25039599203466, 64.409414077643319 ], [ -15.250175727244761, 64.408850627537618 ], [ -15.24994960030952, 64.408329933475414 ], [ -15.249624624758326, 64.407806699593024 ], [ -15.249404388812938, 64.407243248362875 ], [ -15.249277143127024, 64.406725092926052 ], [ -15.248847475672761, 64.406242073894987 ], [ -15.248621395602838, 64.405721377835292 ], [ -15.248494171836017, 64.405203221750313 ], [ -15.248366952890704, 64.404685065566042 ], [ -15.248140894843308, 64.404164368797751 ], [ -15.247816003402852, 64.403641130986941 ], [ -15.247694678215034, 64.403080217985362 ], [ -15.247573358004191, 64.402519304896714 ], [ -15.247248496965863, 64.401996065861596 ], [ -15.247022482440597, 64.401475367424084 ], [ -15.247092973170291, 64.400962292629643 ], [ -15.247948232338068, 64.400512301372558 ], [ -15.24880346336192, 64.400062305118809 ], [ -15.249652796417372, 64.39965506020296 ], [ -15.250496235750841, 64.399290566725327 ], [ -15.251339652603653, 64.398926068385151 ], [ -15.252374829749957, 64.398609397058081 ], [ -15.253404119247396, 64.398335474884178 ], [ -15.254445112130721, 64.397976032416551 ], [ -15.255288435823331, 64.397611511305271 ], [ -15.256038776724214, 64.397201693600451 ], [ -15.256504358016427, 64.396698754537624 ], [ -15.256871106258648, 64.396193279423358 ], [ -15.257040212727668, 64.395682734537161 ], [ -15.257209312884255, 64.39517218946709 ], [ -15.257279596303952, 64.394659109910364 ], [ -15.257349877087172, 64.394146030331882 ], [ -15.257420155234064, 64.3936329507317 ], [ -15.256682420002795, 64.393227865235701 ], [ -15.255735381615684, 64.392903218541193 ], [ -15.25454973576969, 64.39287278916386 ], [ -15.253433583739556, 64.393058669482556 ], [ -15.252212747247054, 64.39328475997398 ], [ -15.250997756989451, 64.393468083889019 ], [ -15.249968626537772, 64.393741989051392 ], [ -15.248933605728666, 64.3940586432619 ], [ -15.24799736948718, 64.394377830791598 ], [ -15.246962301801767, 64.394694471045085 ], [ -15.245921335483329, 64.395053860145083 ], [ -15.244880341811966, 64.395413241833708 ], [ -15.243851076927458, 64.395687103924274 ], [ -15.242914725644052, 64.396006258904777 ], [ -15.241972471384935, 64.396368163907937 ], [ -15.241221942618226, 64.396777909349424 ], [ -15.240471391365411, 64.397187650942982 ], [ -15.239714932697852, 64.397640144619146 ], [ -15.238859627892495, 64.398090087626528 ], [ -15.238109005242951, 64.398499817108586 ], [ -15.237352471200662, 64.398952298579928 ], [ -15.23669473777432, 64.399407324435856 ], [ -15.235938155231253, 64.399859798602719 ], [ -15.235175655045659, 64.400355024614043 ], [ -15.2345119579136, 64.400852796426264 ], [ -15.233743509146009, 64.401390770713931 ], [ -15.232992719253746, 64.401800473971335 ], [ -15.232224213970607, 64.402338440291786 ], [ -15.231665151200039, 64.402795994824132 ], [ -15.231106069721196, 64.403253547226754 ], [ -15.230546969533245, 64.403711097499496 ], [ -15.230173732627843, 64.40425926221701 ], [ -15.229707538363391, 64.40476211749791 ], [ -15.229043634725024, 64.405259864567199 ], [ -15.228199725353589, 64.405624234287785 ], [ -15.227256944928333, 64.405986044531502 ], [ -15.226029406734318, 64.406254671767712 ], [ -15.224813664720591, 64.406437778005909 ], [ -15.223510880341895, 64.406532806395674 ], [ -15.222219915364319, 64.406542312691755 ], [ -15.220934865710579, 64.406509052396387 ], [ -15.219748668805458, 64.406478340557129 ], [ -15.218463625165755, 64.406445058534189 ], [ -15.217295199460954, 64.40628606151634 ], [ -15.216237482325234, 64.406044107300815 ], [ -15.215290480446203, 64.405719198293625 ], [ -15.214343501072312, 64.405394283154962 ], [ -15.213396544203187, 64.405069361885069 ], [ -15.212344837908221, 64.404784624631091 ], [ -15.211170587665393, 64.404668333499941 ], [ -15.20998448159126, 64.404637542418186 ], [ -15.208798378188716, 64.404606741710282 ], [ -15.207588530814776, 64.404746949955438 ], [ -15.206378671034443, 64.404887148185963 ], [ -15.205069955839418, 64.405024766786724 ], [ -15.203761227471981, 64.405162373669143 ], [ -15.202638284348524, 64.405390620425791 ], [ -15.201329526235055, 64.405528205535276 ], [ -15.200113651217309, 64.405711106298071 ], [ -15.198798914382117, 64.40589142309085 ], [ -15.197502018478522, 64.405943465349736 ], [ -15.196309917927731, 64.405955317523393 ], [ -15.195117816343922, 64.405967159973798 ], [ -15.193728022964704, 64.405973838196289 ], [ -15.192437074172668, 64.405983081428829 ], [ -15.191239007170969, 64.40603764627194 ], [ -15.189849209265351, 64.406044287610655 ], [ -15.188546322327088, 64.406139004326022 ], [ -15.187225519781189, 64.406361970882102 ], [ -15.186195265730921, 64.406635426810297 ], [ -15.1850721155224, 64.406863538604625 ], [ -15.183873995253897, 64.406918043076871 ], [ -15.182693798532704, 64.406844276827442 ], [ -15.181537519666485, 64.406599486705915 ], [ -15.180590911024218, 64.406274352904106 ], [ -15.179749149336056, 64.40590904627507 ], [ -15.17890741013932, 64.405543734803814 ], [ -15.177856044896945, 64.405258749399991 ], [ -15.17649621048735, 64.405051496596997 ], [ -15.175328088615002, 64.404892164123794 ], [ -15.174049163070045, 64.404815738281741 ], [ -15.172869083603564, 64.404741892707619 ], [ -15.171596164915563, 64.404622692172651 ], [ -15.170422095170389, 64.404506073665644 ], [ -15.169242038864951, 64.404432198805864 ], [ -15.167969150406622, 64.404312966681985 ], [ -15.166684271987494, 64.404279229418833 ], [ -15.165492230777915, 64.404290830227723 ], [ -15.164833173596028, 64.404745532423505 ], [ -15.164958809803728, 64.405263760871236 ], [ -15.165584663407161, 64.405752218909683 ], [ -15.165809162277087, 64.406273042967641 ], [ -15.166033669699502, 64.406793866692269 ], [ -15.166048486071819, 64.4073950040613 ], [ -15.166069305422484, 64.407953388489631 ], [ -15.166084123206668, 64.408554525884327 ], [ -15.166104944168124, 64.40911291033467 ], [ -15.166224622108841, 64.409673890748437 ], [ -15.166350307339867, 64.410192118107318 ], [ -15.166371134985198, 64.410750502557619 ], [ -15.166397966021544, 64.41126613404397 ], [ -15.166424798070038, 64.41178176553629 ], [ -15.166352765493373, 64.412294801234339 ], [ -15.166280730213002, 64.412807836907589 ], [ -15.166208692228775, 64.413320872556 ], [ -15.166334393926022, 64.413839100005703 ], [ -15.166460100389429, 64.414357327358104 ], [ -15.166486936644349, 64.41487295890343 ], [ -15.1663160202828, 64.415383398870574 ], [ -15.166046218921197, 64.415891242640413 ], [ -15.16587528796196, 64.416401682112962 ], [ -15.165902115191605, 64.416917313807446 ], [ -15.166848917678962, 64.417242542875172 ], [ -15.168011516588731, 64.417444696247557 ], [ -15.169069247696767, 64.417686999512341 ], [ -15.170016114532466, 64.41801220808064 ], [ -15.17116077978574, 64.418342595820334 ], [ -15.172311467620226, 64.418630221374301 ], [ -15.173480159071964, 64.41878957804515 ], [ -15.174741763480311, 64.418994268895716 ], [ -15.175922463396212, 64.419068099389179 ], [ -15.177097182167085, 64.41918467377532 ], [ -15.178271910958816, 64.419301238724671 ], [ -15.179428697960098, 64.419546054804144 ], [ -15.180480629228244, 64.419831029057917 ], [ -15.181421725140018, 64.420198917355208 ], [ -15.181850420079511, 64.420682134599971 ], [ -15.181877552928807, 64.421197763432289 ], [ -15.181904686802003, 64.421713392269709 ], [ -15.181536209668442, 64.422218679382553 ], [ -15.180975891656505, 64.42267604022156 ], [ -15.180508478011106, 64.4231787387845 ], [ -15.180238863451779, 64.423686608884182 ], [ -15.179969238870333, 64.424194478496432 ], [ -15.179798516061702, 64.424704934396217 ], [ -15.179627786874407, 64.425215390106359 ], [ -15.179555966785649, 64.42572843256599 ], [ -15.179385226671748, 64.426238888012193 ], [ -15.179301427853559, 64.426837437429398 ], [ -15.179211639331166, 64.427478740337577 ], [ -15.179127832907298, 64.428077289682236 ], [ -15.179055995907031, 64.428590331949721 ], [ -15.178984156208761, 64.429103374191357 ], [ -15.17889435279162, 64.429744676957 ], [ -15.178624643426369, 64.430252544202105 ], [ -15.178255990449662, 64.430757823207145 ], [ -15.177788388476111, 64.431260513223876 ], [ -15.177128885317085, 64.431715271338092 ], [ -15.176469360200402, 64.432170026486304 ], [ -15.175710873030662, 64.432622189195015 ], [ -15.174859413188848, 64.433029004569022 ], [ -15.173920976379566, 64.433347717665342 ], [ -15.172976520514933, 64.433709178025453 ], [ -15.171939093550526, 64.434025287026898 ], [ -15.170808697425723, 64.434296042690718 ], [ -15.169573329663956, 64.434606949144666 ], [ -15.168343938462341, 64.434875092079196 ], [ -15.167312419963283, 64.435148415193282 ], [ -15.166181931499109, 64.435419135119446 ], [ -15.165150370820355, 64.435692442995631 ], [ -15.163735009513944, 64.43586984787197 ], [ -15.162610469660427, 64.436097787305087 ], [ -15.161671784500834, 64.436416421857587 ], [ -15.160733077439868, 64.436735050391349 ], [ -15.159788329932791, 64.437096425649443 ], [ -15.158744601435238, 64.43745519386394 ], [ -15.157805824523589, 64.437773803628787 ], [ -15.157145831391505, 64.438228471735528 ], [ -15.156875633829424, 64.438736298998663 ], [ -15.156803350774576, 64.439249330493865 ], [ -15.157021934061746, 64.439812921323906 ], [ -15.157345515904813, 64.440336361155858 ], [ -15.157978059320984, 64.440782099759346 ], [ -15.158709593034526, 64.441230436673862 ], [ -15.159657152821085, 64.44155571259391 ], [ -15.160895633976892, 64.441931534047569 ], [ -15.161924168771661, 64.442387653189158 ], [ -15.162661825604655, 64.442793217530536 ], [ -15.163189520765748, 64.443279088141281 ], [ -15.16351326191209, 64.443802514390754 ], [ -15.163639052776867, 64.444320744722859 ], [ -15.163665865207491, 64.44483637733488 ], [ -15.16389064883135, 64.445357205087774 ], [ -15.164319428501623, 64.445840474128133 ], [ -15.164643221680137, 64.446363897919767 ], [ -15.164967027273601, 64.446887321003487 ], [ -15.166104342425152, 64.448161559980178 ], [ -15.167164588834948, 64.449101209842141 ], [ -15.168016250219233, 64.450818501548184 ], [ -15.168007098785388, 64.451590652063572 ], [ -15.16772480645807, 64.452892026656784 ], [ -15.167124396915064, 64.454335250888889 ], [ -15.165943410571845, 64.455312692411056 ], [ -15.16450737294579, 64.455983062664231 ], [ -15.163218430737546, 64.456313993599977 ], [ -15.160328654194283, 64.456366883052254 ], [ -15.157790173907294, 64.456042746604908 ], [ -15.156136923063912, 64.455784746162621 ], [ -15.154482440360471, 64.455183404732608 ], [ -15.152691571365445, 64.454492632119511 ], [ -15.15033387307772, 64.453593812998321 ], [ -15.14686490403234, 64.452472571422618 ], [ -15.144502663812876, 64.451959733034997 ], [ -15.133646360832961, 64.450729005429665 ], [ -15.132273984579166, 64.45066057024269 ], [ -15.124603988580994, 64.449556159529962 ] ] ] ] } },
{ "type": "Feature", "properties": { "fid": 124, "rock_type_unit": "Porphyrytic basalt", "name_unit": "", "volcanic_system": null, "formation_geology_type": "Lava", "feature_type": "Lava", "geological_age": "Neogene", "geological_group": null, "geological_formation": null, "notes": "Steffi mapping", "citation": "Askew et al. 2026", "date_reference": null, "date_input": "2026-07-22", "username": "Robert Alexander Askew - NATT", "unit_code": "", "scale_precision": "20", "rock_type": "Porphyrytic Basalt" }, "geometry": { "type": "MultiPolygon", "coordinates": [ [ [ [ -15.007261913126959, 64.339085456840877 ], [ -15.007047990649108, 64.338911987308251 ], [ -15.006762062255389, 64.338729942536887 ], [ -15.006483458425363, 64.33859971382239 ], [ -15.006169590510201, 64.338507229098028 ], [ -15.005893623231279, 64.338460947202009 ], [ -15.005374900309901, 64.338446716768019 ], [ -15.00479501963161, 64.338443710332385 ], [ -15.004350400720281, 64.338431509580218 ], [ -15.00350937862544, 64.338382619433546 ], [ -15.002685995208081, 64.338314852599609 ], [ -15.002452620411747, 64.338282637315643 ], [ -15.001592290248132, 64.338162233669777 ], [ -15.001014493309363, 64.338043133007716 ], [ -14.999521805991325, 64.337769854609249 ], [ -14.999459707875376, 64.337787504434189 ], [ -14.999423493608374, 64.337831673541245 ], [ -14.999447588036576, 64.337897115047298 ], [ -15.000231254937592, 64.338063291035652 ], [ -15.002380943912803, 64.338467777499048 ], [ -15.003307137583191, 64.338544820079704 ], [ -15.004090757576629, 64.338579231943157 ], [ -15.005095752715533, 64.338626165597404 ], [ -15.005556133584081, 64.338632344410485 ], [ -15.005906205921129, 64.33868065974562 ], [ -15.0063295241739, 64.338805286592574 ], [ -15.006656843455355, 64.339043203687737 ], [ -15.006814071811172, 64.339189459215035 ], [ -15.006923266256297, 64.339256973556601 ], [ -15.007261913126959, 64.339085456840877 ] ] ] ] } },
{ "type": "Feature", "properties": { "fid": 125, "rock_type_unit": "Porphyrytic basalt", "name_unit": null, "volcanic_system": null, "formation_geology_type": "Lava", "feature_type": "Lava", "geological_age": "Neogene", "geological_group": null, "geological_formation": null, "notes": "Likely much larger but not able to trace further", "citation": "Askew et al. 2026", "date_reference": null, "date_input": "2026-07-22", "username": "Robert Alexander Askew - NATT", "unit_code": "po", "scale_precision": "20", "rock_type": "Porphyrytic Basalt" }, "geometry": { "type": "MultiPolygon", "coordinates": [ [ [ [ -15.006873493044024, 64.340355178750286 ], [ -15.006897806016116, 64.340105406558834 ], [ -15.006679100597397, 64.340042583956063 ], [ -15.006264252385789, 64.340000232934003 ], [ -15.005945680839565, 64.339939879038809 ], [ -15.00558996585327, 64.339930121351898 ], [ -15.005266872721201, 64.339921350820276 ], [ -15.004979164904293, 64.339921419468766 ], [ -15.004728809635605, 64.339917204379077 ], [ -15.004423968994049, 64.339908839728508 ], [ -15.003910453815029, 64.339916298490692 ], [ -15.003235045639688, 64.339955829005461 ], [ -15.002585524572758, 64.340021875142369 ], [ -15.001823998994526, 64.340039679012108 ], [ -15.001392299483648, 64.340040728679014 ], [ -15.000654044267602, 64.34000109735841 ], [ -14.999705679164638, 64.339871813772007 ], [ -14.998592619431504, 64.33964766951371 ], [ -14.998490540586664, 64.339735192681346 ], [ -14.999404350730867, 64.339999027571295 ], [ -15.000901113946465, 64.340143375555456 ], [ -15.001790404631254, 64.340167796744225 ], [ -15.002613096812262, 64.34013876814565 ], [ -15.003840659224789, 64.340088586912898 ], [ -15.004976474435306, 64.340055234236473 ], [ -15.005526110158369, 64.340074434433191 ], [ -15.00590141526256, 64.340103307802437 ], [ -15.006347495654019, 64.340192510009928 ], [ -15.006637066703997, 64.340300796890247 ], [ -15.006873493044024, 64.340355178750286 ] ] ] ] } },
{ "type": "Feature", "properties": { "fid": 126, "rock_type_unit": "Breccia", "name_unit": "Ketillaugarfjall breccia", "volcanic_system": null, "formation_geology_type": "Volcanic", "feature_type": "Volcaniclastic", "geological_age": "Neogene", "geological_group": null, "geological_formation": null, "notes": "Volcanic and sedimentary breccias, layered, complex and high angle of deposition.", "citation": null, "date_reference": null, "date_input": "2026-07-22", "username": "Robert Alexander Askew - NATT", "unit_code": "Kbr", "scale_precision": "20", "rock_type": "Breccia" }, "geometry": { "type": "MultiPolygon", "coordinates": [ [ [ [ -15.24282383936916, 64.354924888536416 ], [ -15.243556829183776, 64.353592895243821 ], [ -15.243470399058555, 64.351551085434352 ], [ -15.242373381653582, 64.349748093541862 ], [ -15.241519359680238, 64.348401657434366 ], [ -15.240626281954818, 64.346895277535353 ], [ -15.239133201973848, 64.344419825227988 ], [ -15.238214995091237, 64.343098192616907 ], [ -15.236720732804876, 64.341523274208072 ], [ -15.236531399583686, 64.340120092540317 ], [ -15.234579461135109, 64.340555868308044 ], [ -15.230419547330456, 64.340541910696416 ], [ -15.228022086732413, 64.340571397014585 ], [ -15.226706121251535, 64.340415223994967 ], [ -15.224322411219877, 64.339834589715153 ], [ -15.222045508962076, 64.339500851661356 ], [ -15.221133679888752, 64.339477193545363 ], [ -15.219929936769983, 64.339018659846388 ], [ -15.218908510791982, 64.338259639717535 ], [ -15.21862546890028, 64.338073814355241 ], [ -15.217188378909986, 64.336444747968329 ], [ -15.215514932761531, 64.335821364162044 ], [ -15.211406680903917, 64.335500879917888 ], [ -15.207116141474746, 64.335480741833862 ], [ -15.205807457087522, 64.335782380245519 ], [ -15.204089064127299, 64.33650062654857 ], [ -15.203753721450703, 64.336888662045723 ], [ -15.202166349054863, 64.339000890998122 ], [ -15.202169518455724, 64.342014641313668 ], [ -15.202622751669669, 64.342505634806727 ], [ -15.203911829303632, 64.343363317292017 ], [ -15.204801160377787, 64.344057963910089 ], [ -15.205756474050498, 64.344784844144044 ], [ -15.207100542195006, 64.345247148731048 ], [ -15.208228187585187, 64.345518076602445 ], [ -15.210881857052982, 64.346413806704973 ], [ -15.213821347546423, 64.347181106446214 ], [ -15.213774952756344, 64.345749505073798 ], [ -15.213376674965309, 64.344653110501142 ], [ -15.212566858903351, 64.343440057688497 ], [ -15.212393922689818, 64.342481962497899 ], [ -15.212085842229895, 64.34117599699286 ], [ -15.211927545552161, 64.34011232598904 ], [ -15.211865442071991, 64.339236578770198 ], [ -15.211981093902068, 64.338842254597566 ], [ -15.2124400613343, 64.338615793339343 ], [ -15.213235043033606, 64.33860997949489 ], [ -15.214462255914038, 64.339012729738286 ], [ -15.215534921042366, 64.339649851239784 ], [ -15.217537884726726, 64.340628993521491 ], [ -15.2187677984478, 64.341455592471476 ], [ -15.220003997413912, 64.342679671925126 ], [ -15.221380291963793, 64.343774929648148 ], [ -15.223253685846915, 64.345253901766455 ], [ -15.224490256540072, 64.346477943466823 ], [ -15.224759939690252, 64.347623939997774 ], [ -15.224850601655625, 64.348738807845777 ], [ -15.224679476463832, 64.349979334297359 ], [ -15.224537467200104, 64.351008707226839 ], [ -15.225043524322615, 64.352213804485558 ], [ -15.226065989959343, 64.353220367694078 ], [ -15.228271234665709, 64.354072124752221 ], [ -15.229721171260101, 64.354639418950711 ], [ -15.230792068530372, 64.35485254375709 ], [ -15.232794791877332, 64.354957312949963 ], [ -15.235517549841374, 64.355160123125259 ], [ -15.237308546447059, 64.355471265024605 ], [ -15.239501327573532, 64.355527871613106 ], [ -15.241533138690523, 64.355421364392342 ], [ -15.24282383936916, 64.354924888536416 ] ] ] ] } },
{ "type": "Feature", "properties": { "fid": 127, "rock_type_unit": "Felsite intrusion", "name_unit": "Ketillaugarfjall rhyolite", "volcanic_system": null, "formation_geology_type": "Intrusion", "feature_type": "Sheet", "geological_age": "Neogene", "geological_group": null, "geological_formation": null, "notes": null, "citation": null, "date_reference": null, "date_input": "2026-07-22", "username": "Robert Alexander Askew - NATT", "unit_code": null, "scale_precision": "20", "rock_type": "Felsite" }, "geometry": { "type": "MultiPolygon", "coordinates": [ [ [ [ -15.23718045169211, 64.33255370502269 ], [ -15.23543867266628, 64.331380109739115 ], [ -15.234525324978552, 64.330396363197735 ], [ -15.233283999188865, 64.329538878013878 ], [ -15.23168406757731, 64.328183611185267 ], [ -15.229246907651955, 64.326705570418426 ], [ -15.225857680039677, 64.325657598556319 ], [ -15.223855629752364, 64.3252519384734 ], [ -15.221118526448096, 64.32482716713497 ], [ -15.219885077496919, 64.324761448900489 ], [ -15.219147652186432, 64.324759139586035 ], [ -15.218876125839181, 64.325038443585214 ], [ -15.219360567250561, 64.325185784092014 ], [ -15.222461444054865, 64.325788474726821 ], [ -15.227595767871636, 64.327134431932336 ], [ -15.23377158927725, 64.330511620283644 ], [ -15.235812055076055, 64.332619398162279 ], [ -15.23782254626604, 64.333816774509884 ], [ -15.239621727568114, 64.334857063383339 ], [ -15.241217832748717, 64.336245813120897 ], [ -15.242425157935273, 64.33735500250225 ], [ -15.243191533815663, 64.337998011338385 ], [ -15.24469360839068, 64.34007489904468 ], [ -15.245195181232559, 64.341233234782365 ], [ -15.245622502825515, 64.341800108331739 ], [ -15.246466918932157, 64.34215875623201 ], [ -15.246357472266233, 64.340705173346535 ], [ -15.246153177161213, 64.340196749149655 ], [ -15.2449510300483, 64.338481341217232 ], [ -15.243957819455952, 64.337226101985451 ], [ -15.241793357225964, 64.335165794775506 ], [ -15.240280658955808, 64.33430137555203 ], [ -15.238854683363192, 64.333371801500903 ], [ -15.23718045169211, 64.33255370502269 ] ] ] ] } },
{ "type": "Feature", "properties": { "fid": 128, "rock_type_unit": "Felsite intrusion", "name_unit": null, "volcanic_system": null, "formation_geology_type": "Intrusion", "feature_type": "Sheet", "geological_age": null, "geological_group": null, "geological_formation": null, "notes": null, "citation": null, "date_reference": null, "date_input": "2026-07-22", "username": "Robert Alexander Askew - NATT", "unit_code": null, "scale_precision": "20", "rock_type": "Felsite" }, "geometry": { "type": "MultiPolygon", "coordinates": [ [ [ [ -15.239501327573532, 64.355527871613106 ], [ -15.24155977994816, 64.357242543708395 ], [ -15.242296722709289, 64.358103759987031 ], [ -15.243329796109251, 64.359073670551979 ], [ -15.244207979947129, 64.360039580425607 ], [ -15.244744886855637, 64.36065980670098 ], [ -15.24410658646044, 64.360778112102906 ], [ -15.242347525793358, 64.360564326775787 ], [ -15.239909611284915, 64.360198252531447 ], [ -15.238100836750592, 64.359781000049736 ], [ -15.236561497401901, 64.359101172818015 ], [ -15.235300855984924, 64.358091640719053 ], [ -15.233994100587715, 64.357417790736037 ], [ -15.232572959303759, 64.35701048017458 ], [ -15.22927061351618, 64.356150221011873 ], [ -15.22807396005536, 64.35524333873974 ], [ -15.228271234665709, 64.354072124752221 ], [ -15.229721171260101, 64.354639418950711 ], [ -15.230792068530372, 64.35485254375709 ], [ -15.232794791877332, 64.354957312949963 ], [ -15.235517549841374, 64.355160123125259 ], [ -15.237308546447059, 64.355471265024605 ], [ -15.239501327573532, 64.355527871613106 ] ] ] ] } },
{ "type": "Feature", "properties": { "fid": 130, "rock_type_unit": "Felsite sheet", "name_unit": null, "volcanic_system": null, "formation_geology_type": "Intrusion", "feature_type": "Sheet", "geological_age": "Neogene", "geological_group": null, "geological_formation": null, "notes": null, "citation": null, "date_reference": null, "date_input": "2026-07-22", "username": "Robert Alexander Askew - NATT", "unit_code": null, "scale_precision": "20", "rock_type": "Felsite" }, "geometry": { "type": "MultiPolygon", "coordinates": [ [ [ [ -15.102553290753766, 64.290646004440035 ], [ -15.102460037140066, 64.290483463144653 ], [ -15.10234031050927, 64.290370751128307 ], [ -15.102260414448635, 64.290250683854168 ], [ -15.102242052128359, 64.290106996972412 ], [ -15.102256363508486, 64.290006302276936 ], [ -15.102466242261974, 64.289894005281809 ], [ -15.102549477774174, 64.289854121135448 ], [ -15.102802999372125, 64.289844072345929 ], [ -15.103290965426401, 64.289958233172101 ], [ -15.103492736603528, 64.290039450950587 ], [ -15.103709058701671, 64.290154751234383 ], [ -15.103883169196546, 64.290294189289952 ], [ -15.103961880372243, 64.290422646912504 ], [ -15.104042976461036, 64.290534322014523 ], [ -15.104133855483855, 64.290713644777227 ], [ -15.104660977075431, 64.291098391836556 ], [ -15.105101992173996, 64.291270249888072 ], [ -15.105702334324295, 64.291412682259406 ], [ -15.106395705834275, 64.291582873367872 ], [ -15.106883717726255, 64.291697022163163 ], [ -15.107253433329912, 64.291824847703538 ], [ -15.107735497987807, 64.291980949978935 ], [ -15.107879337598932, 64.292060609768114 ], [ -15.108001740990158, 64.292291312333148 ], [ -15.10799843286671, 64.292451263791591 ], [ -15.107801658489613, 64.292471264798365 ], [ -15.107634923655146, 64.292416261426169 ], [ -15.107228940680701, 64.292270619579696 ], [ -15.106827727235602, 64.29209141154881 ], [ -15.106441073095747, 64.291946284930432 ], [ -15.105809225788093, 64.291752472957413 ], [ -15.104869468115803, 64.291541984390392 ], [ -15.104625467227338, 64.29148490682104 ], [ -15.103731519529322, 64.29122509886588 ], [ -15.103323190209204, 64.291096228613426 ], [ -15.102883381497969, 64.290915973943953 ], [ -15.102617447997549, 64.290740379891446 ], [ -15.102553290753766, 64.290646004440035 ] ] ] ] } },
{ "type": "Feature", "properties": { "fid": 131, "rock_type_unit": "Gabbro", "name_unit": "Hvalnes", "volcanic_system": null, "formation_geology_type": "Intrusion", "feature_type": "Pluton", "geological_age": "Neogene", "geological_group": null, "geological_formation": null, "notes": null, "citation": "Thorarinsson and Tegner, 2009", "date_reference": null, "date_input": "2026-09-16", "username": "Robert Alexander Askew - NATT", "unit_code": null, "scale_precision": "20", "rock_type": "Gabbro" }, "geometry": { "type": "MultiPolygon", "coordinates": [ [ [ [ -14.558765212768215, 64.423248681015636 ], [ -14.558520760294941, 64.422930191876574 ], [ -14.55843603557102, 64.42261337744759 ], [ -14.5582093208417, 64.422331522869882 ], [ -14.558172992355724, 64.421996540671103 ], [ -14.558130301257561, 64.421700644508519 ], [ -14.558042403090216, 64.421403372886402 ], [ -14.55804492183465, 64.421108852155939 ], [ -14.558032642201507, 64.421010806549006 ], [ -14.55803264220151, 64.421010806549006 ], [ -14.55767059402951, 64.420166199534322 ], [ -14.557370858758905, 64.419700664580887 ], [ -14.55631178081142, 64.418663163348654 ], [ -14.556308498001782, 64.418659947285732 ], [ -14.55599461513474, 64.41835579432653 ], [ -14.556090743185866, 64.418044482843825 ], [ -14.55619323440547, 64.417694085351243 ], [ -14.556111735587441, 64.417357726664434 ], [ -14.555849436242561, 64.41701586350797 ], [ -14.5556711777004, 64.416715838216405 ], [ -14.555676904458888, 64.416401774617412 ], [ -14.555463001756252, 64.416041743998179 ], [ -14.555375150794902, 64.415744470838334 ], [ -14.555254836079836, 64.415367649501562 ], [ -14.555305764691349, 64.415054962245705 ], [ -14.555172721755479, 64.41475631266583 ], [ -14.554907275904457, 64.414433990804881 ], [ -14.554683848739923, 64.414132587907162 ], [ -14.554412047718417, 64.413849351033875 ], [ -14.554140252329331, 64.413566113658447 ], [ -14.554711239961273, 64.41340674615715 ], [ -14.555363697292272, 64.413583735521044 ], [ -14.555777456826597, 64.41383201323606 ], [ -14.556278433267131, 64.414102584787543 ], [ -14.556788965211307, 64.414314525668587 ], [ -14.557396261134633, 64.414490130116207 ], [ -14.558254995939269, 64.41451626507326 ], [ -14.559048781124414, 64.414383300429648 ], [ -14.559619757206882, 64.414223913752593 ], [ -14.560113052512394, 64.41398360300262 ], [ -14.560903634332075, 64.413870171348563 ], [ -14.561804370557176, 64.413917203098237 ], [ -14.5625243262262, 64.413958733124417 ], [ -14.562885182062328, 64.413694747639397 ], [ -14.563042296611513, 64.413287090005767 ], [ -14.562960726659526, 64.412950735197427 ], [ -14.562498543814508, 64.41272064685981 ], [ -14.562458997964395, 64.412405208960834 ], [ -14.562245037215117, 64.412045188323418 ], [ -14.562292702063468, 64.411752041779721 ], [ -14.562840652753001, 64.411454466673931 ], [ -14.56289148731048, 64.411141776827336 ], [ -14.563210288438034, 64.410856873490559 ], [ -14.563532259520279, 64.4105524263326 ], [ -14.563625097808128, 64.410260653125135 ], [ -14.563881422965352, 64.410171561485825 ], [ -14.564145462190297, 64.410174885514721 ], [ -14.565407494265516, 64.410190764652469 ], [ -14.566423039099167, 64.410257857739282 ], [ -14.566589261417128, 64.410282539226898 ], [ -14.566523606159944, 64.410309456907655 ], [ -14.565369190178544, 64.410706454584584 ], [ -14.565002779352438, 64.411284510061165 ], [ -14.564907508385081, 64.411870804892089 ], [ -14.566019017277473, 64.412297370574407 ], [ -14.567239994249704, 64.412609413811794 ], [ -14.568732166105724, 64.412929680020554 ], [ -14.570134234072157, 64.412746172031746 ], [ -14.572024833602798, 64.413318148319945 ], [ -14.573802725470221, 64.413886679942138 ], [ -14.57548871537273, 64.414672946483506 ], [ -14.577863419341709, 64.415406542542286 ], [ -14.579798913134201, 64.416053282441212 ], [ -14.580534309561049, 64.416761684317635 ], [ -14.58444911305501, 64.417786828961425 ], [ -14.586113567703686, 64.418008697860827 ], [ -14.58886669427552, 64.41850849312371 ], [ -14.590098217005043, 64.419305341473333 ], [ -14.591095059486035, 64.419801035902296 ], [ -14.592198130865334, 64.420692001762887 ], [ -14.592402646761913, 64.421531329130602 ], [ -14.592150683641892, 64.422038317056263 ], [ -14.591830478612966, 64.422616758065033 ], [ -14.591541783325601, 64.423000113982326 ], [ -14.589123993479928, 64.424172138437228 ], [ -14.588798986933078, 64.424496185787518 ], [ -14.588657993683851, 64.424806152822086 ], [ -14.588559052510714, 64.425137029436556 ], [ -14.588327620831045, 64.42544426408503 ], [ -14.587812239881815, 64.425821475788226 ], [ -14.587364191688467, 64.426063246485654 ], [ -14.586955029768472, 64.426345469635081 ], [ -14.586633133593624, 64.426649968548944 ], [ -14.586100949127319, 64.426849914837078 ], [ -14.585656031621559, 64.427072136679811 ], [ -14.584969195378555, 64.427385239737532 ], [ -14.584422094896125, 64.427957875588376 ], [ -14.583892638814621, 64.428982746779951 ], [ -14.583046578614734, 64.429998042339676 ], [ -14.582099602846865, 64.43079424999658 ], [ -14.581350677982577, 64.430928708124839 ], [ -14.580507239328423, 64.430804991246404 ], [ -14.579796314322843, 64.430704919261046 ], [ -14.579104401257954, 64.430487582930155 ], [ -14.578690177503065, 64.430239371094345 ], [ -14.578053013707159, 64.429964768440499 ], [ -14.577538855560276, 64.429772445147876 ], [ -14.576818460350378, 64.429730989036742 ], [ -14.576124271051846, 64.429808159749726 ], [ -14.575116688193795, 64.429856192853222 ], [ -14.574209061162861, 64.429848329844276 ], [ -14.573398223667914, 64.429804115941479 ], [ -14.57236762111962, 64.429713955891998 ], [ -14.571424296738787, 64.429646074564729 ], [ -14.570713435168916, 64.429545958443455 ], [ -14.570050974843195, 64.429427667336597 ], [ -14.569682070859077, 64.429180801743385 ], [ -14.569119590554642, 64.429006620274663 ], [ -14.568463500610644, 64.428849235451864 ], [ -14.567810593871304, 64.428672304451453 ], [ -14.567037915929467, 64.428393536461783 ], [ -14.566207327346596, 64.428191564273931 ], [ -14.565541742175503, 64.428092795952566 ], [ -14.564920648660861, 64.427720420194476 ], [ -14.564190067327379, 64.427462553668718 ], [ -14.563414281923745, 64.427203309706286 ], [ -14.562925710352793, 64.426854589959618 ], [ -14.562291963293456, 64.426560375568911 ], [ -14.561693906887122, 64.426326162072584 ], [ -14.560079315956656, 64.426482219726068 ], [ -14.559088623286369, 64.42669866778806 ], [ -14.558361972810388, 64.426696206879896 ], [ -14.556884143767521, 64.426605583046907 ], [ -14.555827283641738, 64.4261323228762 ], [ -14.554443100760487, 64.425232494876653 ], [ -14.553475317462802, 64.424908960208612 ], [ -14.554264346203279, 64.424589908479675 ], [ -14.555637356303219, 64.42416610219891 ], [ -14.557498183758737, 64.423879654835957 ], [ -14.55828331143679, 64.423551442717212 ], [ -14.558765212768215, 64.423248681015636 ] ] ] ] } },
{ "type": "Feature", "properties": { "fid": 132, "rock_type_unit": "Mixed complex", "name_unit": "Hvalnes", "volcanic_system": null, "formation_geology_type": "Intrusion", "feature_type": "Pluton", "geological_age": "Neogene", "geological_group": null, "geological_formation": null, "notes": "Mixing and mingling zone, both granite and gabbro in a close relationship. ", "citation": null, "date_reference": null, "date_input": "2026-09-16", "username": "Robert Alexander Askew - NATT", "unit_code": null, "scale_precision": "20", "rock_type": "Gabbro" }, "geometry": { "type": "MultiPolygon", "coordinates": [ [ [ [ -14.558765212768215, 64.423248681015636 ], [ -14.55828331143679, 64.423551442717212 ], [ -14.557498183758737, 64.423879654835957 ], [ -14.555637356303219, 64.42416610219891 ], [ -14.554264346203279, 64.424589908479675 ], [ -14.553475317462802, 64.424908960208612 ], [ -14.55229780316472, 64.424481007603305 ], [ -14.55120855092664, 64.423859688724235 ], [ -14.548636744734116, 64.423291190875403 ], [ -14.546052425974116, 64.422452699472203 ], [ -14.543673913038054, 64.421476140936804 ], [ -14.54284421751278, 64.421549013922458 ], [ -14.54200443608473, 64.421405532428921 ], [ -14.541303477953566, 64.421246645422443 ], [ -14.540505726227229, 64.421124078603299 ], [ -14.539749993242387, 64.421022431170371 ], [ -14.539045862739369, 64.420883075963872 ], [ -14.53826091517201, 64.420682326485519 ], [ -14.537543558916981, 64.420346156611544 ], [ -14.536849047489, 64.420148163119435 ], [ -14.536438561363358, 64.419880289237497 ], [ -14.536212096180316, 64.419598400604542 ], [ -14.536169646594194, 64.419302498076021 ], [ -14.535167730088039, 64.418428626539082 ], [ -14.53528882426872, 64.418312520604246 ], [ -14.535143283321752, 64.418043229706399 ], [ -14.534967832287274, 64.417867608763771 ], [ -14.534629668104179, 64.417705926796216 ], [ -14.534270836878814, 64.417581445809915 ], [ -14.5339721107123, 64.417446192835271 ], [ -14.53322146415932, 64.417309721809161 ], [ -14.532583705747193, 64.417107337825243 ], [ -14.532308620697332, 64.416827771917099 ], [ -14.532202729641757, 64.416775011928266 ], [ -14.531944545506219, 64.416646372955412 ], [ -14.531782607479949, 64.416477467011404 ], [ -14.531821776613357, 64.416327328082204 ], [ -14.532047536894241, 64.416195512166411 ], [ -14.532400683327493, 64.415998231294111 ], [ -14.532696677775654, 64.415704615457813 ], [ -14.532763310162039, 64.415208500684599 ], [ -14.532738899397168, 64.414823103852015 ], [ -14.532597510472018, 64.414528711965843 ], [ -14.53249888946109, 64.414418496003208 ], [ -14.532478637447696, 64.414412636003433 ], [ -14.532303961332317, 64.414362084005788 ], [ -14.532314233382785, 64.414299341034678 ], [ -14.532427128533866, 64.414216844084009 ], [ -14.532513008648834, 64.414154087121602 ], [ -14.532657979828141, 64.41407024417525 ], [ -14.532660668018849, 64.413786568300878 ], [ -14.532534823111051, 64.413486346419006 ], [ -14.532379063115663, 64.413279794492482 ], [ -14.532431706255805, 64.41313637456183 ], [ -14.532463546412176, 64.412941870651409 ], [ -14.532376099515551, 64.412674352759524 ], [ -14.532243201514182, 64.412506335818549 ], [ -14.532004759348197, 64.412448589816975 ], [ -14.531614036027509, 64.412430321780448 ], [ -14.530623171244303, 64.412336924708725 ], [ -14.529926728665764, 64.412315594638514 ], [ -14.529566961435233, 64.41219737665017 ], [ -14.529559525513495, 64.412064728708586 ], [ -14.529564422650216, 64.411856788802069 ], [ -14.529975201292391, 64.411396438054851 ], [ -14.53017807657306, 64.411226091154191 ], [ -14.530182064648629, 64.411112709205341 ], [ -14.52996534152922, 64.411011485225799 ], [ -14.530001429643457, 64.41088017028865 ], [ -14.530201218909333, 64.41072864537918 ], [ -14.530223825016385, 64.410590610443478 ], [ -14.530125227002946, 64.41048039348145 ], [ -14.530192385150919, 64.410337417553052 ], [ -14.530545469575596, 64.41014014168158 ], [ -14.531351519783266, 64.409313550143153 ], [ -14.531596740150025, 64.409062523283325 ], [ -14.532003720602193, 64.40889211840603 ], [ -14.533033088731663, 64.408482230706753 ], [ -14.53355070636613, 64.408170176905287 ], [ -14.534072149130592, 64.407656454194367 ], [ -14.534474302839852, 64.40706971850237 ], [ -14.534773257288649, 64.406757274676082 ], [ -14.535410978035781, 64.406423667897855 ], [ -14.535735988437942, 64.406219218026237 ], [ -14.535786266673533, 64.405911776169248 ], [ -14.535797130892552, 64.405577905319589 ], [ -14.53594600914167, 64.40538067742466 ], [ -14.536287560564718, 64.405164121560318 ], [ -14.536897384235365, 64.40491163074266 ], [ -14.537417235764622, 64.404763582868028 ], [ -14.537773273198805, 64.404547467005102 ], [ -14.537829826406947, 64.40429066312619 ], [ -14.538163873905575, 64.403941454320204 ], [ -14.538484583341686, 64.40367381147621 ], [ -14.538635182709211, 64.403287462665844 ], [ -14.53883001422693, 64.402719601941527 ], [ -14.539103661777263, 64.402204597202569 ], [ -14.539803184639382, 64.401759363480991 ], [ -14.540079470978725, 64.401584945590258 ], [ -14.540723781528074, 64.401566806671667 ], [ -14.5411020607858, 64.401660342672997 ], [ -14.541487673022264, 64.401798241655371 ], [ -14.541880300346715, 64.401803933697551 ], [ -14.542248879725765, 64.401689083790714 ], [ -14.542588287135548, 64.401485060920407 ], [ -14.542829565367574, 64.401435681969886 ], [ -14.543433596840929, 64.401485663016345 ], [ -14.543986785300168, 64.401489950077405 ], [ -14.544455599625003, 64.401597942082589 ], [ -14.544697091690598, 64.40181875501159 ], [ -14.544954109711572, 64.402133419900537 ], [ -14.545169259772397, 64.402326746838796 ], [ -14.545382245823394, 64.402533347770913 ], [ -14.545514009849095, 64.402670769724622 ], [ -14.545461668724228, 64.402802569659869 ], [ -14.545326298449408, 64.403065232527325 ], [ -14.545056994138674, 64.403203748434834 ], [ -14.544678062788915, 64.403256431368192 ], [ -14.54456053059449, 64.403412219285315 ], [ -14.544595751525144, 64.403572671217731 ], [ -14.544934327696119, 64.403755668174696 ], [ -14.545388643937645, 64.403982041125502 ], [ -14.545631263014043, 64.404188669061028 ], [ -14.545732272900919, 64.404510504929021 ], [ -14.550331330426163, 64.406710516472955 ], [ -14.550348607377526, 64.406814830428431 ], [ -14.550577760532864, 64.406881125425144 ], [ -14.551211880882786, 64.407196995356955 ], [ -14.551953612215637, 64.407694064220465 ], [ -14.553446767928808, 64.408629175975008 ], [ -14.554098873256338, 64.409013225878724 ], [ -14.55465174860055, 64.409229302845915 ], [ -14.555656418248464, 64.409586091802325 ], [ -14.556938834148774, 64.409921674800131 ], [ -14.557631246643025, 64.410090149804645 ], [ -14.558571032363432, 64.410236525847424 ], [ -14.559226332871752, 64.410328941881517 ], [ -14.560080973590967, 64.410354945968081 ], [ -14.561063616428703, 64.410366719075625 ], [ -14.562081764349751, 64.410288972227107 ], [ -14.563568018684041, 64.410192010440809 ], [ -14.563881422965352, 64.410171561485825 ], [ -14.563625097808128, 64.410260653125121 ], [ -14.563532259520279, 64.4105524263326 ], [ -14.563210288438034, 64.410856873490559 ], [ -14.56289148731048, 64.411141776827336 ], [ -14.562840652753001, 64.411454466673931 ], [ -14.562292702063468, 64.411752041779721 ], [ -14.562245037215117, 64.412045188323418 ], [ -14.562458997964395, 64.412405208960834 ], [ -14.562498543814508, 64.41272064685981 ], [ -14.562960726659526, 64.412950735197427 ], [ -14.563042296611513, 64.413287090005767 ], [ -14.562885182062328, 64.413694747639397 ], [ -14.5625243262262, 64.413958733124417 ], [ -14.56180437055718, 64.413917203098237 ], [ -14.560903634332076, 64.413870171348535 ], [ -14.560113052512394, 64.41398360300262 ], [ -14.559619757206882, 64.414223913752593 ], [ -14.559048781124414, 64.414383300429648 ], [ -14.558254995939269, 64.41451626507326 ], [ -14.557396261134633, 64.414490130116207 ], [ -14.556788965211307, 64.414314525668587 ], [ -14.556278433267131, 64.414102584787543 ], [ -14.555777456826597, 64.41383201323606 ], [ -14.555363697292272, 64.413583735521044 ], [ -14.554711239961273, 64.41340674615715 ], [ -14.554140252329331, 64.413566113658447 ], [ -14.554412047718417, 64.413849351033875 ], [ -14.554683848739923, 64.414132587907162 ], [ -14.554907275904457, 64.414433990804881 ], [ -14.555172721755479, 64.41475631266583 ], [ -14.555305764691349, 64.415054962245705 ], [ -14.555254836079829, 64.415367649501547 ], [ -14.555254836079836, 64.415367649501562 ], [ -14.555254836079836, 64.415367649501562 ], [ -14.555375150794902, 64.415744470838334 ], [ -14.555463001756252, 64.416041743998179 ], [ -14.555676904458888, 64.416401774617412 ], [ -14.555676904458888, 64.416401774617412 ], [ -14.5556711777004, 64.416715838216405 ], [ -14.555849436242561, 64.41701586350797 ], [ -14.556111735587441, 64.417357726664434 ], [ -14.55619323440547, 64.417694085351243 ], [ -14.556090743185866, 64.418044482843825 ], [ -14.55599461513474, 64.41835579432653 ], [ -14.556308498001782, 64.418659947285732 ], [ -14.55631178081142, 64.418663163348654 ], [ -14.557370858758905, 64.419700664580887 ], [ -14.55767059402951, 64.420166199534322 ], [ -14.55803264220151, 64.421010806549006 ], [ -14.558032642201507, 64.421010806549006 ], [ -14.55804492183465, 64.421108852155939 ], [ -14.558042403090216, 64.421403372886402 ], [ -14.558130301257561, 64.421700644508519 ], [ -14.558172992355724, 64.421996540671103 ], [ -14.5582093208417, 64.422331522869882 ], [ -14.55843603557102, 64.42261337744759 ], [ -14.558520760294941, 64.422930191876574 ], [ -14.558765212768215, 64.423248681015636 ] ] ] ] } },
{ "type": "Feature", "properties": { "fid": 133, "rock_type_unit": "Granite", "name_unit": "Eystrahorn", "volcanic_system": null, "formation_geology_type": "Intrusion", "feature_type": "Pluton", "geological_age": "Neogene", "geological_group": null, "geological_formation": null, "notes": null, "citation": null, "date_reference": null, "date_input": "2026-09-16", "username": "Robert Alexander Askew - NATT", "unit_code": null, "scale_precision": "20", "rock_type": "Granite" }, "geometry": { "type": "MultiPolygon", "coordinates": [ [ [ [ -14.566916553364862, 64.433613995945819 ], [ -14.56512501073391, 64.432891861496373 ], [ -14.563928582365673, 64.432423455121821 ], [ -14.562719476358536, 64.432033211481411 ], [ -14.561891287279977, 64.43153669383824 ], [ -14.560985403337494, 64.430959250082992 ], [ -14.559885939879001, 64.430454473565902 ], [ -14.559320329022595, 64.430333113775731 ], [ -14.558292483117649, 64.4290989712445 ], [ -14.5579443453418, 64.428451240798509 ], [ -14.557538981844315, 64.42745869183679 ], [ -14.556884143767521, 64.426605583046907 ], [ -14.558361972810388, 64.426696206879896 ], [ -14.559088623286369, 64.42669866778806 ], [ -14.560079315956656, 64.42648221972604 ], [ -14.561693906887122, 64.426326162072584 ], [ -14.562291963293456, 64.426560375568897 ], [ -14.562925710352793, 64.426854589959618 ], [ -14.563414281923745, 64.427203309706286 ], [ -14.564190067327379, 64.427462553668718 ], [ -14.564920648660861, 64.427720420194476 ], [ -14.565541742175503, 64.428092795952566 ], [ -14.566207327346596, 64.428191564273931 ], [ -14.567037915929467, 64.428393536461783 ], [ -14.567810593871304, 64.428672304451453 ], [ -14.568463500610644, 64.428849235451864 ], [ -14.569119590554642, 64.429006620274663 ], [ -14.569682070859077, 64.429180801743385 ], [ -14.570050974843195, 64.429427667336597 ], [ -14.570713435168916, 64.429545958443455 ], [ -14.571424296738787, 64.429646074564729 ], [ -14.57236762111962, 64.429713955891998 ], [ -14.573398223667914, 64.429804115941479 ], [ -14.574209061162861, 64.429848329844276 ], [ -14.575116688193795, 64.429856192853222 ], [ -14.576124271051846, 64.429808159749726 ], [ -14.576818460350378, 64.429730989036742 ], [ -14.577538855560276, 64.429772445147876 ], [ -14.578053013707159, 64.429964768440499 ], [ -14.578690177503065, 64.430239371094345 ], [ -14.579104401257954, 64.430487582930155 ], [ -14.579796314322843, 64.430704919261046 ], [ -14.580507239328423, 64.430804991246404 ], [ -14.581350677982577, 64.430928708124839 ], [ -14.582099602846865, 64.43079424999658 ], [ -14.583046578614734, 64.429998042339676 ], [ -14.583892638814621, 64.428982746779951 ], [ -14.584422094896125, 64.427957875588376 ], [ -14.584969195378555, 64.427385239737532 ], [ -14.585656031621559, 64.427072136679811 ], [ -14.586100949127319, 64.426849914837078 ], [ -14.586633133593624, 64.426649968548944 ], [ -14.586955029768472, 64.426345469635081 ], [ -14.587364191688467, 64.426063246485654 ], [ -14.587812239881815, 64.425821475788226 ], [ -14.588327620831045, 64.425444264085044 ], [ -14.588559052510714, 64.425137029436556 ], [ -14.588657993683851, 64.424806152822086 ], [ -14.588798986933078, 64.424496185787518 ], [ -14.589123993479928, 64.424172138437228 ], [ -14.590726741717267, 64.423395221374477 ], [ -14.590726741717267, 64.423395221374477 ], [ -14.591541783325601, 64.423000113982326 ], [ -14.591830478612966, 64.422616758065033 ], [ -14.592150683641892, 64.422038317056263 ], [ -14.592402646761913, 64.421531329130602 ], [ -14.592198130865334, 64.420692001762887 ], [ -14.591661108781445, 64.420258249962899 ], [ -14.593713288697369, 64.420786747145996 ], [ -14.595628556852908, 64.421212104684329 ], [ -14.596960099639803, 64.421742354747664 ], [ -14.5981460637921, 64.422121176163628 ], [ -14.599771564145355, 64.422586746898361 ], [ -14.601969122608253, 64.423020521746793 ], [ -14.603909655514489, 64.423642556784486 ], [ -14.60489763380945, 64.423843828055112 ], [ -14.606914343508867, 64.424345591809242 ], [ -14.608077003376867, 64.424870648514442 ], [ -14.610305312408563, 64.425819797914599 ], [ -14.610581053454204, 64.426220150919079 ], [ -14.60870208074128, 64.427020692460047 ], [ -14.608071336970564, 64.427551608863993 ], [ -14.606695832768706, 64.427628067289191 ], [ -14.605267664153745, 64.427467262534748 ], [ -14.603730173508346, 64.427420985280463 ], [ -14.602379869972761, 64.427341051023262 ], [ -14.60091392027052, 64.427414731545781 ], [ -14.600108437282573, 64.427901076792537 ], [ -14.599044209075332, 64.428301065502907 ], [ -14.598678274832128, 64.428879205697058 ], [ -14.597950538550164, 64.429446440472788 ], [ -14.597041875270547, 64.430008218146355 ], [ -14.596675875785991, 64.430586353366039 ], [ -14.595359075617154, 64.430860870826336 ], [ -14.593402771566343, 64.431155362048173 ], [ -14.592332001533624, 64.431594389551407 ], [ -14.591934293204252, 64.432367950627423 ], [ -14.591820572962458, 64.433071525977041 ], [ -14.591694210267502, 64.433853276281852 ], [ -14.591694210267502, 64.433853276281866 ], [ -14.591694210267502, 64.43385327628188 ], [ -14.591761403468526, 64.434562311728456 ], [ -14.591847555430457, 64.435154084598054 ], [ -14.590757643467075, 64.435710363203796 ], [ -14.590300966063891, 64.436285751868184 ], [ -14.589491528358645, 64.436722395484963 ], [ -14.589404562486886, 64.436769307316396 ], [ -14.589200286444232, 64.437470149180598 ], [ -14.588200702178064, 64.438029140406144 ], [ -14.588099511358301, 64.438654538259343 ], [ -14.587455447187381, 64.439263540678326 ], [ -14.586104605805422, 64.439183456146381 ], [ -14.586104605805419, 64.439183456146381 ], [ -14.586073977367128, 64.439185440341348 ], [ -14.584450691159061, 64.439290591727712 ], [ -14.583217495311988, 64.439606821746125 ], [ -14.581279437731169, 64.439783889465929 ], [ -14.579844446597347, 64.439661923499656 ], [ -14.578318990215834, 64.439537205110341 ], [ -14.576780865875625, 64.43949064457064 ], [ -14.575396653581823, 64.439055939981529 ], [ -14.574664839314476, 64.438523147885348 ], [ -14.573739418716542, 64.438063043327659 ], [ -14.572736250838492, 64.437522017718848 ], [ -14.571720427456299, 64.43705915854845 ], [ -14.570691940491594, 64.436674465548819 ], [ -14.570431659710502, 64.43603810722125 ], [ -14.569512745074794, 64.435538889376474 ], [ -14.568600215665979, 64.435000579254634 ], [ -14.567681369406536, 64.434501349925625 ], [ -14.566916553364862, 64.433613995945819 ] ] ] ] } },
{ "type": "Feature", "properties": { "fid": 134, "rock_type_unit": "Gabbro", "name_unit": "Hvalnes", "volcanic_system": null, "formation_geology_type": "Intrusion", "feature_type": "Pluton", "geological_age": "Neogene", "geological_group": null, "geological_formation": null, "notes": "Both gabbro and the mixing complex", "citation": null, "date_reference": null, "date_input": "2026-09-16", "username": "Robert Alexander Askew - NATT", "unit_code": null, "scale_precision": "20", "rock_type": "Gabbro" }, "geometry": { "type": "MultiPolygon", "coordinates": [ [ [ [ -14.507064637141513, 64.434449785162727 ], [ -14.507556562286133, 64.434380461359197 ], [ -14.508193297938526, 64.434236090495375 ], [ -14.508793696592335, 64.434046458647245 ], [ -14.509269659105129, 64.433903445764415 ], [ -14.510430077263706, 64.433680576994774 ], [ -14.511588348474559, 64.433381964258132 ], [ -14.513479473647367, 64.432620302808388 ], [ -14.516940800697366, 64.432751059554747 ], [ -14.516940800697443, 64.432751059554704 ], [ -14.517651587234166, 64.432482794578434 ], [ -14.518218629783187, 64.432224497639965 ], [ -14.519105195071784, 64.43209240832455 ], [ -14.519975554811337, 64.431886297343993 ], [ -14.520546657167216, 64.431689383148679 ], [ -14.521558690897221, 64.431138391977782 ], [ -14.522386777668661, 64.431016744308579 ], [ -14.522776285524351, 64.430998437600053 ], [ -14.523774512721511, 64.430422118862666 ], [ -14.526439603072342, 64.429731832039309 ], [ -14.527676134065945, 64.429193807987957 ], [ -14.528700182950848, 64.429103168866305 ], [ -14.529521945023411, 64.428821097334577 ], [ -14.530774487798046, 64.428388065485279 ], [ -14.532259884182377, 64.428197833197942 ], [ -14.533926130688116, 64.42801311759186 ], [ -14.535152975609293, 64.427736388234621 ], [ -14.536314946090787, 64.427300543865641 ], [ -14.536863041489479, 64.426728088128755 ], [ -14.537068579587642, 64.426027319833679 ], [ -14.536621934155347, 64.42542445893308 ], [ -14.536272129032776, 64.424785275997266 ], [ -14.536826569446252, 64.424173735358607 ], [ -14.536855066643433, 64.424040413281318 ], [ -14.537079435411382, 64.423881856003177 ], [ -14.537326464684641, 64.423825353063876 ], [ -14.537424940052986, 64.423730064181257 ], [ -14.537574444481779, 64.423682558347366 ], [ -14.538227018587875, 64.423592224742777 ], [ -14.538740700854804, 64.423571162415172 ], [ -14.539850686442664, 64.423543809295325 ], [ -14.540375479751171, 64.423541460146367 ], [ -14.541223795393559, 64.42364088639647 ], [ -14.541454074379265, 64.423758321640122 ], [ -14.541981175746907, 64.423722214880613 ], [ -14.542817681590851, 64.42355783305824 ], [ -14.543451153363362, 64.423497525909454 ], [ -14.544228964374929, 64.423594782405559 ], [ -14.544662501548627, 64.423804058660735 ], [ -14.545124832491794, 64.424054033862845 ], [ -14.545607046431948, 64.424442141327702 ], [ -14.546947680900455, 64.424522041896182 ], [ -14.548730677718433, 64.424733528755539 ], [ -14.550139243116925, 64.425012142548098 ], [ -14.551309613962861, 64.425637004559803 ], [ -14.55231192116846, 64.426178176811817 ], [ -14.553049340813825, 64.426671994611212 ], [ -14.553593175356728, 64.427238473199722 ], [ -14.55349760392197, 64.427824760945398 ], [ -14.5541382802014, 64.428354905375471 ], [ -14.555237552970251, 64.42885972505178 ], [ -14.556162350194054, 64.429319946457667 ], [ -14.556945798271839, 64.430090098508018 ], [ -14.555176396307985, 64.430350495538519 ], [ -14.553678298664462, 64.430619132262748 ], [ -14.552076976161764, 64.430963170660661 ], [ -14.550572437898911, 64.431270861374642 ], [ -14.548357035867426, 64.431478311853894 ], [ -14.54690986457436, 64.431434194230306 ], [ -14.545313722983302, 64.431189117315014 ], [ -14.543969790676408, 64.431069558365024 ], [ -14.542748254539852, 64.430757320574912 ], [ -14.541217075216792, 64.430671300857739 ], [ -14.539569892485487, 64.430738843800754 ], [ -14.538491880223164, 64.43121656230511 ], [ -14.537401039260699, 64.431772443175944 ], [ -14.53631655110212, 64.432289230819038 ], [ -14.535154368443836, 64.432725075277048 ], [ -14.533979347224108, 64.433239080516245 ], [ -14.532965983460134, 64.433875864136283 ], [ -14.531641980804276, 64.434188892904288 ], [ -14.530221084843616, 64.434538226449106 ], [ -14.528806561083657, 64.434848461419392 ], [ -14.527223910135552, 64.435074973452345 ], [ -14.525589253701728, 64.435064189563576 ], [ -14.52404505628944, 64.435056159375321 ], [ -14.52250727738164, 64.435009028386048 ], [ -14.521111900607432, 64.435201935454771 ], [ -14.519878156681576, 64.435517631495543 ], [ -14.519781832594012, 64.436103897298125 ], [ -14.518703262532053, 64.436581470045169 ], [ -14.518070549162461, 64.437111997988382 ], [ -14.51803786319981, 64.438417102623575 ], [ -14.518452189208036, 64.439215442179218 ], [ -14.518149175950082, 64.439952493371251 ], [ -14.517024937457991, 64.440153687987319 ], [ -14.513529057567244, 64.440399906149793 ], [ -14.508986725658399, 64.441478078255798 ], [ -14.506156444746273, 64.442098124024781 ], [ -14.503242001276782, 64.442676246627499 ], [ -14.502835237484721, 64.442750993236601 ], [ -14.502835237484724, 64.442750993236601 ], [ -14.502835237484717, 64.442750993236601 ], [ -14.502942432978472, 64.442801958145637 ], [ -14.502346811677773, 64.442518773200746 ], [ -14.501561347212236, 64.442236047233934 ], [ -14.500596454503674, 64.442067603196577 ], [ -14.499986400056615, 64.441960531173265 ], [ -14.499328632564653, 64.441877209136834 ], [ -14.498496577929602, 64.441788515083402 ], [ -14.497992369534849, 64.441747755045355 ], [ -14.497730914388086, 64.441651414058441 ], [ -14.497670709464892, 64.441485603124249 ], [ -14.497499458610847, 64.441108271270139 ], [ -14.497453762767611, 64.44085462337587 ], [ -14.497507678928432, 64.440704941447294 ], [ -14.498119652780064, 64.440269769705168 ], [ -14.498178742969273, 64.440088716790797 ], [ -14.498124755080333, 64.439885260873709 ], [ -14.498083238123954, 64.439783085913788 ], [ -14.498139239228133, 64.439709139952271 ], [ -14.498458731557999, 64.439630701021841 ], [ -14.498723235857245, 64.439531649094377 ], [ -14.498760546994564, 64.439394067158673 ], [ -14.498452392931231, 64.439138639236134 ], [ -14.498489705068565, 64.439001057300388 ], [ -14.498788385555775, 64.438694960467146 ], [ -14.499026918915959, 64.43848790758399 ], [ -14.499462526476242, 64.438236476742006 ], [ -14.499590073701796, 64.438082756823249 ], [ -14.499534007801287, 64.437891849900439 ], [ -14.499375227879813, 64.437615801003417 ], [ -14.499195738843328, 64.437465234049469 ], [ -14.498678122442682, 64.437417754013154 ], [ -14.498516288365842, 64.437337095030813 ], [ -14.498516288365844, 64.437337095030799 ], [ -14.498516288365838, 64.437337095030799 ], [ -14.497577995739608, 64.437177255074204 ], [ -14.497487267636668, 64.437039669444971 ], [ -14.497974992334436, 64.436834138208908 ], [ -14.498329671895377, 64.436575491237605 ], [ -14.498710508419187, 64.43615835368567 ], [ -14.499442055300388, 64.435850050115661 ], [ -14.499923708047195, 64.435681086973631 ], [ -14.499931707168335, 64.435460770048806 ], [ -14.499742191380005, 64.435234367794237 ], [ -14.500018270177888, 64.435108084860005 ], [ -14.500923203229588, 64.435123708087914 ], [ -14.501384721037894, 64.435076655611809 ], [ -14.501973117841313, 64.434776185705687 ], [ -14.502069769383052, 64.434534092286285 ], [ -14.502434498786398, 64.434386028352904 ], [ -14.503147931231904, 64.434358981162163 ], [ -14.503909752951122, 64.434382433949281 ], [ -14.504883153733532, 64.434326620236561 ], [ -14.505393044588345, 64.43433005823681 ], [ -14.506205271497969, 64.434391810412151 ], [ -14.507064637141418, 64.434449785162727 ], [ -14.507064637141513, 64.434449785162727 ] ] ] ] } },
{ "type": "Feature", "properties": { "fid": 135, "rock_type_unit": "Granite", "name_unit": "Reyðarártindur", "volcanic_system": null, "formation_geology_type": "Intrusion", "feature_type": "Pluton", "geological_age": "Neogene", "geological_group": null, "geological_formation": null, "notes": null, "citation": "Rhodes 2021; 2024; Twomey 2022", "date_reference": null, "date_input": "2026-09-16", "username": "Robert Alexander Askew - NATT", "unit_code": null, "scale_precision": "20", "rock_type": "Granite" }, "geometry": { "type": "MultiPolygon", "coordinates": [ [ [ [ -14.768335527832786, 64.433526791572064 ], [ -14.768983061649562, 64.433344844947058 ], [ -14.769863373791097, 64.43332573838444 ], [ -14.770671652272116, 64.433438342561359 ], [ -14.770722772949597, 64.433774326243594 ], [ -14.770616313886766, 64.434128048092305 ], [ -14.770564674887847, 64.434461056810832 ], [ -14.770564415393864, 64.434795553037617 ], [ -14.770612094604514, 64.435153737355307 ], [ -14.771084601614636, 64.435435018551416 ], [ -14.771718149766839, 64.43567635842075 ], [ -14.772245501716974, 64.435936922361989 ], [ -14.772663214381875, 64.436238912155488 ], [ -14.773022670287428, 64.436583815400979 ], [ -14.773382135271365, 64.436928717767387 ], [ -14.773676461867817, 64.437360935472597 ], [ -14.773826959259019, 64.437722091578763 ], [ -14.774131622068888, 64.43808770639879 ], [ -14.774330077244969, 64.438472548917034 ], [ -14.774751291523986, 64.438752332102183 ], [ -14.775097048712881, 64.439186033010344 ], [ -14.77545657414548, 64.439530930310013 ], [ -14.775761278951173, 64.439896541758614 ], [ -14.77581102869998, 64.441241562819215 ], [ -14.775419920470316, 64.442099961606672 ], [ -14.775063392671921, 64.442401856128342 ], [ -14.774604065256504, 64.44270077762971 ], [ -14.773956347034693, 64.442882749188527 ], [ -14.773599792834929, 64.443184640152083 ], [ -14.773243230751204, 64.443486530249857 ], [ -14.772886660783271, 64.443788419481805 ], [ -14.772142994197699, 64.443923008308317 ], [ -14.771687052183632, 64.444199720043613 ], [ -14.771378411526278, 64.444525293334138 ], [ -14.770922451706756, 64.444802002692711 ], [ -14.770178747833983, 64.444936581542848 ], [ -14.769438481525494, 64.44504895605273 ], [ -14.768790673175994, 64.44523090476244 ], [ -14.768187364898326, 64.445458740027135 ], [ -14.767539538489363, 64.445640683201631 ], [ -14.766751288217122, 64.445729355020859 ], [ -14.7659699284448, 64.445773621633904 ], [ -14.765157855745404, 64.445683191896734 ], [ -14.76434233932051, 64.44561495809657 ], [ -14.763571328137216, 64.445592610577663 ], [ -14.762793417493544, 64.445614659809038 ], [ -14.76201550559359, 64.445636704905951 ], [ -14.761241044072275, 64.445636545499283 ], [ -14.76045277346897, 64.445725183397897 ], [ -14.759630361662587, 64.445701324045089 ], [ -14.758742736020567, 64.445764769661437 ], [ -14.757957907934541, 64.445831193813646 ], [ -14.75745384373789, 64.446084168977492 ], [ -14.756706583179231, 64.446240879655136 ], [ -14.756055205770037, 64.446444972263635 ], [ -14.755277264777471, 64.44646698154861 ], [ -14.75450623696231, 64.446444586277522 ], [ -14.753765865285947, 64.446556881521602 ], [ -14.752977543849656, 64.446645479163891 ], [ -14.752189217297296, 64.446734072560687 ], [ -14.751400885629055, 64.446822661711948 ], [ -14.750657030527174, 64.446957141369992 ], [ -14.749831129109387, 64.446955427076659 ], [ -14.74919405117539, 64.446736192446821 ], [ -14.748615309116925, 64.446474050136302 ], [ -14.747875449993753, 64.446251819290154 ], [ -14.74718007731567, 64.446075480513372 ], [ -14.746481249953662, 64.445921338454752 ], [ -14.745676166071153, 64.445786400591928 ], [ -14.744925954840035, 64.445630754845737 ], [ -14.744182683124308, 64.44543070532329 ], [ -14.743871408075796, 64.445109428019094 ], [ -14.743820596584904, 64.444773434860309 ], [ -14.743872581247555, 64.44444043549872 ], [ -14.743880098918568, 64.44406153932816 ], [ -14.743884150884627, 64.443704843119448 ], [ -14.743788877482947, 64.443322953159253 ], [ -14.743789465048607, 64.442988456916368 ], [ -14.743742123993631, 64.442630263797938 ], [ -14.743639925301592, 64.442292773660199 ], [ -14.743551591325552, 64.441866483661187 ], [ -14.743346613949418, 64.441525999290434 ], [ -14.743501380859529, 64.441195994203056 ], [ -14.744241649394361, 64.441083750899082 ], [ -14.744937449449214, 64.440925607382738 ], [ -14.745444998211029, 64.440650475376415 ], [ -14.745664979091938, 64.440233164362212 ], [ -14.746025266804137, 64.439909141507144 ], [ -14.746190381486112, 64.439512533576917 ], [ -14.746242327239688, 64.43917953342978 ], [ -14.746242884666888, 64.438845037221867 ], [ -14.746144132239426, 64.43848534886466 ], [ -14.745990533644573, 64.438146364315372 ], [ -14.745836938862539, 64.437807379608643 ], [ -14.745631963459985, 64.437466898484089 ], [ -14.745265914775938, 64.43716632794245 ], [ -14.744954721172029, 64.436845053027469 ], [ -14.744427612089797, 64.436584390740464 ], [ -14.744061588486389, 64.436283817194919 ], [ -14.743589345125155, 64.436002448747175 ], [ -14.743387876167059, 64.43563976455485 ], [ -14.743128102296875, 64.435319982819991 ], [ -14.742765575243308, 64.434997206111689 ], [ -14.742457901273532, 64.434653725985498 ], [ -14.742198147668095, 64.434333942610266 ], [ -14.741832178752984, 64.434033363510707 ], [ -14.741630747648559, 64.433670676923313 ], [ -14.741583451048793, 64.43331248321708 ], [ -14.741429938136397, 64.432973493940594 ], [ -14.74127989524519, 64.43261230461917 ], [ -14.741075015623025, 64.43227181717198 ], [ -14.740877074006672, 64.431886929686499 ], [ -14.741285215448542, 64.431586616402257 ], [ -14.741984256209086, 64.431406287090198 ], [ -14.742587472631087, 64.43117855995834 ], [ -14.742756049230884, 64.430759756103583 ], [ -14.743064875443446, 64.430434243353318 ], [ -14.74301410116616, 64.430098250078302 ], [ -14.743069532127793, 64.429743051237921 ], [ -14.742809818052699, 64.429423269003323 ], [ -14.742557039508229, 64.429059086480706 ], [ -14.7419169720523, 64.428862020223491 ], [ -14.74111587926298, 64.428704857452857 ], [ -14.740362696619052, 64.428571388286073 ], [ -14.739663717690547, 64.428751709831602 ], [ -14.739354869974141, 64.42907721538171 ], [ -14.739200121629993, 64.429407215947677 ], [ -14.738374751487353, 64.429405437012377 ], [ -14.73827613676862, 64.429045743464457 ], [ -14.738533629390609, 64.428718741439695 ], [ -14.73848291402633, 64.428382746613309 ], [ -14.73838083359321, 64.428045252967109 ], [ -14.737682517053729, 64.427891068992707 ], [ -14.737223024693654, 64.428189872973022 ], [ -14.736667727042365, 64.42844127716009 ], [ -14.736112419171539, 64.428692679241294 ], [ -14.735691755744963, 64.428412784982612 ], [ -14.735901377083787, 64.428062088079855 ], [ -14.736210254468734, 64.427736589833728 ], [ -14.736265769091233, 64.427381393603639 ], [ -14.735461281971732, 64.42724639963879 ], [ -14.734694283711907, 64.427201700274296 ], [ -14.733909930439582, 64.427267995433297 ], [ -14.733125573361047, 64.427334286386383 ], [ -14.732385631700973, 64.427446473406576 ], [ -14.731590845498879, 64.427579355148694 ], [ -14.730748160441697, 64.427688531450798 ], [ -14.72991589314336, 64.427731104055482 ], [ -14.72914193946076, 64.427730774803848 ], [ -14.728313144503513, 64.427751138692955 ], [ -14.727542667026514, 64.427728601402819 ], [ -14.726775668191673, 64.427683860514492 ], [ -14.725957307001615, 64.427637612435333 ], [ -14.725183356016885, 64.427637262237923 ], [ -14.72448512439702, 64.427483015263476 ], [ -14.724236087424117, 64.427096601636762 ], [ -14.724185550892022, 64.426760601881583 ], [ -14.723826840801301, 64.426415578881176 ], [ -14.723604826442136, 64.426186064396973 ], [ -14.722686352950966, 64.425462248218253 ], [ -14.721961197582266, 64.425151088795147 ], [ -14.721246503223803, 64.424773327562974 ], [ -14.720569259132446, 64.424485865476328 ], [ -14.720364698515219, 64.424145349142947 ], [ -14.720211500339857, 64.423806337732344 ], [ -14.720161019378802, 64.423470336628 ], [ -14.720007827514545, 64.423131325012562 ], [ -14.719957350304739, 64.422795323846415 ], [ -14.719855519540852, 64.422457817355649 ], [ -14.719808527767896, 64.42209961677608 ], [ -14.719860761890716, 64.421766626227381 ], [ -14.720364725462277, 64.421513780782504 ], [ -14.721124578267503, 64.421602954078665 ], [ -14.721898358302429, 64.421603325752343 ], [ -14.722847077129531, 64.421475009598268 ], [ -14.723593854552313, 64.421318471940182 ], [ -14.724439850203646, 64.421187137403095 ], [ -14.725231007490187, 64.421076494047739 ], [ -14.726018681242195, 64.420988045928837 ], [ -14.726854225704042, 64.420923295974177 ], [ -14.727686290446496, 64.420880740801493 ], [ -14.728473950609306, 64.420792279458382 ], [ -14.729261605672809, 64.420703813873004 ], [ -14.730001377596807, 64.420591642685238 ], [ -14.730843846806851, 64.420482470714859 ], [ -14.73158360624477, 64.420370291523767 ], [ -14.732371239078995, 64.420281809190541 ], [ -14.733141510592601, 64.420304321040632 ], [ -14.733911783375083, 64.420326828833325 ], [ -14.734682057426202, 64.420349332568634 ], [ -14.735380164329808, 64.420503530824647 ], [ -14.736136569156454, 64.42061482585089 ], [ -14.736999153283602, 64.420706915826955 ], [ -14.737909628443841, 64.420822699501898 ], [ -14.73888879765256, 64.420828977052537 ], [ -14.739662555982996, 64.420829254731757 ], [ -14.740443245116087, 64.420785128599988 ], [ -14.741254496130351, 64.420875695375898 ], [ -14.742007471034375, 64.421009159913311 ], [ -14.742205349782022, 64.421394045716781 ], [ -14.742197815126529, 64.421772941504187 ], [ -14.742457449333175, 64.422092724735649 ], [ -14.743152181268984, 64.422269085804956 ], [ -14.743932905898978, 64.422224941040966 ], [ -14.744713628006481, 64.422180792109046 ], [ -14.745483963198184, 64.422203238946793 ], [ -14.746254299655288, 64.422225681726758 ], [ -14.747031557820083, 64.422203720417698 ], [ -14.747798435965894, 64.422248355079489 ], [ -14.748565316616734, 64.422292985719935 ], [ -14.749335658133177, 64.422315412268773 ], [ -14.750095627683574, 64.422404435025044 ], [ -14.750735602860392, 64.422601465446704 ], [ -14.751320773299668, 64.422819198926234 ], [ -14.752001755787324, 64.423084318428891 ], [ -14.752689663016744, 64.423305034462473 ], [ -14.753161780641808, 64.423586373408909 ], [ -14.753527734260027, 64.42388692405153 ], [ -14.753835426142443, 64.424230380761927 ], [ -14.754088310329541, 64.424594543725064 ], [ -14.754348110497402, 64.424914305874111 ], [ -14.754755093872822, 64.425282947236099 ], [ -14.75516554227344, 64.425629387259789 ], [ -14.755682181487423, 64.425956611430209 ], [ -14.756075384829105, 64.426414050026139 ], [ -14.756461695047543, 64.426915888057636 ], [ -14.757040098102763, 64.427177999171533 ], [ -14.757289599728599, 64.427564356894848 ], [ -14.757710471323563, 64.427844189016611 ], [ -14.758398544512506, 64.42806487823519 ], [ -14.759031809686915, 64.428306272969962 ], [ -14.759555447533009, 64.428589082881018 ], [ -14.760024276665394, 64.42889260004398 ], [ -14.7604451967317, 64.429172424310153 ], [ -14.760705114834257, 64.429492175218584 ], [ -14.760999160748005, 64.429924418304637 ], [ -14.761152899342314, 64.430263386994625 ], [ -14.761255269378767, 64.430600864753501 ], [ -14.761607608110692, 64.430990196686835 ], [ -14.762059255476538, 64.431404709189152 ], [ -14.762158121312517, 64.431559296799961 ], [ -14.764133549099196, 64.432669096940202 ], [ -14.765985918793222, 64.433369508964731 ], [ -14.768335527832786, 64.433526791572064 ] ] ] ] } },
{ "type": "Feature", "properties": { "fid": 136, "rock_type_unit": "Granite", "name_unit": "Reyðarártindur", "volcanic_system": null, "formation_geology_type": "Intrusion", "feature_type": "Pluton", "geological_age": "Neogene", "geological_group": null, "geological_formation": null, "notes": null, "citation": "Rhodes 2021; 2024; Twomey 2022", "date_reference": null, "date_input": "2026-09-16", "username": "Robert Alexander Askew - NATT", "unit_code": null, "scale_precision": "20", "rock_type": "Granite" }, "geometry": { "type": "MultiPolygon", "coordinates": [ [ [ [ -14.781949894643793, 64.443659261335625 ], [ -14.78016332777355, 64.444083418150896 ], [ -14.779756523689466, 64.444487938482709 ], [ -14.779070783091104, 64.445360136666352 ], [ -14.778997457021163, 64.445833753473892 ], [ -14.779508886025493, 64.4465323913589 ], [ -14.780276359870101, 64.446911352112181 ], [ -14.781217581018703, 64.447057456714816 ], [ -14.781917035224774, 64.446096445005011 ], [ -14.782036107648603, 64.445326815295445 ], [ -14.782530041683994, 64.443913871494587 ], [ -14.782443346740267, 64.443584303230367 ], [ -14.781949894643793, 64.443659261335625 ] ] ] ] } }
]
}
